student_id,current_skills,target_role,projects,experience_level,label_fit
STU01447,Statistics|NumPy|Feature Engineering|Deep Learning,ML Engineer,Mobile App Backend|React Dashboard,Beginner,0
STU01114,SQL|Django/Flask/FastAPI|Message Queues|CI/CD|Python|REST APIs|Authentication/Security|Docker|Deep Learning|Unit Testing,Backend Developer,REST API|Database Schema Design|Web Scraper,Advanced,1
STU01064,SQL|Webpack/Vite|CI/CD|Linux/Bash|Microservices|REST APIs|Docker,Backend Developer,Image Classifier|REST API|Portfolio Website,Intermediate,1
STU02287,NLP|Data Visualization|HTML/CSS|CSS Frameworks|Git,Frontend Developer,Mobile App Backend|Web Scraper,Beginner,0
STU01537,Docker|Model Optimization,ML Engineer,Chatbot,Beginner,0
STU00668,Linux/Bash|REST APIs,Backend Developer,Portfolio Website,Beginner,0
STU01583,SQL|React|Responsive Design|Feature Engineering|Machine Learning|ML Deployment|Statistics|Deep Learning|Docker|MLOps,ML Engineer,,Intermediate,1
STU02404,React|Accessibility (a11y)|Authentication/Security|JavaScript,Frontend Developer,E-commerce Site,Beginner,0
STU00497,A/B Testing|Data Visualization|Accessibility (a11y)|Feature Engineering|Machine Learning|ML Deployment|Scikit-learn|CSS Frameworks,Data Scientist,,Intermediate,1
STU02480,HTML/CSS|Git|Deep Learning|CI/CD,Frontend Developer,,Beginner,0
STU00471,SQL|Data Visualization|Pandas|Machine Learning|ML Deployment|NumPy,Data Scientist,,Intermediate,1
STU00246,SQL|A/B Testing|Data Visualization|Feature Engineering|Python|Machine Learning|ML Deployment|Scikit-learn|MLOps|Statistics|NLP|NumPy|Deep Learning|Authentication/Security,Data Scientist,A/B Test Analysis|ML Classifier|Neural Network,Advanced,1
STU00923,SQL|Microservices|Django/Flask/FastAPI|A/B Testing,Backend Developer,Feature Engineering Pipeline|Model Deployment API|Data Dashboard,Intermediate,0
STU01131,CI/CD|Linux/Bash|Microservices|REST APIs|Database Design|Docker,Backend Developer,Docker Deployment|Chatbot|Image Classifier,Intermediate,1
STU00670,Message Queues|Python|Responsive Design|REST APIs,Backend Developer,A/B Test Analysis|EDA Project,Intermediate,0
STU00916,React|Microservices|Linux/Bash|REST APIs,Backend Developer,,Intermediate,0
STU01414,Pandas,ML Engineer,NLP Sentiment Analysis,Beginner,0
STU01606,Pandas|Model Optimization|Machine Learning|ML Deployment|Scikit-learn|MLOps|Statistics|NumPy|Docker|Deep Learning,ML Engineer,,Advanced,1
STU00402,SQL|Data Visualization|Feature Engineering|Scikit-learn|Statistics|Authentication/Security|NumPy|Deep Learning,Data Scientist,Docker Deployment|Neural Network|Feature Engineering Pipeline,Advanced,1
STU01103,SQL|Database Design|Unit Testing,Backend Developer,Docker Deployment,Beginner,0
STU02072,Webpack/Vite|Testing (Jest/RTL)|Accessibility (a11y)|Microservices|Authentication/Security|Git,Frontend Developer,Image Classifier|Feature Engineering Pipeline|Docker Deployment,Beginner,0
STU00719,SQL|Python|Linux/Bash|REST APIs|Authentication/Security|Message Queues,Backend Developer,,Intermediate,1
STU02011,Performance Optimization|Message Queues|REST APIs,Frontend Developer,A/B Test Analysis,Beginner,0
STU02436,State Management|Accessibility (a11y)|Responsive Design,Frontend Developer,Portfolio Website,Intermediate,0
STU00196,Microservices|Scikit-learn|Pandas,Data Scientist,Model Deployment API,Beginner,0
STU00891,CI/CD|Python|Linux/Bash|Machine Learning|Microservices|REST APIs|Authentication/Security|Git|MLOps,Backend Developer,Database Schema Design,Intermediate,1
STU01264,Responsive Design|Pandas|Model Optimization|Machine Learning|ML Deployment|MLOps|TypeScript|Statistics|NumPy|Docker|Deep Learning,ML Engineer,,Advanced,1
STU01034,SQL|Django/Flask/FastAPI|Performance Optimization|Message Queues|CI/CD|Testing (Jest/RTL)|Python|Linux/Bash|Microservices|REST APIs|Database Design|Authentication/Security|Git|Docker|Unit Testing,Backend Developer,,Advanced,1
STU01325,Machine Learning|ML Deployment|Docker,ML Engineer,Chatbot,Beginner,0
STU00509,SQL|A/B Testing|Data Visualization|Feature Engineering|Machine Learning|NLP|NumPy|Deep Learning,Data Scientist,Portfolio Website|Feature Engineering Pipeline,Advanced,1
STU01427,SQL|Feature Engineering|Python|Machine Learning|ML Deployment|Statistics,ML Engineer,A/B Test Analysis|Portfolio Website|E-commerce Site,Intermediate,1
STU00194,SQL|Scikit-learn,Data Scientist,,Beginner,0
STU01179,Django/Flask/FastAPI|Message Queues|Data Visualization|Linux/Bash|Statistics|Authentication/Security|Docker,Backend Developer,,Intermediate,0
STU02032,ML Deployment|NumPy|TypeScript|JavaScript,Frontend Developer,EDA Project,Beginner,0
STU00932,Authentication/Security|Message Queues,Backend Developer,,Beginner,0
STU01124,Database Design|Deep Learning,Backend Developer,,Beginner,0
STU01822,Model Optimization|Machine Learning|Statistics|Git|Docker,ML Engineer,NLP Sentiment Analysis|React Dashboard|Feature Engineering Pipeline,Beginner,1
STU01366,Accessibility (a11y)|Feature Engineering|Model Optimization|Machine Learning|ML Deployment|Scikit-learn|Statistics|NumPy|MLOps,ML Engineer,Mobile App Backend|React Dashboard,Intermediate,1
STU01992,React|Accessibility (a11y)|Git|NLP,Frontend Developer,React Dashboard,Intermediate,1
STU01258,Statistics|Feature Engineering|Pandas,ML Engineer,Model Deployment API|React Dashboard,Intermediate,0
STU02274,React|Responsive Design|TypeScript|REST APIs|Statistics|Git|JavaScript,Frontend Developer,REST API,Intermediate,1
STU01273,Pandas|Python|Model Optimization|NumPy|Machine Learning|Scikit-learn|Statistics|Deep Learning|Docker|MLOps,ML Engineer,EDA Project,Advanced,1
STU01936,Webpack/Vite|State Management|Django/Flask/FastAPI|MLOps,Frontend Developer,Database Schema Design|Chatbot,Beginner,0
STU01266,SQL|Pandas|Model Optimization|Machine Learning|ML Deployment|Statistics|Deep Learning|Docker|MLOps|JavaScript,ML Engineer,,Advanced,1
STU00772,SQL|Docker|Python|Microservices|Database Design|NLP|Git|Django/Flask/FastAPI,Backend Developer,NLP Sentiment Analysis,Intermediate,0
STU01608,Model Optimization,ML Engineer,Model Deployment API|EDA Project,Beginner,1
STU01311,Pandas|Python|Machine Learning|ML Deployment|Scikit-learn|MLOps,ML Engineer,Feature Engineering Pipeline|Docker Deployment|Model Deployment API,Intermediate,1
STU00134,SQL|Testing (Jest/RTL)|Scikit-learn|Statistics|Deep Learning,Data Scientist,,Beginner,0
STU01855,SQL|Scikit-learn|Docker|Model Optimization,ML Engineer,Feature Engineering Pipeline|Data Dashboard,Beginner,1
STU02399,Webpack/Vite|Responsive Design|Testing (Jest/RTL)|Accessibility (a11y)|State Management|TypeScript|REST APIs|Database Design|CSS Frameworks|Git|Django/Flask/FastAPI|JavaScript,Frontend Developer,Image Classifier,Advanced,1
STU00420,State Management|Scikit-learn|NumPy,Data Scientist,,Beginner,0
STU01755,Webpack/Vite|Model Optimization|ML Deployment|Scikit-learn|HTML/CSS|Statistics|Docker|Deep Learning,ML Engineer,Chatbot|NLP Sentiment Analysis,Intermediate,1
STU00707,SQL|Authentication/Security|Message Queues|CI/CD,Backend Developer,Mobile App Backend,Intermediate,1
STU00093,Performance Optimization|Data Visualization|Python|Scikit-learn|Git,Data Scientist,Chatbot|Recommendation System|REST API,Intermediate,1
STU00056,A/B Testing|Data Visualization|Python|Machine Learning|Scikit-learn|Statistics|NLP|Deep Learning,Data Scientist,Docker Deployment|Portfolio Website,Advanced,1
STU00218,React|Feature Engineering|Pandas|ML Deployment|NLP|NumPy|Message Queues|Deep Learning,Data Scientist,REST API|React Dashboard,Intermediate,1
STU01036,SQL|Webpack/Vite|React|Python|Linux/Bash|REST APIs|Message Queues,Backend Developer,ML Classifier|Image Classifier|Web Scraper,Intermediate,0
STU01293,Feature Engineering|Python|Model Optimization|Git|MLOps|Scikit-learn|ML Deployment|Statistics|Authentication/Security|NumPy|Docker|Deep Learning,ML Engineer,,Advanced,1
STU01952,React|Webpack/Vite|Performance Optimization|Responsive Design|Testing (Jest/RTL)|Accessibility (a11y)|State Management|ML Deployment|TypeScript|REST APIs|HTML/CSS|CSS Frameworks|Git|JavaScript,Frontend Developer,A/B Test Analysis|Recommendation System|Web Scraper,Advanced,1
STU01449,Machine Learning|Python|Model Optimization,ML Engineer,ML Classifier,Intermediate,1
STU02359,Webpack/Vite|React|Performance Optimization|Responsive Design|Testing (Jest/RTL)|Accessibility (a11y)|State Management|ML Deployment|TypeScript|REST APIs|HTML/CSS|CSS Frameworks|Git|Authentication/Security|JavaScript,Frontend Developer,Database Schema Design|Feature Engineering Pipeline,Advanced,1
STU01465,Message Queues|Deep Learning,ML Engineer,TypeScript App,Beginner,0
STU00298,SQL|NLP,Data Scientist,Feature Engineering Pipeline|Neural Network|NLP Sentiment Analysis,Beginner,1
STU02177,Webpack/Vite|React|Responsive Design|Accessibility (a11y)|Machine Learning|TypeScript|CSS Frameworks|Deep Learning,Frontend Developer,Database Schema Design,Intermediate,1
STU00178,Machine Learning|Database Design|HTML/CSS,Data Scientist,Image Classifier|Mobile App Backend,Beginner,0
STU01187,SQL|Django/Flask/FastAPI|Docker|CI/CD|Pandas|Python|Linux/Bash|Microservices|REST APIs|HTML/CSS|Database Design|Authentication/Security|Git|Message Queues|Unit Testing,Backend Developer,E-commerce Site|Image Classifier|Data Dashboard,Advanced,1
STU01472,SQL|Deep Learning|Feature Engineering|Python|Model Optimization|Pandas|Machine Learning|ML Deployment|Scikit-learn|REST APIs|Statistics|NumPy|Docker|MLOps,ML Engineer,,Advanced,1
STU00188,Feature Engineering|Pandas|Python|Model Optimization|Machine Learning|ML Deployment|Scikit-learn|Statistics|NLP|NumPy,Data Scientist,Web Scraper|Database Schema Design|Mobile App Backend,Advanced,1
STU00572,Statistics|NLP|Deep Learning,Data Scientist,Database Schema Design|Docker Deployment,Intermediate,0
STU00433,Performance Optimization|Machine Learning|Scikit-learn|Statistics|NLP|NumPy|Message Queues|Deep Learning,Data Scientist,,Advanced,1
STU00518,Machine Learning|Pandas|MLOps|Responsive Design,Data Scientist,TypeScript App|React Dashboard|Docker Deployment,Beginner,0
STU02346,React|REST APIs,Frontend Developer,Model Deployment API|Web Scraper,Beginner,0
STU02271,React|Webpack/Vite|Microservices|TypeScript|CSS Frameworks,Frontend Developer,EDA Project,Beginner,0
STU01084,SQL|Django/Flask/FastAPI|Message Queues|CI/CD|Python|Linux/Bash|Microservices|REST APIs|Git|Docker|Unit Testing,Backend Developer,Chatbot|Database Schema Design|Mobile App Backend,Advanced,1
STU01288,SQL|Statistics|ML Deployment|Docker,ML Engineer,,Intermediate,0
STU01123,SQL|Django/Flask/FastAPI|CI/CD|Microservices|Statistics|Database Design|Authentication/Security|Git|Docker|Unit Testing,Backend Developer,Database Schema Design|Web Scraper|E-commerce Site,Advanced,1
STU01341,ML Deployment|NumPy|Feature Engineering|Model Optimization,ML Engineer,,Beginner,0
STU02256,React|Performance Optimization|Accessibility (a11y)|State Management|REST APIs|HTML/CSS|JavaScript,Frontend Developer,,Intermediate,1
STU01490,SQL|Feature Engineering|Machine Learning|ML Deployment|Statistics|CSS Frameworks|Message Queues|MLOps,ML Engineer,,Intermediate,0
STU00043,Data Visualization|Pandas|Python|Docker,Data Scientist,Data Dashboard|Chatbot|REST API,Beginner,1
STU01878,React|Webpack/Vite|Testing (Jest/RTL)|State Management|MLOps|TypeScript|Git|Deep Learning|JavaScript,Frontend Developer,Chatbot,Intermediate,1
STU00450,SQL|A/B Testing|Data Visualization|Pandas|Python|Feature Engineering|Machine Learning|MLOps|Scikit-learn|Statistics|NLP|NumPy|Deep Learning,Data Scientist,Chatbot|Data Dashboard|ML Classifier,Advanced,1
STU02045,Accessibility (a11y)|Django/Flask/FastAPI|Python,Frontend Developer,EDA Project|Recommendation System|NLP Sentiment Analysis,Beginner,0
STU00044,Data Visualization|Feature Engineering|TypeScript|NumPy|Deep Learning|JavaScript,Data Scientist,EDA Project,Intermediate,0
STU01283,ML Deployment,ML Engineer,Model Deployment API|React Dashboard,Beginner,0
STU01967,Accessibility (a11y)|Unit Testing|Responsive Design|REST APIs,Frontend Developer,A/B Test Analysis|Mobile App Backend|Chatbot,Intermediate,0
STU02090,React|Accessibility (a11y)|Responsive Design,Frontend Developer,,Beginner,0
STU00254,React|Feature Engineering|Model Optimization|Machine Learning|Statistics,Data Scientist,REST API|Feature Engineering Pipeline,Intermediate,1
STU01945,Webpack/Vite|React|Responsive Design|Testing (Jest/RTL)|Python|State Management|REST APIs|HTML/CSS|CSS Frameworks|JavaScript,Frontend Developer,Model Deployment API|Feature Engineering Pipeline,Advanced,1
STU01874,SQL|Feature Engineering|Python|Model Optimization|Machine Learning|ML Deployment|Scikit-learn|MLOps|HTML/CSS|Statistics|NumPy|Docker|Deep Learning,ML Engineer,ML Classifier|Image Classifier|Database Schema Design,Advanced,1
STU01862,SQL|Performance Optimization|Testing (Jest/RTL)|Python|Machine Learning|ML Deployment|Scikit-learn|NumPy|Docker|Deep Learning,ML Engineer,REST API|Database Schema Design|TypeScript App,Intermediate,1
STU00564,SQL|A/B Testing|HTML/CSS|Statistics|NumPy,Data Scientist,E-commerce Site,Beginner,0
STU00212,CI/CD|Scikit-learn|Statistics|NLP|NumPy,Data Scientist,,Beginner,0
STU00866,Unit Testing,Backend Developer,REST API,Beginner,0
STU00742,Authentication/Security|Feature Engineering|CI/CD|REST APIs,Backend Developer,Feature Engineering Pipeline|Chatbot,Beginner,0
STU01251,SQL|Feature Engineering|Python|MLOps|Statistics|Docker|Deep Learning,ML Engineer,Chatbot,Intermediate,1
STU01047,SQL|Django/Flask/FastAPI|Message Queues|Linux/Bash|Database Design|Authentication/Security|Docker|Unit Testing,Backend Developer,,Intermediate,1
STU01736,SQL|Feature Engineering|Machine Learning|Statistics|MLOps,ML Engineer,Web Scraper|Chatbot,Intermediate,1
STU01017,Message Queues|Testing (Jest/RTL)|Python|Microservices|TypeScript|Authentication/Security|Git|Docker,Backend Developer,Chatbot,Intermediate,0
STU00170,Data Visualization|Pandas|Machine Learning|ML Deployment|Statistics|NLP,Data Scientist,,Advanced,1
STU02096,Webpack/Vite|React|Performance Optimization|Responsive Design|Testing (Jest/RTL)|State Management|TypeScript|REST APIs|HTML/CSS|CSS Frameworks|Git|Docker|JavaScript,Frontend Developer,E-commerce Site|REST API,Advanced,1
STU02487,Performance Optimization|Testing (Jest/RTL)|TypeScript|REST APIs|HTML/CSS|CSS Frameworks|Git|Unit Testing|JavaScript,Frontend Developer,,Intermediate,1
STU02217,Webpack/Vite|React|Performance Optimization|Responsive Design|Testing (Jest/RTL)|Accessibility (a11y)|Python|Microservices|TypeScript|REST APIs|HTML/CSS|CSS Frameworks|Git|JavaScript,Frontend Developer,Web Scraper,Advanced,1
STU01797,SQL|Python|Scikit-learn|Statistics|NLP|Message Queues,ML Engineer,Web Scraper,Beginner,0
STU00544,SQL|A/B Testing|Feature Engineering|Python|Machine Learning|ML Deployment|Deep Learning,Data Scientist,,Advanced,1
STU01221,Message Queues|Docker|Data Visualization|Python|Linux/Bash|Microservices|Authentication/Security|Django/Flask/FastAPI|Deep Learning,Backend Developer,React Dashboard|Mobile App Backend|Web Scraper,Intermediate,1
STU00463,SQL|CI/CD|Feature Engineering|Python|Pandas|Scikit-learn|Statistics|NumPy,Data Scientist,Database Schema Design|EDA Project,Advanced,1
STU00988,NumPy|Git|Django/Flask/FastAPI|Linux/Bash,Backend Developer,Portfolio Website|Web Scraper|Database Schema Design,Beginner,1
STU01321,Statistics|Scikit-learn|Pandas|Linux/Bash,ML Engineer,TypeScript App,Intermediate,0
STU00602,Python|Scikit-learn|A/B Testing,Data Scientist,Neural Network|ML Classifier,Beginner,1
STU01336,SQL|Pandas|Python|Model Optimization|ML Deployment|Scikit-learn|MLOps|Statistics|Deep Learning,ML Engineer,,Advanced,1
STU02339,React|Responsive Design|Testing (Jest/RTL)|Accessibility (a11y)|TypeScript|Git|JavaScript,Frontend Developer,TypeScript App|Portfolio Website,Intermediate,1
STU01260,SQL|Performance Optimization|Python|Model Optimization|Machine Learning|ML Deployment|Scikit-learn|MLOps|State Management|Statistics|NumPy|Docker|Deep Learning,ML Engineer,Feature Engineering Pipeline|Recommendation System|NLP Sentiment Analysis,Advanced,1
STU02114,Testing (Jest/RTL)|CSS Frameworks|JavaScript|REST APIs,Frontend Developer,,Beginner,0
STU00807,Database Design|Authentication/Security|Message Queues|Performance Optimization,Backend Developer,NLP Sentiment Analysis|Database Schema Design,Beginner,0
STU00886,Webpack/Vite|Authentication/Security|Scikit-learn|Message Queues,Backend Developer,Mobile App Backend,Beginner,0
STU01582,SQL|Linux/Bash|NumPy|Machine Learning,ML Engineer,TypeScript App|Image Classifier,Beginner,0
STU01614,Django/Flask/FastAPI|Deep Learning|Feature Engineering|MLOps,ML Engineer,Feature Engineering Pipeline|Image Classifier|A/B Test Analysis,Intermediate,1
STU01837,Feature Engineering|Python|Pandas|State Management|Scikit-learn|Statistics|Message Queues|MLOps,ML Engineer,TypeScript App|Mobile App Backend,Advanced,1
STU01873,Data Visualization|Pandas|Python|Machine Learning|ML Deployment|TypeScript|NumPy|MLOps,ML Engineer,,Intermediate,1
STU00282,SQL|A/B Testing|Data Visualization|Feature Engineering|Python|Pandas|Machine Learning|ML Deployment|Scikit-learn|Statistics|NLP|NumPy|Message Queues|Deep Learning,Data Scientist,,Advanced,1
STU00210,A/B Testing|Responsive Design|Data Visualization|Feature Engineering|Python|Pandas|Machine Learning|Scikit-learn|Deep Learning|Unit Testing,Data Scientist,Web Scraper|Feature Engineering Pipeline,Intermediate,1
STU00111,SQL|Webpack/Vite|React|A/B Testing|Pandas|Scikit-learn|Deep Learning,Data Scientist,,Intermediate,0
STU01920,Responsive Design|State Management|HTML/CSS|CSS Frameworks|Git,Frontend Developer,ML Classifier,Intermediate,0
STU02165,State Management,Frontend Developer,,Beginner,0
STU00457,Testing (Jest/RTL)|Statistics|ML Deployment|Python,Data Scientist,Feature Engineering Pipeline|REST API,Beginner,1
STU00819,SQL,Backend Developer,Portfolio Website,Beginner,0
STU02184,Testing (Jest/RTL),Frontend Developer,Feature Engineering Pipeline,Beginner,0
STU01655,Statistics|Authentication/Security,ML Engineer,,Beginner,0
STU00252,SQL|Statistics,Data Scientist,NLP Sentiment Analysis|Model Deployment API,Beginner,1
STU00251,SQL|Data Visualization|Feature Engineering|Python|ML Deployment|Scikit-learn|Statistics|NLP,Data Scientist,Mobile App Backend|Feature Engineering Pipeline,Intermediate,1
STU01539,ML Deployment|Deep Learning|JavaScript,ML Engineer,Feature Engineering Pipeline,Beginner,0
STU02129,Data Visualization|Accessibility (a11y),Frontend Developer,Docker Deployment|Database Schema Design,Beginner,0
STU01926,Testing (Jest/RTL)|Database Design,Frontend Developer,,Beginner,0
STU01018,SQL|Message Queues|CI/CD|Python|Git|Django/Flask/FastAPI|Unit Testing,Backend Developer,Data Dashboard|Web Scraper,Intermediate,1
STU00422,Feature Engineering|Pandas|Machine Learning|ML Deployment|Scikit-learn|Database Design,Data Scientist,React Dashboard,Intermediate,0
STU01175,CSS Frameworks|CI/CD|Testing (Jest/RTL)|Microservices|Authentication/Security|Git,Backend Developer,TypeScript App,Intermediate,0
STU00620,Statistics|Deep Learning|A/B Testing,Data Scientist,NLP Sentiment Analysis|EDA Project|ML Classifier,Beginner,1
STU00173,Machine Learning|Testing (Jest/RTL)|Scikit-learn|Deep Learning,Data Scientist,E-commerce Site,Beginner,0
STU00486,Statistics|NumPy|Python,Data Scientist,Mobile App Backend|NLP Sentiment Analysis|Chatbot,Beginner,1
STU01985,Webpack/Vite|REST APIs,Frontend Developer,Feature Engineering Pipeline|Recommendation System,Beginner,0
STU01080,Django/Flask/FastAPI|Message Queues|Microservices|TypeScript|REST APIs|Authentication/Security|Docker|Unit Testing,Backend Developer,Feature Engineering Pipeline,Intermediate,1
STU01117,SQL|Docker|CI/CD|Testing (Jest/RTL)|Python|Linux/Bash|Microservices|Django/Flask/FastAPI,Backend Developer,Data Dashboard|Neural Network,Intermediate,1
STU01357,SQL|Deep Learning|Performance Optimization|Pandas|Python|Machine Learning|ML Deployment|State Management|Statistics|NumPy|MLOps,ML Engineer,NLP Sentiment Analysis,Advanced,1
STU01041,SQL|CSS Frameworks|CI/CD|Python|Microservices|REST APIs|Database Design|Authentication/Security|Git|Message Queues|Unit Testing,Backend Developer,Neural Network,Advanced,1
STU01090,SQL|Django/Flask/FastAPI|A/B Testing|Docker|Python|Authentication/Security|Message Queues|Unit Testing,Backend Developer,TypeScript App|Mobile App Backend|A/B Test Analysis,Advanced,1
STU01355,Performance Optimization|Feature Engineering|Authentication/Security|NumPy|Deep Learning,ML Engineer,TypeScript App|Portfolio Website,Intermediate,0
STU00211,SQL|Responsive Design|Pandas|NumPy|Django/Flask/FastAPI|Deep Learning,Data Scientist,Neural Network,Beginner,0
STU00613,SQL|Data Visualization|Feature Engineering|Pandas|Scikit-learn|Statistics|NLP|NumPy|Message Queues|Deep Learning,Data Scientist,Image Classifier,Advanced,1
STU02149,React|Performance Optimization|Linux/Bash|Database Design|Git,Frontend Developer,Recommendation System|Model Deployment API,Intermediate,0
STU00464,A/B Testing|Pandas|Scikit-learn|NLP|Message Queues|MLOps,Data Scientist,React Dashboard|Chatbot|E-commerce Site,Intermediate,0
STU01467,Feature Engineering|Git|Model Optimization|Machine Learning|MLOps|Scikit-learn|NumPy|Deep Learning,ML Engineer,Mobile App Backend|React Dashboard|Chatbot,Intermediate,1
STU00554,SQL|A/B Testing|State Management|Statistics|JavaScript,Data Scientist,Portfolio Website,Intermediate,0
STU00907,Database Design|Message Queues,Backend Developer,A/B Test Analysis|Recommendation System|Model Deployment API,Beginner,0
STU00993,SQL|Django/Flask/FastAPI|Message Queues|CI/CD|Python|Linux/Bash|Microservices|REST APIs|Database Design|Authentication/Security|Git|Docker|Unit Testing,Backend Developer,NLP Sentiment Analysis|EDA Project|A/B Test Analysis,Advanced,1
STU01968,HTML/CSS|React|Webpack/Vite|JavaScript,Frontend Developer,Database Schema Design,Intermediate,0
STU01788,Machine Learning|Performance Optimization|Pandas,ML Engineer,Portfolio Website|Database Schema Design|Data Dashboard,Beginner,0
STU01598,SQL|Testing (Jest/RTL)|Feature Engineering|REST APIs|Statistics|NumPy|Docker|Deep Learning,ML Engineer,ML Classifier|E-commerce Site,Advanced,1
STU00096,SQL|Python,Data Scientist,Docker Deployment|Feature Engineering Pipeline,Beginner,0
STU01964,Webpack/Vite|A/B Testing,Frontend Developer,E-commerce Site|Portfolio Website|Docker Deployment,Beginner,1
STU01364,ML Deployment|Statistics|NLP|NumPy|JavaScript,ML Engineer,ML Classifier|Mobile App Backend|Web Scraper,Intermediate,1
STU01924,Webpack/Vite|CSS Frameworks|Responsive Design|State Management,Frontend Developer,Data Dashboard|Image Classifier,Intermediate,0
STU00611,A/B Testing|Pandas|Feature Engineering|Machine Learning|ML Deployment|Scikit-learn|NumPy|Deep Learning,Data Scientist,Docker Deployment|Image Classifier,Intermediate,1
STU00445,SQL|A/B Testing|Data Visualization|Pandas|Python|Machine Learning|ML Deployment|Scikit-learn|Statistics|NumPy,Data Scientist,TypeScript App|E-commerce Site,Advanced,1
STU00237,Statistics|Pandas|Linux/Bash,Data Scientist,Chatbot,Beginner,1
STU02310,Webpack/Vite|Accessibility (a11y)|Feature Engineering|Pandas|Git|JavaScript,Frontend Developer,Chatbot|Model Deployment API|Data Dashboard,Intermediate,0
STU00873,SQL|Accessibility (a11y)|REST APIs|Database Design|Authentication/Security|Git|Django/Flask/FastAPI|MLOps,Backend Developer,Portfolio Website,Advanced,1
STU02497,State Management|Git|Microservices|Performance Optimization,Frontend Developer,React Dashboard|Chatbot,Beginner,1
STU02054,Webpack/Vite|CSS Frameworks|Git|JavaScript,Frontend Developer,,Intermediate,0
STU01673,HTML/CSS|Python|Responsive Design,ML Engineer,Web Scraper,Beginner,0
STU02122,Testing (Jest/RTL)|Database Design|MLOps,Frontend Developer,Recommendation System,Beginner,0
STU00839,CI/CD|Python|Linux/Bash|Authentication/Security|Git|Docker|Unit Testing,Backend Developer,NLP Sentiment Analysis|Web Scraper|TypeScript App,Advanced,1
STU00581,Responsive Design|Data Visualization|Statistics|CSS Frameworks|NumPy|Deep Learning,Data Scientist,Docker Deployment,Beginner,0
STU01281,Django/Flask/FastAPI|A/B Testing|Pandas|Python|Model Optimization|Machine Learning|Scikit-learn|Docker|Deep Learning,ML Engineer,Neural Network|E-commerce Site|REST API,Intermediate,1
STU00979,Unit Testing,Backend Developer,,Beginner,0
STU00790,Docker|Django/Flask/FastAPI|Accessibility (a11y)|CI/CD,Backend Developer,Docker Deployment|Model Deployment API|A/B Test Analysis,Intermediate,0
STU00841,Webpack/Vite|React|CI/CD|Database Design|Authentication/Security|Docker,Backend Developer,Image Classifier|ML Classifier,Beginner,0
STU00482,Database Design|NumPy|TypeScript,Data Scientist,A/B Test Analysis|React Dashboard|Model Deployment API,Beginner,0
STU01910,CSS Frameworks|Responsive Design,Frontend Developer,ML Classifier|Database Schema Design,Beginner,0
STU00621,Testing (Jest/RTL)|Feature Engineering|Machine Learning|Microservices|NumPy,Data Scientist,Neural Network|Recommendation System|Model Deployment API,Beginner,1
STU01502,SQL|Python|ML Deployment|Scikit-learn|MLOps|NumPy|Django/Flask/FastAPI|Deep Learning,ML Engineer,Neural Network,Intermediate,1
STU00332,Pandas,Data Scientist,EDA Project|A/B Test Analysis,Beginner,0
STU00478,Deep Learning,Data Scientist,Image Classifier|Docker Deployment|ML Classifier,Beginner,1
STU01494,Responsive Design|Pandas|CSS Frameworks|NumPy|Docker,ML Engineer,ML Classifier|E-commerce Site|Image Classifier,Beginner,1
STU00507,SQL|Feature Engineering|Pandas|ML Deployment|Scikit-learn|NumPy|JavaScript,Data Scientist,,Advanced,1
STU01450,SQL|A/B Testing|Pandas|Python|NumPy|Scikit-learn|Deep Learning|Docker|MLOps|JavaScript,ML Engineer,E-commerce Site,Intermediate,1
STU02423,React|Testing (Jest/RTL)|State Management|REST APIs|HTML/CSS|CSS Frameworks,Frontend Developer,TypeScript App|Recommendation System,Intermediate,1
STU00643,SQL|CI/CD|Python|REST APIs|Database Design|Message Queues,Backend Developer,Docker Deployment,Advanced,1
STU00480,Responsive Design|Data Visualization|Feature Engineering|Machine Learning|State Management,Data Scientist,TypeScript App,Beginner,0
STU01455,Machine Learning|ML Deployment|Feature Engineering|Model Optimization,ML Engineer,,Intermediate,0
STU02394,Responsive Design|REST APIs,Frontend Developer,Database Schema Design|NLP Sentiment Analysis|E-commerce Site,Beginner,0
STU01011,SQL|Authentication/Security|CI/CD|Linux/Bash,Backend Developer,Chatbot|Model Deployment API|Docker Deployment,Intermediate,1
STU00764,Python|Linux/Bash|Microservices|REST APIs|Authentication/Security|Docker,Backend Developer,Image Classifier,Intermediate,0
STU01289,Model Optimization|Machine Learning|REST APIs|Docker|MLOps,ML Engineer,Data Dashboard|REST API,Beginner,1
STU01223,SQL|CI/CD|Python|Authentication/Security|Git|Django/Flask/FastAPI,Backend Developer,Portfolio Website|REST API,Advanced,1
STU01333,SQL|Data Visualization|Feature Engineering|Python|Model Optimization|MLOps|Scikit-learn|Docker|Deep Learning,ML Engineer,Recommendation System|EDA Project,Intermediate,1
STU00617,SQL|A/B Testing|Pandas|Python|Feature Engineering|Machine Learning|ML Deployment|Scikit-learn|Statistics|NLP|NumPy|Deep Learning,Data Scientist,Mobile App Backend|E-commerce Site|Data Dashboard,Advanced,1
STU00521,Scikit-learn,Data Scientist,Data Dashboard|Recommendation System,Beginner,1
STU00582,SQL|Python|Machine Learning|ML Deployment|Scikit-learn|NumPy|Unit Testing,Data Scientist,,Intermediate,1
STU01058,SQL|Message Queues|CI/CD|Python|Linux/Bash|Microservices|REST APIs|Database Design|Authentication/Security|Git|Django/Flask/FastAPI|Unit Testing|JavaScript,Backend Developer,Chatbot|Web Scraper|Docker Deployment,Advanced,1
STU01406,SQL|Machine Learning|ML Deployment|Authentication/Security|NumPy|MLOps,ML Engineer,,Intermediate,0
STU00296,A/B Testing|Data Visualization|Testing (Jest/RTL)|Feature Engineering|Python|Machine Learning|ML Deployment|Scikit-learn|Statistics|NLP|Docker|Deep Learning,Data Scientist,NLP Sentiment Analysis|Feature Engineering Pipeline|E-commerce Site,Advanced,1
STU02442,React|Performance Optimization|Accessibility (a11y)|Feature Engineering|TypeScript|REST APIs|HTML/CSS|Git|Unit Testing,Frontend Developer,,Intermediate,0
STU01061,Message Queues|REST APIs,Backend Developer,React Dashboard|TypeScript App|ML Classifier,Beginner,0
STU00857,Machine Learning|Microservices|MLOps,Backend Developer,Database Schema Design,Beginner,0
STU01692,Responsive Design|Pandas|Model Optimization|MLOps|Scikit-learn|HTML/CSS|Statistics|NumPy|Docker|Deep Learning,ML Engineer,Model Deployment API,Intermediate,1
STU00407,SQL|A/B Testing|Data Visualization|Machine Learning|Scikit-learn|Statistics|NLP|Unit Testing,Data Scientist,,Intermediate,1
STU01078,SQL|Git|Docker|CI/CD,Backend Developer,,Intermediate,0
STU01083,SQL|Django/Flask/FastAPI|Message Queues|CI/CD|Python|Microservices|Database Design|Authentication/Security|Docker|Unit Testing,Backend Developer,Feature Engineering Pipeline,Advanced,1
STU00168,SQL|A/B Testing|Data Visualization|Feature Engineering|Pandas|Python|Linux/Bash|Machine Learning|ML Deployment|Scikit-learn|Statistics|NLP|NumPy|Deep Learning|JavaScript,Data Scientist,E-commerce Site,Advanced,1
STU02180,Webpack/Vite|React|Performance Optimization|A/B Testing|Responsive Design|Testing (Jest/RTL)|Accessibility (a11y)|State Management|Scikit-learn|TypeScript|REST APIs|HTML/CSS|CSS Frameworks|Git|JavaScript,Frontend Developer,Recommendation System|Database Schema Design,Advanced,1
STU00239,Data Visualization|ML Deployment|Pandas,Data Scientist,Neural Network,Beginner,1
STU02305,React|Webpack/Vite|Performance Optimization|Responsive Design|Testing (Jest/RTL)|Data Visualization|Accessibility (a11y)|Machine Learning|State Management|TypeScript|REST APIs|HTML/CSS|CSS Frameworks|Git|JavaScript,Frontend Developer,ML Classifier|Model Deployment API|Recommendation System,Advanced,1
STU01997,React|Performance Optimization|Responsive Design|Testing (Jest/RTL)|Machine Learning|Scikit-learn|CSS Frameworks|Git,Frontend Developer,,Advanced,0
STU01901,React|Performance Optimization|Testing (Jest/RTL)|Database Design|Git,Frontend Developer,TypeScript App|Docker Deployment,Intermediate,1
STU01050,Message Queues|CI/CD|Microservices|REST APIs|Database Design|Docker|Unit Testing,Backend Developer,,Intermediate,0
STU01912,HTML/CSS|State Management|Git|ML Deployment,Frontend Developer,,Intermediate,0
STU01867,Deep Learning|Python|Machine Learning|Scikit-learn|Statistics|NumPy|Docker|MLOps,ML Engineer,Web Scraper,Intermediate,1
STU02095,Webpack/Vite|React|Performance Optimization|Responsive Design|Testing (Jest/RTL)|State Management|TypeScript|REST APIs|CSS Frameworks|NumPy|JavaScript,Frontend Developer,Data Dashboard|EDA Project|REST API,Advanced,1
STU00522,SQL|Data Visualization|Pandas|Python|Machine Learning|ML Deployment|Scikit-learn|Authentication/Security,Data Scientist,,Intermediate,1
STU01737,ML Deployment|Scikit-learn|TypeScript|CSS Frameworks|Docker|Deep Learning,ML Engineer,,Intermediate,0
STU02472,Webpack/Vite|Accessibility (a11y)|State Management|Database Design|HTML/CSS|Statistics|Git|JavaScript,Frontend Developer,TypeScript App,Intermediate,1
STU01847,Performance Optimization|Machine Learning|MLOps|NumPy|Deep Learning,ML Engineer,ML Classifier|NLP Sentiment Analysis|Feature Engineering Pipeline,Intermediate,1
STU02368,Responsive Design|Testing (Jest/RTL)|Model Optimization|Docker|JavaScript,Frontend Developer,React Dashboard|Web Scraper,Beginner,0
STU02249,React|Testing (Jest/RTL)|Performance Optimization|CSS Frameworks,Frontend Developer,Image Classifier|Docker Deployment|REST API,Intermediate,0
STU01883,SQL|Performance Optimization|Testing (Jest/RTL)|HTML/CSS|CSS Frameworks|Git|JavaScript,Frontend Developer,Portfolio Website|Recommendation System,Advanced,1
STU01511,SQL|Pandas|Feature Engineering|Python|Machine Learning|Scikit-learn|Authentication/Security|NumPy|MLOps,ML Engineer,Feature Engineering Pipeline,Advanced,1
STU01459,SQL|Testing (Jest/RTL)|Pandas|Python|Model Optimization|Machine Learning|MLOps|Scikit-learn|ML Deployment|TypeScript|Statistics|NumPy|Docker|Deep Learning,ML Engineer,Web Scraper|NLP Sentiment Analysis|TypeScript App,Advanced,1
STU01938,Authentication/Security|JavaScript,Frontend Developer,Data Dashboard|Portfolio Website|Image Classifier,Beginner,0
STU01723,SQL|Pandas|Python|Model Optimization|Feature Engineering|Machine Learning|Linux/Bash|ML Deployment|MLOps|Scikit-learn|Statistics|Docker|Deep Learning,ML Engineer,Web Scraper,Advanced,1
STU02025,React|Statistics|Git|Linux/Bash,Frontend Developer,ML Classifier,Beginner,0
STU01607,SQL|Deep Learning|Accessibility (a11y)|Pandas|Python|Machine Learning|Scikit-learn|Authentication/Security|NumPy|MLOps,ML Engineer,,Intermediate,1
STU01977,Testing (Jest/RTL)|Scikit-learn|TypeScript|REST APIs|JavaScript,Frontend Developer,Mobile App Backend,Intermediate,0
STU00508,NumPy|Pandas,Data Scientist,NLP Sentiment Analysis|Recommendation System,Beginner,0
STU00632,SQL|Message Queues|CI/CD|Linux/Bash|Microservices|Django/Flask/FastAPI|Unit Testing,Backend Developer,Docker Deployment|Image Classifier|A/B Test Analysis,Advanced,1
STU00915,Authentication/Security|Git|Unit Testing,Backend Developer,React Dashboard,Beginner,0
STU00259,SQL|A/B Testing|Data Visualization|Pandas|Python|Feature Engineering|Machine Learning,Data Scientist,NLP Sentiment Analysis|Image Classifier|Mobile App Backend,Intermediate,1
STU01395,Pandas|Python|Model Optimization|HTML/CSS|Statistics|NumPy|Django/Flask/FastAPI,ML Engineer,Docker Deployment,Intermediate,1
STU02295,React|Webpack/Vite|Performance Optimization|Responsive Design|Feature Engineering|State Management|TypeScript|CSS Frameworks|Unit Testing|JavaScript,Frontend Developer,Recommendation System|REST API,Intermediate,1
STU02321,Performance Optimization|Responsive Design|HTML/CSS|CSS Frameworks|Git,Frontend Developer,REST API|NLP Sentiment Analysis,Intermediate,0
STU00802,CI/CD|Python|REST APIs|Database Design|Authentication/Security|Git|MLOps|Unit Testing,Backend Developer,,Advanced,1
STU01935,React|Responsive Design|Accessibility (a11y)|REST APIs|HTML/CSS|CSS Frameworks|Git|JavaScript,Frontend Developer,Neural Network|TypeScript App,Advanced,1
STU01196,SQL|Message Queues|Docker|Data Visualization|Linux/Bash|Microservices|REST APIs|Database Design|Authentication/Security|Git|Django/Flask/FastAPI,Backend Developer,,Advanced,1
STU01944,Webpack/Vite|Performance Optimization|Responsive Design|Accessibility (a11y)|TypeScript|REST APIs|Git,Frontend Developer,Recommendation System,Intermediate,1
STU00756,SQL|Performance Optimization|CI/CD|Linux/Bash|Microservices|HTML/CSS|Database Design|Git|Unit Testing,Backend Developer,REST API,Intermediate,1
STU00801,Django/Flask/FastAPI|HTML/CSS|Git|Message Queues|Unit Testing,Backend Developer,A/B Test Analysis|ML Classifier|TypeScript App,Intermediate,0
STU00233,CI/CD|Feature Engineering|ML Deployment|NumPy|Unit Testing,Data Scientist,Image Classifier|Mobile App Backend|NLP Sentiment Analysis,Beginner,1
STU01514,Deep Learning|Python|Machine Learning|ML Deployment|Statistics|NLP|NumPy|Message Queues|MLOps,ML Engineer,TypeScript App|Data Dashboard|Model Deployment API,Intermediate,1
STU00940,Python|Microservices|REST APIs|Git|Docker|Unit Testing,Backend Developer,EDA Project|Web Scraper|Database Schema Design,Advanced,1
STU00998,Docker|Python|Linux/Bash|REST APIs|Authentication/Security|Message Queues|Unit Testing,Backend Developer,EDA Project|Recommendation System,Advanced,1
STU01102,SQL|Python|Linux/Bash|TypeScript|Django/Flask/FastAPI,Backend Developer,Mobile App Backend|REST API|React Dashboard,Beginner,0
STU01463,Machine Learning|Feature Engineering|Docker|Python,ML Engineer,EDA Project|Mobile App Backend|Web Scraper,Intermediate,1
STU01876,HTML/CSS|Feature Engineering,Frontend Developer,Database Schema Design|E-commerce Site,Beginner,0
STU01225,A/B Testing|CI/CD|REST APIs|Database Design|CSS Frameworks|Docker|Unit Testing,Backend Developer,A/B Test Analysis|Model Deployment API,Intermediate,0
STU00324,SQL|Scikit-learn|Deep Learning,Data Scientist,Docker Deployment|A/B Test Analysis|Mobile App Backend,Beginner,1
STU01763,Feature Engineering|Python|Machine Learning|HTML/CSS|Statistics|NumPy|Docker|MLOps,ML Engineer,Chatbot|NLP Sentiment Analysis|Feature Engineering Pipeline,Advanced,1
STU01953,Testing (Jest/RTL)|TypeScript|CSS Frameworks|HTML/CSS,Frontend Developer,Web Scraper|E-commerce Site|Chatbot,Intermediate,1
STU01377,Pandas|Python|Model Optimization|ML Deployment|Microservices|CSS Frameworks,ML Engineer,TypeScript App|REST API|Neural Network,Intermediate,0
STU00100,SQL|Data Visualization|Pandas|Python|Machine Learning|Statistics|NLP|NumPy,Data Scientist,EDA Project|Image Classifier,Intermediate,1
STU02481,Webpack/Vite|REST APIs,Frontend Developer,E-commerce Site|ML Classifier|Web Scraper,Beginner,0
STU01340,Model Optimization|Scikit-learn|HTML/CSS|NumPy|MLOps,ML Engineer,TypeScript App|Image Classifier,Beginner,0
STU00387,Machine Learning|Scikit-learn|Feature Engineering,Data Scientist,Docker Deployment|Data Dashboard|Chatbot,Intermediate,1
STU01954,Webpack/Vite|CSS Frameworks|React,Frontend Developer,E-commerce Site|Portfolio Website,Intermediate,1
STU00179,SQL|A/B Testing|Data Visualization|Feature Engineering|Python|Git|Machine Learning|Scikit-learn|Statistics|NLP|NumPy|Django/Flask/FastAPI|Deep Learning,Data Scientist,A/B Test Analysis,Advanced,1
STU01694,Accessibility (a11y)|Pandas|Python|Model Optimization|Machine Learning|Deep Learning|MLOps,ML Engineer,Database Schema Design|Neural Network|Image Classifier,Intermediate,1
STU01662,SQL|Statistics|ML Deployment|React,ML Engineer,Recommendation System,Intermediate,1
STU01304,Machine Learning,ML Engineer,Web Scraper|A/B Test Analysis,Beginner,0
STU00927,Webpack/Vite|Microservices|REST APIs|Statistics|Unit Testing,Backend Developer,Recommendation System|NLP Sentiment Analysis,Intermediate,0
STU01430,SQL|Pandas|Python|Machine Learning|ML Deployment|State Management|Statistics|NumPy|Docker,ML Engineer,REST API|Web Scraper,Intermediate,1
STU02268,Responsive Design|Accessibility (a11y)|Model Optimization|REST APIs|JavaScript,Frontend Developer,E-commerce Site|Chatbot,Intermediate,1
STU00141,Data Visualization|Feature Engineering|Pandas|Python|Model Optimization|Scikit-learn|Message Queues|Deep Learning,Data Scientist,Docker Deployment,Advanced,1
STU00368,SQL|Statistics|Linux/Bash,Data Scientist,EDA Project|Docker Deployment|REST API,Beginner,0
STU02445,Testing (Jest/RTL)|State Management|REST APIs|Django/Flask/FastAPI|JavaScript,Frontend Developer,TypeScript App|ML Classifier|EDA Project,Intermediate,1
STU01085,SQL|CI/CD|Python|Microservices|Database Design|Authentication/Security,Backend Developer,,Intermediate,0
STU00367,Responsive Design|Data Visualization|Feature Engineering|ML Deployment|Statistics|CSS Frameworks,Data Scientist,,Beginner,0
STU01674,SQL|Responsive Design,ML Engineer,Feature Engineering Pipeline,Beginner,0
STU01044,SQL|Database Design|Data Visualization,Backend Developer,TypeScript App,Beginner,0
STU00318,Statistics|NumPy|Git,Data Scientist,Neural Network|Docker Deployment,Beginner,0
STU01538,Feature Engineering|Model Optimization|Machine Learning|ML Deployment|Scikit-learn|Microservices|Statistics|Docker|MLOps,ML Engineer,TypeScript App|EDA Project,Advanced,1
STU00247,SQL|CI/CD|Data Visualization|Feature Engineering|Python|Pandas|Machine Learning|ML Deployment|Scikit-learn|HTML/CSS|Statistics|NLP|NumPy|Deep Learning,Data Scientist,,Advanced,1
STU00321,ML Deployment|Git|Feature Engineering,Data Scientist,,Beginner,0
STU01833,Feature Engineering|Python|Pandas|ML Deployment|Docker|Deep Learning,ML Engineer,,Intermediate,0
STU01839,Feature Engineering,ML Engineer,Mobile App Backend|Portfolio Website,Beginner,0
STU00999,Performance Optimization|REST APIs|HTML/CSS|Authentication/Security|Git|Unit Testing,Backend Developer,NLP Sentiment Analysis,Beginner,0
STU00942,SQL|Message Queues|Docker|CI/CD|Python|Linux/Bash|Microservices|TypeScript|Database Design|Git|Django/Flask/FastAPI|Unit Testing,Backend Developer,E-commerce Site,Advanced,1
STU01772,Feature Engineering|Pandas|Scikit-learn|Statistics|CSS Frameworks|Django/Flask/FastAPI|MLOps,ML Engineer,,Intermediate,0
STU00029,SQL|Data Visualization|Python|ML Deployment|Scikit-learn|State Management|NLP,Data Scientist,Web Scraper|Image Classifier|A/B Test Analysis,Advanced,1
STU01299,Python|Model Optimization|ML Deployment|Statistics|Authentication/Security|Docker|MLOps,ML Engineer,,Intermediate,1
STU01993,React|Performance Optimization|Responsive Design|Testing (Jest/RTL)|State Management|TypeScript|REST APIs|HTML/CSS,Frontend Developer,Recommendation System,Advanced,1
STU01914,React|Responsive Design|Accessibility (a11y)|State Management|REST APIs|Git|JavaScript,Frontend Developer,,Advanced,1
STU00695,Docker|Python|REST APIs|Authentication/Security|Django/Flask/FastAPI|Unit Testing,Backend Developer,Mobile App Backend,Intermediate,1
STU02470,Webpack/Vite|React|Performance Optimization|Responsive Design|NumPy|State Management|REST APIs|Git|JavaScript,Frontend Developer,Docker Deployment|A/B Test Analysis,Intermediate,1
STU02028,Webpack/Vite|Responsive Design|Testing (Jest/RTL)|Machine Learning|TypeScript|HTML/CSS|CSS Frameworks|Git|JavaScript,Frontend Developer,Feature Engineering Pipeline|Neural Network|Data Dashboard,Intermediate,1
STU01600,Accessibility (a11y)|Pandas|Python|Feature Engineering|Model Optimization|Machine Learning|ML Deployment|MLOps|TypeScript|Statistics|Docker|Deep Learning,ML Engineer,E-commerce Site,Advanced,1
STU02329,CI/CD|Responsive Design|Testing (Jest/RTL)|TypeScript|JavaScript,Frontend Developer,,Beginner,0
STU01231,SQL|Python|Linux/Bash|Database Design|Docker,Backend Developer,,Intermediate,0
STU02173,Testing (Jest/RTL)|State Management|React|ML Deployment,Frontend Developer,,Beginner,0
STU01915,React|Webpack/Vite|Responsive Design|Accessibility (a11y)|REST APIs|HTML/CSS|CSS Frameworks|Git|Deep Learning,Frontend Developer,Mobile App Backend|Recommendation System,Intermediate,1
STU01729,SQL|Python|Model Optimization|Machine Learning|ML Deployment|Statistics|Docker|MLOps,ML Engineer,,Intermediate,1
STU01706,Database Design|CSS Frameworks|Deep Learning,ML Engineer,Model Deployment API|Feature Engineering Pipeline,Beginner,1
STU01703,SQL|Pandas|Python|Feature Engineering|Model Optimization|Machine Learning|Linux/Bash|ML Deployment|Scikit-learn|MLOps|Statistics|NumPy|Docker|Deep Learning,ML Engineer,ML Classifier,Advanced,1
STU00755,SQL|CI/CD|Python|Linux/Bash|Statistics|ML Deployment|Microservices|REST APIs|Database Design|Authentication/Security|Git|Django/Flask/FastAPI|Unit Testing,Backend Developer,Mobile App Backend,Advanced,1
STU01330,SQL|Testing (Jest/RTL)|Feature Engineering|Python|Model Optimization|Machine Learning|ML Deployment|Statistics|Deep Learning,ML Engineer,Model Deployment API|Data Dashboard,Intermediate,1
STU00353,Performance Optimization|A/B Testing|Data Visualization|Pandas|Python|Machine Learning|State Management|NumPy|Deep Learning,Data Scientist,Data Dashboard,Intermediate,1
STU00208,Performance Optimization|A/B Testing|Feature Engineering|ML Deployment|NLP|JavaScript,Data Scientist,TypeScript App,Intermediate,0
STU02144,Webpack/Vite|React|Performance Optimization|Responsive Design|Testing (Jest/RTL)|Accessibility (a11y)|ML Deployment|REST APIs|HTML/CSS|JavaScript,Frontend Developer,NLP Sentiment Analysis|Chatbot|Web Scraper,Advanced,1
STU00903,SQL|Python|Linux/Bash|Database Design|CSS Frameworks,Backend Developer,TypeScript App|Feature Engineering Pipeline|E-commerce Site,Intermediate,0
STU00952,SQL|Django/Flask/FastAPI|CSS Frameworks|Docker|Pandas|Python|Linux/Bash|Microservices|REST APIs|Database Design|Authentication/Security|Git|Message Queues|Unit Testing,Backend Developer,,Advanced,1
STU01337,SQL|Docker|Pandas,ML Engineer,React Dashboard|E-commerce Site|Chatbot,Beginner,0
STU01551,SQL|Webpack/Vite|Python|Model Optimization|Machine Learning|ML Deployment|Scikit-learn|Database Design|Statistics,ML Engineer,Neural Network|React Dashboard,Intermediate,1
STU01567,SQL|Feature Engineering|Python|Model Optimization|Machine Learning|NumPy|Docker,ML Engineer,Portfolio Website,Advanced,0
STU01943,Webpack/Vite|Performance Optimization|Responsive Design|Testing (Jest/RTL)|TypeScript|HTML/CSS|CSS Frameworks|Git|Message Queues|JavaScript,Frontend Developer,Data Dashboard|Recommendation System,Advanced,1
STU00485,SQL|A/B Testing|Data Visualization|Feature Engineering|Python|Pandas|Machine Learning|ML Deployment|Scikit-learn|Statistics|NumPy|Deep Learning,Data Scientist,,Advanced,1
STU01629,SQL|Performance Optimization|Feature Engineering|Machine Learning|Statistics,ML Engineer,,Intermediate,0
STU02039,React|Webpack/Vite|TypeScript|CI/CD,Frontend Developer,,Intermediate,0
STU00199,Accessibility (a11y)|Feature Engineering|Python|Unit Testing,Data Scientist,Mobile App Backend,Beginner,0
STU00229,SQL|Data Visualization|Testing (Jest/RTL)|Feature Engineering|Python|Pandas|Machine Learning|ML Deployment|Scikit-learn|Deep Learning|Unit Testing,Data Scientist,Portfolio Website|Chatbot,Advanced,1
STU00810,Linux/Bash|Machine Learning|Microservices|Database Design|Django/Flask/FastAPI|MLOps,Backend Developer,EDA Project,Intermediate,0
STU00787,SQL|Django/Flask/FastAPI|Docker|CI/CD|Responsive Design|Python|Linux/Bash|Microservices|Database Design|Authentication/Security|Git|Message Queues,Backend Developer,,Advanced,1
STU00410,SQL|React|A/B Testing|Data Visualization|Feature Engineering|Python|Pandas|NumPy|Deep Learning,Data Scientist,E-commerce Site,Intermediate,1
STU00629,Data Visualization|Authentication/Security|Python|JavaScript,Backend Developer,Database Schema Design,Beginner,0
STU01510,Webpack/Vite|Python|Responsive Design,ML Engineer,NLP Sentiment Analysis,Beginner,0
STU00662,Django/Flask/FastAPI|Docker|Python|Linux/Bash|REST APIs|Database Design|Authentication/Security|Git|Message Queues|Unit Testing,Backend Developer,Web Scraper,Advanced,1
STU02142,Responsive Design|Accessibility (a11y)|REST APIs|HTML/CSS|Git,Frontend Developer,TypeScript App,Intermediate,1
STU01918,React|Webpack/Vite|Performance Optimization|Testing (Jest/RTL)|TypeScript|HTML/CSS|CSS Frameworks|Git,Frontend Developer,Docker Deployment|E-commerce Site|Data Dashboard,Intermediate,1
STU02334,Performance Optimization|Testing (Jest/RTL)|Machine Learning|NumPy|JavaScript,Frontend Developer,,Beginner,0
STU01269,SQL|Microservices|NumPy|Docker,ML Engineer,REST API,Intermediate,0
STU00069,SQL|Statistics|Authentication/Security,Data Scientist,Portfolio Website,Beginner,0
STU00443,Machine Learning|Scikit-learn|Pandas,Data Scientist,TypeScript App|Recommendation System|React Dashboard,Intermediate,1
STU02147,React|Model Optimization|State Management|Scikit-learn|Git,Frontend Developer,,Intermediate,0
STU02241,React|Webpack/Vite|Performance Optimization|Responsive Design|TypeScript|REST APIs|Git|JavaScript,Frontend Developer,Image Classifier,Intermediate,1
STU01584,SQL|Python|Model Optimization|Machine Learning|ML Deployment|Scikit-learn|Statistics|CSS Frameworks|Deep Learning|MLOps,ML Engineer,TypeScript App|A/B Test Analysis|Model Deployment API,Advanced,1
STU00231,Data Visualization|Performance Optimization|Python|REST APIs,Data Scientist,ML Classifier,Beginner,1
STU00440,SQL|Data Visualization|Feature Engineering|Linux/Bash|Machine Learning|Scikit-learn|Microservices|Statistics|Deep Learning,Data Scientist,A/B Test Analysis|Data Dashboard,Intermediate,1
STU01627,Responsive Design|Feature Engineering|Python|Pandas|ML Deployment|MLOps|Deep Learning,ML Engineer,NLP Sentiment Analysis,Advanced,1
STU01322,SQL|Deep Learning|Pandas|Feature Engineering|Model Optimization|Machine Learning|REST APIs|Statistics|Authentication/Security|NumPy|Docker|MLOps,ML Engineer,,Advanced,1
STU01278,SQL|Feature Engineering|Pandas|Python|Machine Learning|ML Deployment|Scikit-learn|MLOps|Statistics|Authentication/Security|NumPy|Docker|Deep Learning,ML Engineer,,Advanced,1
STU00817,SQL|Scikit-learn|REST APIs|Database Design|Unit Testing,Backend Developer,Model Deployment API,Beginner,0
STU00599,SQL|A/B Testing|Responsive Design|Scikit-learn|Statistics|NLP|NumPy,Data Scientist,,Advanced,0
STU01056,SQL|Python|Unit Testing,Backend Developer,A/B Test Analysis|Feature Engineering Pipeline|Image Classifier,Beginner,0
STU00414,SQL|NLP|Scikit-learn|Python,Data Scientist,,Intermediate,0
STU00679,SQL|Django/Flask/FastAPI|Docker|CI/CD|Python|Database Design|Message Queues|Unit Testing,Backend Developer,Database Schema Design,Intermediate,1
STU01518,Statistics|NumPy|Docker|Model Optimization,ML Engineer,,Beginner,0
STU01116,Performance Optimization|Responsive Design|CI/CD|Python|REST APIs|Docker,Backend Developer,Neural Network,Beginner,0
STU00279,A/B Testing|Feature Engineering|Python|Pandas|Git|Machine Learning|ML Deployment|Statistics|NLP|NumPy|Deep Learning,Data Scientist,A/B Test Analysis|TypeScript App,Advanced,1
STU01385,Machine Learning|ML Deployment|REST APIs|Deep Learning|JavaScript,ML Engineer,REST API|Chatbot|React Dashboard,Intermediate,0
STU00408,SQL|Testing (Jest/RTL)|Feature Engineering|Machine Learning|Docker,Data Scientist,React Dashboard|TypeScript App|REST API,Intermediate,0
STU01091,Message Queues|CI/CD|Database Design|Docker|Unit Testing,Backend Developer,Data Dashboard|Chatbot,Intermediate,1
STU02282,Testing (Jest/RTL),Frontend Developer,,Beginner,0
STU01216,Feature Engineering|Python|Linux/Bash|Database Design|Git,Backend Developer,Neural Network,Beginner,0
STU02078,React|Responsive Design|Accessibility (a11y)|REST APIs|HTML/CSS|CSS Frameworks,Frontend Developer,Mobile App Backend,Intermediate,1
STU00498,SQL|A/B Testing|Pandas|Python|Feature Engineering|NLP|NumPy,Data Scientist,TypeScript App|Mobile App Backend|Data Dashboard,Intermediate,0
STU01708,Microservices|State Management|Pandas,ML Engineer,Portfolio Website,Beginner,0
STU02026,Webpack/Vite|React|Performance Optimization|Responsive Design|CI/CD|Accessibility (a11y)|TypeScript|REST APIs|HTML/CSS|Database Design,Frontend Developer,React Dashboard|Model Deployment API,Advanced,1
STU00789,SQL|Message Queues|Docker|Python|Linux/Bash|Machine Learning|Microservices|REST APIs|Database Design|Authentication/Security|Git|Django/Flask/FastAPI|Deep Learning,Backend Developer,E-commerce Site|Database Schema Design,Advanced,1
STU01070,JavaScript|Microservices|Linux/Bash|REST APIs,Backend Developer,Model Deployment API,Beginner,0
STU02265,React|Performance Optimization|Accessibility (a11y)|TypeScript|CSS Frameworks|Git|Django/Flask/FastAPI|Unit Testing,Frontend Developer,Recommendation System|Neural Network,Intermediate,0
STU00435,SQL|CI/CD|Data Visualization|Pandas|Linux/Bash|Machine Learning|Scikit-learn|Deep Learning,Data Scientist,NLP Sentiment Analysis|Chatbot,Advanced,1
STU02043,Webpack/Vite|Scikit-learn|TypeScript|HTML/CSS,Frontend Developer,,Beginner,0
STU01879,State Management|Git,Frontend Developer,ML Classifier,Beginner,0
STU00782,SQL|Authentication/Security|Git,Backend Developer,React Dashboard|Neural Network|Data Dashboard,Beginner,0
STU01476,SQL|Pandas|Model Optimization|Machine Learning|ML Deployment|Scikit-learn|Docker|MLOps,ML Engineer,Docker Deployment,Intermediate,1
STU01831,Django/Flask/FastAPI|Feature Engineering,ML Engineer,A/B Test Analysis,Beginner,0
STU01836,SQL|Statistics|Pandas|Linux/Bash,ML Engineer,Docker Deployment,Intermediate,0
STU00149,Statistics|Scikit-learn|MLOps|Model Optimization,Data Scientist,Chatbot,Beginner,0
STU01194,Database Design|Message Queues|TypeScript,Backend Developer,Neural Network|Model Deployment API,Beginner,0
STU02451,React|Performance Optimization|Data Visualization|Accessibility (a11y)|REST APIs|CSS Frameworks|Django/Flask/FastAPI|JavaScript,Frontend Developer,Data Dashboard,Advanced,1
STU01241,SQL|Django/Flask/FastAPI|Message Queues|CI/CD|Testing (Jest/RTL)|Python|Linux/Bash|Microservices|REST APIs|Database Design|Authentication/Security|Docker|Unit Testing,Backend Developer,TypeScript App|Feature Engineering Pipeline,Advanced,1
STU01055,SQL|Django/Flask/FastAPI|Message Queues|CSS Frameworks|CI/CD|Authentication/Security|Git|Docker|Unit Testing,Backend Developer,,Intermediate,1
STU01769,Webpack/Vite|Data Visualization|ML Deployment|Statistics|Docker,ML Engineer,Model Deployment API|Recommendation System|Database Schema Design,Beginner,1
STU01689,SQL|Message Queues|Accessibility (a11y)|Pandas|Python|Model Optimization|Machine Learning|ML Deployment|MLOps|Statistics|NumPy|Docker|Deep Learning,ML Engineer,Recommendation System|TypeScript App,Advanced,1
STU02093,React|Webpack/Vite|Performance Optimization|Responsive Design|Testing (Jest/RTL)|Accessibility (a11y)|Linux/Bash|TypeScript|REST APIs|HTML/CSS|CSS Frameworks|Git|JavaScript,Frontend Developer,Recommendation System|E-commerce Site,Advanced,1
STU02192,Deep Learning|Git|TypeScript|Unit Testing,Frontend Developer,Image Classifier|Recommendation System,Beginner,0
STU01929,Performance Optimization|Git|Responsive Design|REST APIs,Frontend Developer,ML Classifier|Portfolio Website|Feature Engineering Pipeline,Beginner,0
STU00163,SQL|A/B Testing|Data Visualization|Pandas|Python|Feature Engineering|Machine Learning|ML Deployment|Scikit-learn|Statistics|NLP|NumPy|Deep Learning,Data Scientist,Recommendation System,Advanced,1
STU00438,A/B Testing|Testing (Jest/RTL)|Feature Engineering|Pandas|Deep Learning,Data Scientist,Docker Deployment|A/B Test Analysis|TypeScript App,Beginner,1
STU01025,SQL|Django/Flask/FastAPI|CI/CD|Linux/Bash|ML Deployment|Statistics|Database Design|Authentication/Security|Docker,Backend Developer,REST API|Feature Engineering Pipeline|Model Deployment API,Intermediate,1
STU01382,Feature Engineering|Machine Learning|ML Deployment|Scikit-learn|Statistics|NumPy|Deep Learning,ML Engineer,Chatbot|React Dashboard|Database Schema Design,Advanced,1
STU01978,React|Responsive Design|Testing (Jest/RTL)|State Management|REST APIs|HTML/CSS|NLP|Git|JavaScript,Frontend Developer,REST API|A/B Test Analysis,Intermediate,1
STU00829,SQL|Data Visualization|Python|Linux/Bash|REST APIs|Database Design|Git|Django/Flask/FastAPI|Unit Testing,Backend Developer,Recommendation System|ML Classifier|Portfolio Website,Intermediate,1
STU00654,SQL|Python|Unit Testing|REST APIs,Backend Developer,Database Schema Design|REST API|TypeScript App,Beginner,1
STU00528,Webpack/Vite|ML Deployment,Data Scientist,Feature Engineering Pipeline|E-commerce Site|EDA Project,Beginner,1
STU01133,SQL|CI/CD|Python|Linux/Bash|Microservices|REST APIs|Database Design|Authentication/Security|Git|Message Queues,Backend Developer,Recommendation System|Feature Engineering Pipeline|Chatbot,Advanced,1
STU00049,Data Visualization|Feature Engineering|Scikit-learn|Microservices|Statistics,Data Scientist,Database Schema Design|TypeScript App,Beginner,0
STU00067,Python|Scikit-learn|NumPy|A/B Testing,Data Scientist,Feature Engineering Pipeline|REST API,Intermediate,1
STU02016,React|Authentication/Security|SQL,Frontend Developer,,Beginner,0
STU01370,Accessibility (a11y)|Pandas|Machine Learning|Statistics|MLOps,ML Engineer,Model Deployment API|Web Scraper,Intermediate,1
STU02270,Webpack/Vite|React|Performance Optimization|Accessibility (a11y)|State Management|HTML/CSS|JavaScript,Frontend Developer,Data Dashboard|ML Classifier|Recommendation System,Advanced,1
STU00048,SQL|Webpack/Vite|Data Visualization|Feature Engineering|Pandas|Python|Machine Learning|NLP|Deep Learning,Data Scientist,React Dashboard,Intermediate,1
STU01334,Feature Engineering|Python|Model Optimization|Pandas|Statistics|NumPy|Docker|MLOps,ML Engineer,EDA Project|Model Deployment API|Feature Engineering Pipeline,Intermediate,1
STU01681,Statistics|NumPy|Python|JavaScript,ML Engineer,NLP Sentiment Analysis|A/B Test Analysis,Beginner,0
STU00838,NLP|Feature Engineering|REST APIs,Backend Developer,React Dashboard|NLP Sentiment Analysis,Beginner,0
STU02162,SQL|NumPy|HTML/CSS|Git|JavaScript,Frontend Developer,Neural Network|Data Dashboard,Beginner,0
STU00124,Pandas|Python|Feature Engineering|Machine Learning|Scikit-learn|HTML/CSS|NLP|NumPy|Deep Learning,Data Scientist,,Intermediate,1
STU00610,SQL|A/B Testing|Data Visualization|Pandas|Feature Engineering|Python|Machine Learning|ML Deployment|Scikit-learn|Statistics|NLP|NumPy|Message Queues|Deep Learning,Data Scientist,Data Dashboard|TypeScript App|Model Deployment API,Advanced,1
STU01860,Machine Learning|Authentication/Security|Model Optimization|JavaScript,ML Engineer,A/B Test Analysis|TypeScript App|Web Scraper,Beginner,0
STU02332,Performance Optimization|Feature Engineering|State Management|REST APIs|Statistics,Frontend Developer,REST API|React Dashboard,Intermediate,1
STU01512,Pandas|Deep Learning,ML Engineer,Image Classifier|Portfolio Website|React Dashboard,Beginner,0
STU00741,Python|Linux/Bash|Microservices|REST APIs|Message Queues|Unit Testing,Backend Developer,ML Classifier|NLP Sentiment Analysis|Database Schema Design,Intermediate,1
STU00025,Machine Learning|NumPy|Pandas|JavaScript,Data Scientist,Image Classifier|NLP Sentiment Analysis|Neural Network,Intermediate,1
STU02388,Accessibility (a11y)|State Management|Scikit-learn|REST APIs|HTML/CSS|Database Design|Git,Frontend Developer,,Intermediate,0
STU01752,SQL|Feature Engineering|Python|Model Optimization|Pandas|Machine Learning|NumPy|ML Deployment|Scikit-learn|Statistics|Deep Learning|Docker|MLOps,ML Engineer,,Advanced,1
STU01533,Statistics|Pandas|Deep Learning|Microservices,ML Engineer,TypeScript App|REST API|Docker Deployment,Intermediate,0
STU01815,ML Deployment|Python|Responsive Design,ML Engineer,Chatbot|Neural Network|Web Scraper,Beginner,0
STU01616,Python|ML Deployment|Database Design|NumPy|MLOps,ML Engineer,,Beginner,0
STU01454,SQL|Python|Scikit-learn|HTML/CSS|Statistics|Deep Learning|MLOps,ML Engineer,Recommendation System|Model Deployment API,Intermediate,1
STU00565,React|NLP|Accessibility (a11y),Data Scientist,Database Schema Design,Beginner,0
STU00845,Python|Linux/Bash|REST APIs|Database Design|Git,Backend Developer,,Intermediate,0
STU02489,REST APIs|JavaScript,Frontend Developer,Data Dashboard|EDA Project|Model Deployment API,Beginner,0
STU01456,Data Visualization|Feature Engineering|Model Optimization|Linux/Bash|Machine Learning|ML Deployment|Statistics|NumPy|Docker,ML Engineer,E-commerce Site|Database Schema Design|ML Classifier,Intermediate,1
STU00361,CI/CD|Data Visualization|Feature Engineering|Python|Machine Learning|ML Deployment|Scikit-learn|State Management|Statistics|Deep Learning,Data Scientist,,Advanced,1
STU01565,Machine Learning|Performance Optimization|Django/Flask/FastAPI,ML Engineer,,Beginner,0
STU02498,Webpack/Vite|Performance Optimization|Responsive Design|Accessibility (a11y)|State Management|TypeScript|REST APIs,Frontend Developer,NLP Sentiment Analysis|Chatbot,Intermediate,0
STU02414,Performance Optimization|CSS Frameworks|Responsive Design|REST APIs|Authentication/Security,Frontend Developer,,Intermediate,0
STU01834,SQL|Pandas|Feature Engineering|Python|Model Optimization|Machine Learning|ML Deployment|MLOps|Scikit-learn|Statistics|NumPy|Docker|Deep Learning,ML Engineer,Recommendation System|ML Classifier|TypeScript App,Advanced,1
STU01784,Message Queues|Git|Docker|Pandas,ML Engineer,Recommendation System|Model Deployment API|Neural Network,Beginner,1
STU00430,Database Design|Scikit-learn|Model Optimization,Data Scientist,E-commerce Site,Beginner,0
STU02309,Responsive Design|Testing (Jest/RTL)|Linux/Bash|State Management|TypeScript|HTML/CSS|CSS Frameworks|Git|MLOps|JavaScript,Frontend Developer,,Intermediate,1
STU00637,Accessibility (a11y)|Git|ML Deployment,Backend Developer,Chatbot|Portfolio Website,Beginner,0
STU02187,React|Testing (Jest/RTL)|Model Optimization|State Management|HTML/CSS|Authentication/Security|Git|JavaScript,Frontend Developer,ML Classifier|Chatbot|E-commerce Site,Intermediate,1
STU00651,CI/CD|Python|Statistics|Django/Flask/FastAPI|Deep Learning,Backend Developer,A/B Test Analysis|Chatbot,Beginner,0
STU00240,SQL|A/B Testing|Data Visualization|Feature Engineering|Python|Pandas|Linux/Bash|Machine Learning|ML Deployment|Scikit-learn|State Management|Statistics|NLP|NumPy|Deep Learning,Data Scientist,,Advanced,1
STU00693,Python|Responsive Design,Backend Developer,React Dashboard|TypeScript App|E-commerce Site,Beginner,0
STU00070,ML Deployment|Deep Learning|REST APIs,Data Scientist,Chatbot,Beginner,0
STU02232,Webpack/Vite|React|Responsive Design|TypeScript|REST APIs|HTML/CSS|Git|JavaScript,Frontend Developer,A/B Test Analysis|Docker Deployment|TypeScript App,Intermediate,1
STU00650,Message Queues|REST APIs,Backend Developer,Model Deployment API|Neural Network,Beginner,0
STU02018,A/B Testing|Responsive Design|Machine Learning|REST APIs|CSS Frameworks|Git,Frontend Developer,,Intermediate,0
STU00073,Data Visualization|Python|Machine Learning|Microservices|Statistics|NLP|NumPy,Data Scientist,A/B Test Analysis|EDA Project|Model Deployment API,Intermediate,1
STU01163,Database Design|A/B Testing|Unit Testing|REST APIs,Backend Developer,React Dashboard|EDA Project|Model Deployment API,Beginner,0
STU00350,SQL|Data Visualization|Feature Engineering|Python|JavaScript,Data Scientist,Docker Deployment,Intermediate,0
STU02289,React|SQL|Webpack/Vite|Model Optimization|State Management|JavaScript,Frontend Developer,,Beginner,0
STU02168,Performance Optimization|Testing (Jest/RTL)|ML Deployment|HTML/CSS|Git|JavaScript,Frontend Developer,,Intermediate,0
STU01098,SQL|CI/CD|Python|Linux/Bash|NumPy|MLOps,Backend Developer,E-commerce Site|React Dashboard|A/B Test Analysis,Beginner,0
STU01446,Pandas|Python|Model Optimization|ML Deployment|MLOps|Statistics|NumPy|Deep Learning,ML Engineer,,Intermediate,1
STU02328,React|Webpack/Vite|CI/CD|Testing (Jest/RTL)|Accessibility (a11y)|State Management|TypeScript|REST APIs|Git|JavaScript,Frontend Developer,Portfolio Website|ML Classifier,Advanced,1
STU00076,SQL|Pandas|Python|Machine Learning|ML Deployment|NLP,Data Scientist,Database Schema Design|ML Classifier|React Dashboard,Intermediate,1
STU00432,SQL|Data Visualization|Python|HTML/CSS|NLP|NumPy,Data Scientist,ML Classifier|EDA Project,Intermediate,1
STU02349,Webpack/Vite|React|Responsive Design|TypeScript|REST APIs|HTML/CSS|Git,Frontend Developer,,Intermediate,0
STU01292,React|Testing (Jest/RTL)|Feature Engineering|Python|ML Deployment|Scikit-learn|MLOps|Docker|Deep Learning,ML Engineer,Docker Deployment|Database Schema Design|Data Dashboard,Advanced,1
STU00157,Machine Learning|NLP|Scikit-learn|Feature Engineering,Data Scientist,A/B Test Analysis|Chatbot|Portfolio Website,Beginner,1
STU01798,SQL|Python|Model Optimization|Linux/Bash|Machine Learning|REST APIs|Statistics,ML Engineer,,Intermediate,0
STU01405,Feature Engineering|Python|Pandas|MLOps|Scikit-learn|NumPy|Docker|Deep Learning,ML Engineer,TypeScript App|Mobile App Backend|Portfolio Website,Intermediate,1
STU02050,HTML/CSS|Pandas,Frontend Developer,Neural Network,Beginner,0
STU00135,A/B Testing|Scikit-learn|Python|Linux/Bash,Data Scientist,Chatbot|Data Dashboard,Intermediate,1
STU02137,React|Webpack/Vite|Responsive Design|Testing (Jest/RTL)|Accessibility (a11y)|Feature Engineering|State Management|REST APIs|HTML/CSS|Statistics|CSS Frameworks|Git|JavaScript,Frontend Developer,Database Schema Design|Web Scraper,Advanced,1
STU01928,CSS Frameworks|REST APIs,Frontend Developer,Image Classifier|Web Scraper|Chatbot,Beginner,0
STU01690,SQL|CI/CD|Python|Model Optimization|ML Deployment|MLOps|Docker|Deep Learning,ML Engineer,,Advanced,1
STU00867,SQL|Message Queues|A/B Testing|CI/CD|Docker|Testing (Jest/RTL)|Python|Linux/Bash|Microservices|REST APIs|Database Design|Authentication/Security|Git|Django/Flask/FastAPI,Backend Developer,Model Deployment API|E-commerce Site|ML Classifier,Advanced,1
STU01949,React|Webpack/Vite|Performance Optimization|Responsive Design|Testing (Jest/RTL)|Data Visualization|Accessibility (a11y)|State Management|HTML/CSS|CSS Frameworks|JavaScript,Frontend Developer,E-commerce Site,Advanced,1
STU00051,NLP|Responsive Design|CI/CD,Data Scientist,,Beginner,0
STU01900,React|Accessibility (a11y)|State Management|JavaScript,Frontend Developer,Mobile App Backend,Beginner,0
STU00678,Git|Message Queues|Python|Linux/Bash,Backend Developer,Docker Deployment|Database Schema Design,Intermediate,1
STU01503,SQL|Webpack/Vite|Model Optimization|ML Deployment|Git,ML Engineer,Neural Network,Beginner,0
STU00289,SQL|Message Queues,Data Scientist,Image Classifier,Beginner,0
STU02247,Webpack/Vite|Pandas|Python|State Management|REST APIs|CSS Frameworks|Git|JavaScript,Frontend Developer,Feature Engineering Pipeline|Recommendation System,Intermediate,1
STU01420,Django/Flask/FastAPI|Statistics|ML Deployment|Pandas,ML Engineer,,Intermediate,0
STU01602,Testing (Jest/RTL)|Statistics|Feature Engineering|Model Optimization,ML Engineer,NLP Sentiment Analysis,Intermediate,0
STU00532,SQL|A/B Testing|Testing (Jest/RTL)|Feature Engineering|Python|Scikit-learn|Statistics|NLP|NumPy|Message Queues,Data Scientist,Docker Deployment,Advanced,1
STU00479,Machine Learning|ML Deployment|Unit Testing|Model Optimization,Data Scientist,,Beginner,0
STU01403,Pandas|ML Deployment|Statistics|NLP|MLOps,ML Engineer,Model Deployment API|Web Scraper,Beginner,0
STU01932,Testing (Jest/RTL)|REST APIs|JavaScript,Frontend Developer,Mobile App Backend,Beginner,0
STU00291,Python|Git|Database Design|Statistics|NumPy|Deep Learning,Data Scientist,TypeScript App,Intermediate,0
STU01721,CSS Frameworks|Scikit-learn|Deep Learning,ML Engineer,Web Scraper|NLP Sentiment Analysis,Beginner,0
STU01068,Authentication/Security|Git|Django/Flask/FastAPI,Backend Developer,Mobile App Backend|NLP Sentiment Analysis,Beginner,0
STU01023,SQL|CI/CD|Docker|Python|Microservices|REST APIs|Database Design|Git|Django/Flask/FastAPI,Backend Developer,Mobile App Backend,Advanced,1
STU02179,Webpack/Vite|Performance Optimization|Responsive Design|Testing (Jest/RTL)|Accessibility (a11y)|Linux/Bash|State Management|TypeScript|REST APIs|HTML/CSS|Database Design|CSS Frameworks|Git|JavaScript,Frontend Developer,,Advanced,1
STU02227,REST APIs|State Management|Docker|JavaScript,Frontend Developer,E-commerce Site|React Dashboard|NLP Sentiment Analysis,Beginner,0
STU00705,SQL|React|Django/Flask/FastAPI,Backend Developer,,Beginner,0
STU02034,Feature Engineering|TypeScript|REST APIs,Frontend Developer,A/B Test Analysis|Model Deployment API,Beginner,0
STU00406,Data Visualization|Pandas|Python|Machine Learning|ML Deployment|Scikit-learn|Statistics|NumPy|Deep Learning,Data Scientist,NLP Sentiment Analysis|Mobile App Backend|EDA Project,Advanced,1
STU02099,Responsive Design|Testing (Jest/RTL)|State Management|REST APIs|CSS Frameworks|JavaScript,Frontend Developer,,Intermediate,1
STU02023,CSS Frameworks|NumPy,Frontend Developer,A/B Test Analysis,Beginner,0
STU02408,Webpack/Vite|React|Performance Optimization|Responsive Design|Testing (Jest/RTL)|Accessibility (a11y)|State Management|TypeScript|HTML/CSS|CSS Frameworks|JavaScript,Frontend Developer,Recommendation System|NLP Sentiment Analysis,Advanced,1
STU00978,Database Design|Django/Flask/FastAPI,Backend Developer,A/B Test Analysis,Beginner,0
STU01745,Machine Learning|Database Design|ML Deployment|Feature Engineering,ML Engineer,,Beginner,0
STU01880,Webpack/Vite|React|Responsive Design|Accessibility (a11y)|Model Optimization|State Management|HTML/CSS|Database Design,Frontend Developer,Feature Engineering Pipeline|ML Classifier|Recommendation System,Intermediate,0
STU00342,Data Visualization|Feature Engineering|Pandas|Machine Learning|Scikit-learn|NumPy|Django/Flask/FastAPI|Deep Learning,Data Scientist,React Dashboard,Intermediate,1
STU01990,React|Responsive Design|Scikit-learn|HTML/CSS|Docker|JavaScript,Frontend Developer,REST API,Intermediate,0
STU02476,Webpack/Vite|Performance Optimization|Accessibility (a11y)|Feature Engineering|State Management|Scikit-learn|TypeScript|REST APIs|Git,Frontend Developer,NLP Sentiment Analysis,Intermediate,1
STU00834,SQL|Python|Statistics|Database Design|Docker,Backend Developer,Data Dashboard|A/B Test Analysis|Model Deployment API,Intermediate,1
STU01452,SQL|CI/CD|Feature Engineering|Pandas|Python|ML Deployment|Scikit-learn|MLOps|Statistics|NumPy|Deep Learning,ML Engineer,,Advanced,1
STU00299,SQL|A/B Testing|Data Visualization|Accessibility (a11y)|Feature Engineering|Pandas|Python|Machine Learning|ML Deployment|Scikit-learn|Statistics|NLP|NumPy|Deep Learning,Data Scientist,Mobile App Backend,Advanced,1
STU01988,HTML/CSS|Database Design|Performance Optimization|State Management,Frontend Developer,,Beginner,0
STU02293,React|Responsive Design|Feature Engineering|TypeScript|JavaScript,Frontend Developer,TypeScript App|REST API|E-commerce Site,Beginner,1
STU00495,A/B Testing|Pandas|Python|Feature Engineering|Linux/Bash|ML Deployment|Scikit-learn|HTML/CSS|Statistics|NLP|NumPy,Data Scientist,EDA Project|ML Classifier|A/B Test Analysis,Advanced,1
STU00812,SQL|Python|REST APIs,Backend Developer,Neural Network|Image Classifier|E-commerce Site,Intermediate,0
STU00929,SQL|Message Queues|CI/CD|Python|Linux/Bash|State Management|Microservices|REST APIs|Database Design|Authentication/Security|Git|Django/Flask/FastAPI|Unit Testing,Backend Developer,Mobile App Backend|Model Deployment API|A/B Test Analysis,Advanced,1
STU01057,Message Queues|Docker|CI/CD|Accessibility (a11y)|TypeScript|Database Design|Django/Flask/FastAPI,Backend Developer,REST API,Intermediate,1
STU01637,SQL|Pandas|Python|Feature Engineering|Model Optimization|MLOps|Scikit-learn|State Management|NLP|Deep Learning,ML Engineer,,Intermediate,1
STU02455,SQL|Testing (Jest/RTL)|Accessibility (a11y)|State Management|REST APIs|HTML/CSS|JavaScript,Frontend Developer,NLP Sentiment Analysis|Feature Engineering Pipeline,Intermediate,0
STU00220,ML Deployment|Microservices|Python,Data Scientist,,Beginner,0
STU02486,Webpack/Vite|Accessibility (a11y)|Linux/Bash|State Management|TypeScript|Unit Testing,Frontend Developer,Database Schema Design|Docker Deployment|ML Classifier,Intermediate,0
STU01659,SQL|Accessibility (a11y)|Feature Engineering|Pandas|Model Optimization|Python|Machine Learning|ML Deployment|Scikit-learn|Statistics|CSS Frameworks|MLOps,ML Engineer,Image Classifier,Advanced,1
STU00527,SQL|A/B Testing|Data Visualization|Feature Engineering|Pandas|Python|Machine Learning|ML Deployment|Scikit-learn|Statistics|NLP|NumPy|Deep Learning,Data Scientist,Database Schema Design|Web Scraper,Advanced,1
STU01486,React|Django/Flask/FastAPI|Pandas|Model Optimization|MLOps|Scikit-learn|Docker|Deep Learning,ML Engineer,Docker Deployment|TypeScript App,Intermediate,1
STU02375,Docker|Deep Learning|Responsive Design|JavaScript,Frontend Developer,,Beginner,0
STU01609,SQL|Feature Engineering|Python|Pandas|NumPy|Model Optimization|Machine Learning|ML Deployment|Scikit-learn|Statistics|Deep Learning|Docker|MLOps,ML Engineer,EDA Project|Mobile App Backend,Advanced,1
STU00596,SQL|A/B Testing|Pandas|Python|Feature Engineering|Machine Learning|ML Deployment|Scikit-learn|Statistics|NLP|NumPy|Django/Flask/FastAPI|Deep Learning,Data Scientist,Recommendation System,Advanced,1
STU00084,SQL|Pandas|Python|CI/CD,Data Scientist,Model Deployment API|Image Classifier,Beginner,1
STU02213,React|Testing (Jest/RTL)|State Management|TypeScript|HTML/CSS|Git,Frontend Developer,,Intermediate,0
STU02055,React|Responsive Design|State Management|TypeScript|HTML/CSS|Database Design|CSS Frameworks,Frontend Developer,,Intermediate,0
STU01961,Testing (Jest/RTL)|Performance Optimization|JavaScript,Frontend Developer,,Beginner,0
STU01864,SQL|Deep Learning|Feature Engineering|Python|Model Optimization|Pandas|Machine Learning|ML Deployment|Scikit-learn|State Management|Statistics|NLP|NumPy|Docker|MLOps,ML Engineer,REST API|Docker Deployment|TypeScript App,Advanced,1
STU02326,React|Responsive Design|State Management|HTML/CSS|CSS Frameworks|Docker|MLOps|JavaScript,Frontend Developer,React Dashboard,Intermediate,1
STU00461,A/B Testing|Pandas|CSS Frameworks|Deep Learning|JavaScript,Data Scientist,A/B Test Analysis,Intermediate,1
STU00109,SQL|Feature Engineering|Python|Machine Learning|HTML/CSS|Database Design|NLP,Data Scientist,,Intermediate,0
STU01962,Webpack/Vite|React|Performance Optimization|Responsive Design|Testing (Jest/RTL)|Accessibility (a11y)|State Management|TypeScript|REST APIs|HTML/CSS|CSS Frameworks|Git|JavaScript,Frontend Developer,,Advanced,1
STU00354,SQL|Machine Learning|NumPy|Docker|Deep Learning,Data Scientist,E-commerce Site|REST API|TypeScript App,Intermediate,0
STU00266,Machine Learning|NLP|Unit Testing|REST APIs,Data Scientist,Data Dashboard|A/B Test Analysis|Image Classifier,Beginner,1
STU01545,SQL|CI/CD|Pandas|Python|Feature Engineering|Model Optimization|Machine Learning|ML Deployment|Scikit-learn|MLOps|Statistics|NumPy|Deep Learning,ML Engineer,,Advanced,1
STU00530,Machine Learning|NLP|NumPy|A/B Testing,Data Scientist,,Intermediate,0
STU02446,Responsive Design|State Management|HTML/CSS|Deep Learning|JavaScript,Frontend Developer,Recommendation System,Intermediate,0
STU00290,SQL|A/B Testing|Data Visualization|Feature Engineering|Pandas|Python|Machine Learning|ML Deployment|Scikit-learn|MLOps|HTML/CSS|Statistics|NLP|NumPy|Deep Learning,Data Scientist,ML Classifier|REST API|Image Classifier,Advanced,1
STU00605,Deep Learning,Data Scientist,,Beginner,0
STU01560,Django/Flask/FastAPI|Feature Engineering|Pandas|Model Optimization|ML Deployment|Scikit-learn|State Management|Statistics|NumPy|Docker,ML Engineer,,Advanced,1
STU00416,Feature Engineering|Machine Learning|ML Deployment|REST APIs|Statistics|NLP|NumPy|Deep Learning,Data Scientist,,Intermediate,0
STU00472,SQL|A/B Testing|Accessibility (a11y)|Pandas|Python|Feature Engineering|Machine Learning|ML Deployment|Scikit-learn|TypeScript|Statistics|NLP|NumPy|Deep Learning,Data Scientist,Database Schema Design|Model Deployment API,Advanced,1
STU00931,SQL|Linux/Bash|Microservices|REST APIs|Git,Backend Developer,E-commerce Site|Database Schema Design,Intermediate,1
STU02279,React|Performance Optimization|Responsive Design|Testing (Jest/RTL)|State Management|REST APIs|CSS Frameworks|JavaScript,Frontend Developer,Database Schema Design|Neural Network,Advanced,1
STU02419,React|Performance Optimization|Testing (Jest/RTL)|Data Visualization|Scikit-learn|TypeScript|REST APIs|HTML/CSS|JavaScript,Frontend Developer,Mobile App Backend,Intermediate,0
STU00808,Performance Optimization|CI/CD|Python|Microservices|Database Design|Docker,Backend Developer,Docker Deployment,Intermediate,0
STU00798,SQL|Django/Flask/FastAPI|CI/CD|Linux/Bash|Microservices|REST APIs|Database Design|Message Queues,Backend Developer,,Intermediate,1
STU02491,HTML/CSS|Database Design|NumPy|Responsive Design,Frontend Developer,REST API,Beginner,0
STU00930,SQL|Django/Flask/FastAPI|CI/CD|Docker|Pandas|Linux/Bash|REST APIs|Database Design|Git|Message Queues,Backend Developer,Model Deployment API|A/B Test Analysis,Advanced,1
STU00278,Accessibility (a11y)|Pandas|State Management|NumPy|Deep Learning,Data Scientist,,Intermediate,0
STU01517,MLOps|Python|ML Deployment,ML Engineer,React Dashboard|A/B Test Analysis,Beginner,0
STU00883,SQL|CI/CD|Linux/Bash|Microservices|Database Design|Authentication/Security|Git|Unit Testing,Backend Developer,Data Dashboard|Neural Network,Intermediate,1
STU01014,SQL|Message Queues|Docker|Python|Linux/Bash|Microservices|REST APIs|Database Design|Git|Django/Flask/FastAPI|Unit Testing,Backend Developer,Feature Engineering Pipeline,Advanced,1
STU00018,Accessibility (a11y)|Python|Scikit-learn|NLP|Docker,Data Scientist,,Beginner,0
STU01234,SQL|NLP|Docker|Microservices|REST APIs|Database Design|Authentication/Security|Message Queues,Backend Developer,,Intermediate,1
STU02401,Webpack/Vite|Responsive Design|Testing (Jest/RTL)|State Management|TypeScript|REST APIs|HTML/CSS|Git,Frontend Developer,Web Scraper|Model Deployment API|Image Classifier,Intermediate,1
STU01972,Git|Model Optimization,Frontend Developer,Portfolio Website,Beginner,0
STU01532,NumPy|Python|Model Optimization,ML Engineer,TypeScript App|Recommendation System,Beginner,0
STU01902,Performance Optimization|Message Queues|Accessibility (a11y)|HTML/CSS|CSS Frameworks|Git|Django/Flask/FastAPI|JavaScript,Frontend Developer,NLP Sentiment Analysis|TypeScript App|A/B Test Analysis,Intermediate,1
STU02133,State Management|TypeScript|Responsive Design,Frontend Developer,,Intermediate,0
STU01501,SQL|Accessibility (a11y)|Pandas|Model Optimization|Machine Learning|Statistics|NumPy|Docker,ML Engineer,,Intermediate,1
STU01564,SQL|Pandas|Machine Learning,ML Engineer,Mobile App Backend,Intermediate,0
STU00219,Webpack/Vite|A/B Testing|Data Visualization|Pandas|Python|Machine Learning|Statistics|NumPy|Deep Learning,Data Scientist,,Intermediate,1
STU00618,SQL|A/B Testing|Data Visualization|Feature Engineering|Python|Pandas|Machine Learning|ML Deployment|Scikit-learn|NLP|NumPy|Deep Learning,Data Scientist,,Advanced,1
STU01247,SQL|CSS Frameworks|Pandas|Python|Linux/Bash|REST APIs|Database Design|Authentication/Security|Django/Flask/FastAPI|Unit Testing,Backend Developer,,Intermediate,1
STU00303,SQL|A/B Testing|CI/CD|Data Visualization|Accessibility (a11y)|Feature Engineering|Python|Pandas|Machine Learning|ML Deployment|Scikit-learn|Statistics|NLP|NumPy|Deep Learning,Data Scientist,Data Dashboard,Advanced,1
STU01738,SQL|Feature Engineering|Pandas|Machine Learning|ML Deployment|Deep Learning,ML Engineer,Portfolio Website|EDA Project,Advanced,1
STU02376,Performance Optimization|Message Queues|Responsive Design,Frontend Developer,,Beginner,0
STU02008,Webpack/Vite|React|Performance Optimization|Responsive Design|Accessibility (a11y)|State Management|REST APIs|HTML/CSS,Frontend Developer,Recommendation System|Mobile App Backend|NLP Sentiment Analysis,Intermediate,1
STU02064,Responsive Design|Testing (Jest/RTL)|Accessibility (a11y)|HTML/CSS|CSS Frameworks,Frontend Developer,Feature Engineering Pipeline|NLP Sentiment Analysis|E-commerce Site,Intermediate,1
STU01295,Machine Learning|ML Deployment|Feature Engineering|MLOps,ML Engineer,Portfolio Website|NLP Sentiment Analysis|Data Dashboard,Beginner,1
STU02201,Webpack/Vite|React|Performance Optimization|Testing (Jest/RTL)|NumPy|State Management|TypeScript|Git|Message Queues,Frontend Developer,Mobile App Backend|Portfolio Website,Intermediate,1
STU00879,Python,Backend Developer,Image Classifier|Portfolio Website,Beginner,0
STU02158,Testing (Jest/RTL)|Accessibility (a11y)|Feature Engineering|TypeScript|CSS Frameworks|NumPy|JavaScript,Frontend Developer,E-commerce Site,Intermediate,1
STU01005,SQL|Django/Flask/FastAPI|Message Queues|CI/CD|Pandas|REST APIs|Git|Docker,Backend Developer,A/B Test Analysis|Image Classifier,Intermediate,1
STU01033,SQL|CI/CD|Feature Engineering|Python|Statistics|REST APIs|Database Design|Git|Django/Flask/FastAPI|Unit Testing,Backend Developer,Neural Network,Intermediate,1
STU01505,React|Docker|Python|Machine Learning|Scikit-learn|Django/Flask/FastAPI,ML Engineer,Model Deployment API,Beginner,0
STU01053,SQL|React|Webpack/Vite|Docker|Unit Testing,Backend Developer,E-commerce Site|Portfolio Website|Feature Engineering Pipeline,Beginner,0
STU01869,Python|Model Optimization|Git|Machine Learning|NLP|NumPy,ML Engineer,Mobile App Backend|ML Classifier,Intermediate,1
STU01100,SQL|Feature Engineering|Python|Statistics|Microservices|REST APIs|Database Design|Authentication/Security|Message Queues,Backend Developer,A/B Test Analysis|Image Classifier|TypeScript App,Intermediate,0
STU00192,Machine Learning|Statistics|NLP|NumPy,Data Scientist,Image Classifier|Recommendation System|Portfolio Website,Beginner,1
STU00174,Machine Learning|Scikit-learn|A/B Testing,Data Scientist,,Intermediate,0
STU00765,SQL|CI/CD|REST APIs|Database Design|Authentication/Security|NumPy|Django/Flask/FastAPI|Unit Testing,Backend Developer,Image Classifier|Portfolio Website|Data Dashboard,Intermediate,1
STU01378,SQL|Deep Learning|Accessibility (a11y)|Pandas|Model Optimization|Machine Learning|ML Deployment|Scikit-learn|Statistics|NumPy|Docker|MLOps,ML Engineer,Model Deployment API|Chatbot|Data Dashboard,Advanced,1
STU01566,Feature Engineering|Pandas|ML Deployment|Statistics|Deep Learning,ML Engineer,,Intermediate,0
STU01904,React|Performance Optimization|Accessibility (a11y)|State Management|TypeScript|HTML/CSS|Git,Frontend Developer,TypeScript App|Feature Engineering Pipeline,Advanced,1
STU00700,Python|Linux/Bash|Git|MLOps|Unit Testing,Backend Developer,,Intermediate,0
STU00128,SQL|Data Visualization|Feature Engineering|Python|Machine Learning|ML Deployment|NumPy|Deep Learning,Data Scientist,,Intermediate,1
STU00340,Testing (Jest/RTL)|Pandas|ML Deployment|Scikit-learn|HTML/CSS|Statistics|NLP,Data Scientist,A/B Test Analysis|REST API,Intermediate,1
STU02127,Responsive Design|Data Visualization|Accessibility (a11y)|State Management|REST APIs|HTML/CSS|CSS Frameworks|Git|JavaScript,Frontend Developer,Docker Deployment|Database Schema Design,Advanced,1
STU00647,SQL|Message Queues|CI/CD|Python|Linux/Bash|Microservices|REST APIs|Authentication/Security|Git|Django/Flask/FastAPI,Backend Developer,Docker Deployment,Advanced,1
STU01286,Performance Optimization|Feature Engineering|Authentication/Security,ML Engineer,Portfolio Website|Feature Engineering Pipeline|Recommendation System,Beginner,0
STU00307,SQL|Data Visualization|Pandas|Webpack/Vite,Data Scientist,NLP Sentiment Analysis|EDA Project,Beginner,1
STU00383,Webpack/Vite|Pandas|MLOps,Data Scientist,REST API,Beginner,0
STU01272,SQL|Feature Engineering|Python|Machine Learning|ML Deployment|Statistics|Deep Learning|MLOps,ML Engineer,,Intermediate,1
STU02314,Webpack/Vite|React|Performance Optimization|Responsive Design|Testing (Jest/RTL)|Accessibility (a11y)|State Management|TypeScript|REST APIs|HTML/CSS|CSS Frameworks|Git|Docker|Authentication/Security|JavaScript,Frontend Developer,EDA Project|Web Scraper|ML Classifier,Advanced,1
STU01263,SQL|Deep Learning|Message Queues|Pandas|Python|Model Optimization|ML Deployment|Scikit-learn|Statistics|CSS Frameworks|NumPy|Docker|MLOps,ML Engineer,A/B Test Analysis|Mobile App Backend|EDA Project,Advanced,1
STU00177,Feature Engineering|Python|Git|State Management|Scikit-learn|NumPy,Data Scientist,NLP Sentiment Analysis|E-commerce Site|Data Dashboard,Beginner,1
STU00426,SQL|Pandas|Python|State Management|Scikit-learn|Statistics|NLP|NumPy,Data Scientist,Portfolio Website|EDA Project,Intermediate,1
STU00786,A/B Testing|Authentication/Security|Python|State Management,Backend Developer,Recommendation System,Beginner,0
STU01746,SQL|Statistics|Feature Engineering|Docker,ML Engineer,Neural Network|Docker Deployment|Mobile App Backend,Intermediate,1
STU01099,SQL|Django/Flask/FastAPI|A/B Testing|Docker|Testing (Jest/RTL)|Python|Linux/Bash|Microservices|REST APIs|Database Design|Authentication/Security|Git|Message Queues|Unit Testing,Backend Developer,ML Classifier,Advanced,1
STU02389,React|Performance Optimization|Responsive Design|Testing (Jest/RTL)|State Management|TypeScript|JavaScript,Frontend Developer,EDA Project|REST API|E-commerce Site,Advanced,1
STU00184,React|SQL|Pandas|Model Optimization|Machine Learning|NumPy,Data Scientist,React Dashboard,Beginner,0
STU01591,ML Deployment|Pandas|MLOps|Model Optimization,ML Engineer,Neural Network|Docker Deployment|Web Scraper,Beginner,1
STU01989,React|Accessibility (a11y)|Feature Engineering|State Management|REST APIs|HTML/CSS|CSS Frameworks|Django/Flask/FastAPI|JavaScript,Frontend Developer,TypeScript App,Advanced,1
STU02495,Performance Optimization|Responsive Design|Accessibility (a11y)|TypeScript|REST APIs,Frontend Developer,Feature Engineering Pipeline|Neural Network|TypeScript App,Intermediate,1
STU02285,React|Webpack/Vite|Performance Optimization|Responsive Design|Accessibility (a11y)|State Management|REST APIs|JavaScript,Frontend Developer,Image Classifier,Intermediate,1
STU01303,Pandas|Feature Engineering|Model Optimization|ML Deployment|Statistics|NumPy|Docker|MLOps,ML Engineer,Recommendation System|ML Classifier|EDA Project,Intermediate,1
STU00961,Linux/Bash|Scikit-learn|CI/CD,Backend Developer,Chatbot|REST API,Beginner,1
STU01639,React|Pandas|ML Deployment|Statistics|Docker|Unit Testing,ML Engineer,,Intermediate,0
STU00489,SQL|Pandas|ML Deployment|TypeScript|Message Queues|Deep Learning,Data Scientist,,Beginner,0
STU00761,Docker|Python|REST APIs,Backend Developer,A/B Test Analysis,Intermediate,0
STU00809,SQL|React|Docker|CI/CD|Linux/Bash|REST APIs|Authentication/Security|Git|Django/Flask/FastAPI,Backend Developer,Data Dashboard,Intermediate,1
STU02277,Webpack/Vite|Performance Optimization|Scikit-learn,Frontend Developer,ML Classifier|EDA Project,Beginner,0
STU01429,Testing (Jest/RTL)|Feature Engineering|Pandas|Model Optimization|Machine Learning|ML Deployment|Deep Learning,ML Engineer,ML Classifier,Intermediate,1
STU01657,Feature Engineering|Pandas|Model Optimization|Machine Learning|ML Deployment|Scikit-learn|Docker|MLOps,ML Engineer,E-commerce Site|React Dashboard,Advanced,1
STU01525,Pandas|Python|Machine Learning|ML Deployment|Statistics|Docker|JavaScript,ML Engineer,,Advanced,1
STU02086,Performance Optimization|Responsive Design|Database Design|CSS Frameworks|Unit Testing,Frontend Developer,Data Dashboard|TypeScript App|React Dashboard,Beginner,1
STU00118,ML Deployment|Scikit-learn|NumPy,Data Scientist,,Intermediate,0
STU01553,Testing (Jest/RTL)|Feature Engineering|Pandas|Model Optimization|Machine Learning|ML Deployment|Statistics|NumPy|Docker|Deep Learning,ML Engineer,,Advanced,1
STU00281,SQL|A/B Testing|CSS Frameworks|Data Visualization|Pandas|Python|Feature Engineering|Machine Learning|ML Deployment|TypeScript|Statistics|NLP|NumPy|Deep Learning,Data Scientist,ML Classifier|Web Scraper|Neural Network,Advanced,1
STU02185,Webpack/Vite|Performance Optimization|Testing (Jest/RTL)|Model Optimization|State Management|Unit Testing|JavaScript,Frontend Developer,Feature Engineering Pipeline|Web Scraper|Portfolio Website,Intermediate,1
STU02464,Testing (Jest/RTL)|NLP,Frontend Developer,E-commerce Site|Model Deployment API,Beginner,0
STU01835,ML Deployment|State Management|Statistics|NLP|NumPy|Docker,ML Engineer,React Dashboard|A/B Test Analysis|Chatbot,Beginner,1
STU00649,React|CI/CD|Accessibility (a11y)|Python|Linux/Bash|Database Design|Authentication/Security|Git|Docker,Backend Developer,Data Dashboard|Chatbot|TypeScript App,Intermediate,1
STU00727,Python|Linux/Bash|Microservices|Database Design|Django/Flask/FastAPI,Backend Developer,Image Classifier|React Dashboard|Chatbot,Intermediate,0
STU00366,A/B Testing|Feature Engineering|Python|ML Deployment|Scikit-learn|Statistics|NLP|NumPy|Django/Flask/FastAPI|Authentication/Security,Data Scientist,Feature Engineering Pipeline,Intermediate,1
STU01351,SQL|Feature Engineering|Python|Pandas|Model Optimization|Machine Learning|Git|ML Deployment|Scikit-learn|MLOps|Statistics|NumPy|Docker|Deep Learning|JavaScript,ML Engineer,Data Dashboard,Advanced,1
STU00555,A/B Testing|Data Visualization|Feature Engineering|Python|Machine Learning|Scikit-learn|NumPy|Deep Learning,Data Scientist,,Advanced,1
STU01410,SQL|React|Feature Engineering|Pandas|Model Optimization|Python|Machine Learning|ML Deployment|HTML/CSS|Deep Learning,ML Engineer,Mobile App Backend,Advanced,1
STU02280,Performance Optimization|Responsive Design|Testing (Jest/RTL)|State Management|Microservices|TypeScript|REST APIs|CSS Frameworks|Git,Frontend Developer,Image Classifier,Advanced,1
STU01913,Webpack/Vite|Performance Optimization|A/B Testing|State Management|HTML/CSS|Statistics|JavaScript,Frontend Developer,Database Schema Design|Image Classifier|E-commerce Site,Intermediate,1
STU00203,SQL|Data Visualization|Pandas|Machine Learning|ML Deployment|Scikit-learn|Database Design|REST APIs|Statistics|Deep Learning,Data Scientist,Data Dashboard|E-commerce Site|REST API,Intermediate,1
STU02113,React|Performance Optimization|Responsive Design|Testing (Jest/RTL)|Data Visualization|Accessibility (a11y)|State Management|TypeScript|REST APIs|HTML/CSS|Statistics|CSS Frameworks|Git|JavaScript,Frontend Developer,,Advanced,1
STU00120,SQL,Data Scientist,ML Classifier|TypeScript App|Data Dashboard,Beginner,1
STU00283,SQL|A/B Testing|Data Visualization|Feature Engineering|Pandas|Python|Model Optimization|Machine Learning|ML Deployment|Scikit-learn|Database Design|Statistics|NLP|NumPy|Deep Learning,Data Scientist,Model Deployment API|React Dashboard,Advanced,1
STU00575,SQL|Performance Optimization|Pandas|Python|Model Optimization|Statistics,Data Scientist,Database Schema Design,Beginner,0
STU01301,Statistics|NumPy|Message Queues|Deep Learning,ML Engineer,ML Classifier|REST API,Beginner,1
STU02413,Testing (Jest/RTL)|State Management|Accessibility (a11y),Frontend Developer,Docker Deployment,Beginner,0
STU00275,Webpack/Vite|Message Queues|A/B Testing,Data Scientist,,Beginner,0
STU00965,SQL|CI/CD|Python|Linux/Bash|Microservices|Authentication/Security|Docker,Backend Developer,,Intermediate,1
STU01547,Data Visualization|Responsive Design|Pandas|Model Optimization,ML Engineer,Portfolio Website,Beginner,0
STU00360,SQL|A/B Testing|Data Visualization|Pandas|Python|Feature Engineering|Machine Learning|Scikit-learn|Statistics|NumPy|Docker|Deep Learning|Unit Testing,Data Scientist,Mobile App Backend|A/B Test Analysis,Advanced,1
STU01127,SQL|Django/Flask/FastAPI|Docker|CI/CD|Python|Linux/Bash|Microservices|REST APIs|Database Design|Authentication/Security|Git|Message Queues,Backend Developer,TypeScript App|REST API,Advanced,1
STU00767,Webpack/Vite|NLP|Microservices,Backend Developer,Recommendation System,Beginner,0
STU02003,CSS Frameworks|Testing (Jest/RTL)|Accessibility (a11y)|Machine Learning|NLP|Git,Frontend Developer,Data Dashboard,Beginner,0
STU01726,Accessibility (a11y)|ML Deployment|Statistics|CSS Frameworks|MLOps,ML Engineer,Neural Network|Database Schema Design|Image Classifier,Intermediate,1
STU01888,React|Performance Optimization|Testing (Jest/RTL)|Accessibility (a11y)|REST APIs|HTML/CSS|JavaScript,Frontend Developer,Model Deployment API|E-commerce Site,Intermediate,1
STU00286,SQL|Data Visualization|Pandas|Feature Engineering|Machine Learning|Scikit-learn|Statistics|NLP|NumPy|Deep Learning,Data Scientist,,Advanced,1
STU02102,CI/CD|Responsive Design|HTML/CSS|NumPy|JavaScript,Frontend Developer,,Beginner,0
STU01094,SQL|CI/CD|Python|Linux/Bash|REST APIs|Authentication/Security|Git|Django/Flask/FastAPI,Backend Developer,NLP Sentiment Analysis|Neural Network,Advanced,1
STU00888,Git|Feature Engineering,Backend Developer,Web Scraper|Docker Deployment,Beginner,0
STU00423,SQL|Feature Engineering|Pandas|Machine Learning|Scikit-learn|NLP|Deep Learning,Data Scientist,,Intermediate,1
STU01808,SQL|Deep Learning|Message Queues|Pandas|Python|Model Optimization|Feature Engineering|Machine Learning|ML Deployment|Scikit-learn|Statistics|NumPy|Docker|MLOps,ML Engineer,,Advanced,1
STU02347,Webpack/Vite|React|Performance Optimization|Testing (Jest/RTL)|Accessibility (a11y)|HTML/CSS|NumPy|JavaScript,Frontend Developer,,Intermediate,0
STU01587,Machine Learning|Model Optimization|SQL,ML Engineer,,Beginner,0
STU00840,Docker|Unit Testing,Backend Developer,REST API|Portfolio Website,Beginner,1
STU00065,SQL|Data Visualization|Python|Machine Learning|Statistics|NLP|NumPy|Message Queues|Deep Learning,Data Scientist,Image Classifier|TypeScript App,Intermediate,1
STU01645,ML Deployment|Scikit-learn|NumPy|Unit Testing,ML Engineer,,Beginner,0
STU01710,React|Feature Engineering|Python|Machine Learning|Scikit-learn|NumPy,ML Engineer,Web Scraper|Neural Network|EDA Project,Intermediate,1
STU01457,HTML/CSS|Deep Learning|Feature Engineering|MLOps,ML Engineer,Data Dashboard|NLP Sentiment Analysis,Beginner,1
STU01559,SQL|Feature Engineering|Pandas|Python|Machine Learning|ML Deployment|Scikit-learn|HTML/CSS|Statistics|NumPy|Docker|Deep Learning,ML Engineer,React Dashboard|ML Classifier,Advanced,1
STU00230,Data Visualization|Python|Machine Learning|HTML/CSS|Docker,Data Scientist,Model Deployment API|Portfolio Website,Beginner,0
STU01575,SQL|Feature Engineering|Python,ML Engineer,,Intermediate,0
STU01569,NumPy|Pandas|Deep Learning,ML Engineer,ML Classifier,Beginner,1
STU01185,SQL|Docker|MLOps,Backend Developer,Data Dashboard|Model Deployment API,Beginner,0
STU00889,SQL|Git|MLOps,Backend Developer,React Dashboard,Beginner,0
STU01399,Machine Learning,ML Engineer,Portfolio Website|E-commerce Site,Beginner,0
STU00729,CI/CD|Feature Engineering|Python|Microservices|REST APIs|Database Design|Authentication/Security|Git|Docker|Unit Testing,Backend Developer,Image Classifier|Docker Deployment|Portfolio Website,Advanced,1
STU00736,REST APIs,Backend Developer,,Beginner,0
STU01073,Testing (Jest/RTL)|Database Design,Backend Developer,Database Schema Design|Data Dashboard|EDA Project,Beginner,0
STU00374,SQL|NLP|Machine Learning,Data Scientist,Docker Deployment|React Dashboard|ML Classifier,Intermediate,1
STU00759,SQL|Authentication/Security|Git|CI/CD,Backend Developer,,Beginner,0
STU02250,React|Responsive Design|Testing (Jest/RTL)|State Management|TypeScript|HTML/CSS|CSS Frameworks|JavaScript,Frontend Developer,E-commerce Site|React Dashboard,Intermediate,1
STU01667,SQL|Feature Engineering|Python|Machine Learning|Scikit-learn|NumPy|Docker,ML Engineer,Image Classifier,Intermediate,1
STU00297,React|NLP|Pandas|A/B Testing,Data Scientist,EDA Project|Chatbot,Beginner,1
STU00598,Data Visualization|ML Deployment|Pandas|Machine Learning,Data Scientist,Mobile App Backend,Beginner,0
STU01971,React|Testing (Jest/RTL)|Machine Learning|State Management|TypeScript|CSS Frameworks|JavaScript,Frontend Developer,Web Scraper|React Dashboard|REST API,Intermediate,1
STU00099,Pandas|Python|Machine Learning|ML Deployment|REST APIs|Statistics|Message Queues|Deep Learning,Data Scientist,Feature Engineering Pipeline,Advanced,1
STU01054,SQL|Django/Flask/FastAPI|CI/CD|Python|Linux/Bash|Microservices|REST APIs|Docker|Unit Testing,Backend Developer,,Advanced,1
STU01779,SQL|Deep Learning|Responsive Design|Pandas|Feature Engineering|Python|Machine Learning|ML Deployment|Scikit-learn|Statistics|NumPy|Docker|MLOps,ML Engineer,Recommendation System|TypeScript App,Advanced,1
STU01237,SQL|Django/Flask/FastAPI|React|CI/CD|Docker|Linux/Bash|Microservices|Message Queues|Deep Learning,Backend Developer,,Intermediate,1
STU00529,React|A/B Testing|Feature Engineering|Pandas|Scikit-learn|Statistics,Data Scientist,Neural Network|Web Scraper,Intermediate,1
STU01933,SQL|Performance Optimization|Feature Engineering,Frontend Developer,Recommendation System,Beginner,0
STU01612,Machine Learning|ML Deployment|NumPy,ML Engineer,,Intermediate,0
STU01208,SQL|Python|Model Optimization|REST APIs|Database Design|Authentication/Security|Git|Unit Testing|JavaScript,Backend Developer,NLP Sentiment Analysis,Intermediate,1
STU00636,SQL|Accessibility (a11y)|Linux/Bash|Scikit-learn|Microservices|REST APIs|Database Design|Git|Unit Testing,Backend Developer,Neural Network|Docker Deployment,Intermediate,1
STU02196,Testing (Jest/RTL)|React|Pandas|TypeScript,Frontend Developer,Portfolio Website|Neural Network,Beginner,1
STU00185,SQL|A/B Testing|Data Visualization|Pandas|Feature Engineering|Scikit-learn|Statistics|NumPy,Data Scientist,Web Scraper|Portfolio Website,Intermediate,1
STU01996,React|CSS Frameworks|Performance Optimization,Frontend Developer,A/B Test Analysis|Chatbot,Intermediate,0
STU00944,NumPy|Docker,Backend Developer,Docker Deployment,Beginner,0
STU01804,SQL|Statistics|Docker,ML Engineer,Database Schema Design|Mobile App Backend|A/B Test Analysis,Intermediate,0
STU01656,React|MLOps,ML Engineer,Web Scraper|A/B Test Analysis,Beginner,0
STU01778,SQL|Accessibility (a11y)|Feature Engineering|Python|Machine Learning|Scikit-learn|Statistics|Deep Learning|MLOps,ML Engineer,,Intermediate,1
STU00511,A/B Testing|Responsive Design|Pandas|Python|Scikit-learn|Microservices|Statistics|Deep Learning,Data Scientist,,Intermediate,1
STU00800,Docker|Feature Engineering|Scikit-learn|REST APIs|Django/Flask/FastAPI,Backend Developer,,Intermediate,0
STU01134,Accessibility (a11y)|Pandas|REST APIs|Database Design|Docker,Backend Developer,,Intermediate,0
STU01394,Feature Engineering|Pandas|Python|Linux/Bash|Scikit-learn|TypeScript|MLOps,ML Engineer,,Intermediate,0
STU02405,REST APIs,Frontend Developer,,Beginner,0
STU00607,SQL|A/B Testing|Feature Engineering|Python|Pandas|ML Deployment|REST APIs|Statistics|NumPy,Data Scientist,EDA Project,Intermediate,1
STU01207,HTML/CSS|Authentication/Security|Python,Backend Developer,EDA Project|Database Schema Design,Beginner,0
STU00151,Machine Learning|Statistics|Python|Deep Learning,Data Scientist,Feature Engineering Pipeline,Beginner,1
STU01557,Pandas|Machine Learning|ML Deployment|Scikit-learn|NumPy|Docker|Deep Learning,ML Engineer,ML Classifier,Intermediate,1
STU00856,Message Queues|CI/CD|Database Design|Git|Docker|Unit Testing,Backend Developer,Mobile App Backend|TypeScript App,Intermediate,1
STU01135,Data Visualization|Accessibility (a11y)|Message Queues,Backend Developer,React Dashboard,Beginner,0
STU00874,SQL|React|Microservices,Backend Developer,Database Schema Design|React Dashboard,Beginner,0
STU02275,React|SQL|Testing (Jest/RTL)|Accessibility (a11y)|TypeScript|Git,Frontend Developer,REST API,Intermediate,1
STU00023,Responsive Design|Feature Engineering|State Management|Statistics|Deep Learning,Data Scientist,Model Deployment API|TypeScript App|Chatbot,Intermediate,0
STU00158,A/B Testing|Data Visualization|Feature Engineering|Pandas|Scikit-learn|Message Queues,Data Scientist,,Intermediate,0
STU00331,SQL|Python|Machine Learning|ML Deployment|Scikit-learn|TypeScript|Database Design|Statistics|NLP|NumPy,Data Scientist,Portfolio Website,Intermediate,1
STU01110,SQL|Docker|CI/CD|Git|Django/Flask/FastAPI,Backend Developer,,Intermediate,0
STU02387,HTML/CSS|Testing (Jest/RTL)|Unit Testing,Frontend Developer,Neural Network|TypeScript App,Beginner,0
STU01717,Feature Engineering|Pandas|Model Optimization|ML Deployment|Scikit-learn|Statistics|Docker|MLOps,ML Engineer,REST API,Advanced,1
STU02365,React|Webpack/Vite|Performance Optimization|State Management|ML Deployment|TypeScript|REST APIs|HTML/CSS|NLP,Frontend Developer,,Intermediate,1
STU02449,SQL|Testing (Jest/RTL)|State Management|HTML/CSS|JavaScript,Frontend Developer,Database Schema Design|E-commerce Site|Neural Network,Intermediate,1
STU00642,SQL|Docker|CI/CD|Data Visualization|Python|Linux/Bash|Model Optimization|REST APIs|Git|Message Queues|Unit Testing,Backend Developer,Portfolio Website,Advanced,1
STU01437,SQL|Pandas|Python|Model Optimization|NumPy|Machine Learning|Linux/Bash|Scikit-learn|REST APIs|Statistics|Deep Learning|MLOps,ML Engineer,Model Deployment API,Advanced,1
STU00311,Responsive Design|Data Visualization|Python|Machine Learning|NumPy,Data Scientist,Feature Engineering Pipeline|Image Classifier|TypeScript App,Intermediate,1
STU00351,React|SQL|Performance Optimization|A/B Testing|Data Visualization,Data Scientist,Neural Network|Docker Deployment|Data Dashboard,Intermediate,1
STU00548,SQL|CI/CD|Python|Machine Learning|Statistics|MLOps,Data Scientist,,Intermediate,0
STU01744,Feature Engineering|Model Optimization|Machine Learning|Scikit-learn|MLOps,ML Engineer,NLP Sentiment Analysis,Intermediate,1
STU01125,SQL|Python|MLOps|Authentication/Security|Deep Learning,Backend Developer,Model Deployment API|NLP Sentiment Analysis,Beginner,0
STU00306,SQL|Statistics|A/B Testing,Data Scientist,TypeScript App,Intermediate,0
STU00287,React|Pandas|Python,Data Scientist,,Beginner,0
STU00694,SQL|Django/Flask/FastAPI|Linux/Bash|CI/CD,Backend Developer,Neural Network|ML Classifier,Intermediate,0
STU00962,Unit Testing,Backend Developer,Recommendation System|React Dashboard,Beginner,0
STU00630,SQL|Django/Flask/FastAPI|Accessibility (a11y)|Python|Machine Learning|Microservices|Git|Docker,Backend Developer,Neural Network|Database Schema Design,Intermediate,1
STU01812,Pandas|Python|ML Deployment|HTML/CSS|Statistics|NumPy|Docker|Deep Learning|Unit Testing,ML Engineer,E-commerce Site|Image Classifier|Web Scraper,Intermediate,1
STU00949,SQL|Django/Flask/FastAPI|CI/CD|Python|Linux/Bash|TypeScript|REST APIs|Database Design|Authentication/Security|Message Queues|Unit Testing,Backend Developer,Chatbot|REST API|Model Deployment API,Advanced,1
STU01389,SQL|Deep Learning|Pandas|Git|Machine Learning|ML Deployment|Statistics|NumPy|Docker|MLOps,ML Engineer,,Advanced,1
STU00986,SQL|Message Queues|CI/CD|Pandas|Machine Learning|REST APIs|Git|Django/Flask/FastAPI|Unit Testing,Backend Developer,A/B Test Analysis,Intermediate,1
STU00990,Webpack/Vite|Docker|Python|Linux/Bash|REST APIs|Authentication/Security|Django/Flask/FastAPI|Unit Testing,Backend Developer,Mobile App Backend,Intermediate,1
STU01590,Pandas|ML Deployment|Scikit-learn|Docker|MLOps,ML Engineer,Neural Network|Docker Deployment|Recommendation System,Intermediate,1
STU00781,SQL|Webpack/Vite|Responsive Design|Microservices|REST APIs|Message Queues|Unit Testing,Backend Developer,TypeScript App|Web Scraper|ML Classifier,Intermediate,0
STU01376,Machine Learning|NLP|React|Pandas,ML Engineer,Data Dashboard,Beginner,0
STU00836,SQL|Message Queues|Python|Model Optimization|REST APIs|Database Design|Authentication/Security|Django/Flask/FastAPI,Backend Developer,,Intermediate,1
STU01435,Accessibility (a11y)|Feature Engineering|Machine Learning|Authentication/Security|Deep Learning|MLOps,ML Engineer,E-commerce Site|A/B Test Analysis|Model Deployment API,Beginner,1
STU02417,Testing (Jest/RTL)|ML Deployment|State Management|Machine Learning,Frontend Developer,Chatbot|EDA Project|Web Scraper,Beginner,0
STU00013,Data Visualization,Data Scientist,TypeScript App|Neural Network,Beginner,0
STU01220,SQL|Message Queues|CSS Frameworks|Docker|CI/CD|Testing (Jest/RTL)|Python|Linux/Bash|Microservices|REST APIs|Authentication/Security|Git|Django/Flask/FastAPI|Unit Testing,Backend Developer,E-commerce Site|REST API|Database Schema Design,Advanced,1
STU01407,Performance Optimization|Feature Engineering|Pandas|Model Optimization|Python|Machine Learning|ML Deployment|MLOps|Scikit-learn|Statistics|NumPy|Docker|Deep Learning|JavaScript,ML Engineer,Data Dashboard|Docker Deployment,Advanced,1
STU00514,ML Deployment|NumPy|Python|Unit Testing,Data Scientist,,Intermediate,0
STU00409,A/B Testing|Data Visualization|Pandas|Scikit-learn|Statistics|NLP|Message Queues|Deep Learning,Data Scientist,EDA Project,Intermediate,1
STU00861,SQL|Git|CI/CD,Backend Developer,,Beginner,0
STU00313,SQL|A/B Testing|CI/CD|Data Visualization|Pandas|Python|Feature Engineering|Machine Learning|ML Deployment|Scikit-learn|NLP|NumPy|Deep Learning|Authentication/Security,Data Scientist,Model Deployment API|Web Scraper,Advanced,1
STU01870,SQL|NumPy|Model Optimization,ML Engineer,TypeScript App,Intermediate,0
STU01302,Machine Learning|Deep Learning|Model Optimization|REST APIs,ML Engineer,ML Classifier|REST API|Web Scraper,Intermediate,1
STU01279,Feature Engineering|Pandas|Model Optimization|Machine Learning|Docker,ML Engineer,REST API|EDA Project,Intermediate,1
STU02499,React|Performance Optimization|Responsive Design|Machine Learning|State Management|TypeScript|HTML/CSS|CSS Frameworks|Authentication/Security|JavaScript,Frontend Developer,,Intermediate,1
STU02358,React|Responsive Design|Testing (Jest/RTL)|HTML/CSS|CSS Frameworks|Django/Flask/FastAPI,Frontend Developer,Neural Network,Intermediate,0
STU00382,SQL|Webpack/Vite|A/B Testing|Accessibility (a11y)|Feature Engineering|Pandas|Python|Statistics,Data Scientist,Database Schema Design|EDA Project|Mobile App Backend,Intermediate,1
STU01199,Python,Backend Developer,,Beginner,0
STU01623,Feature Engineering|Python|Model Optimization|Machine Learning|Scikit-learn|Statistics|Docker|MLOps,ML Engineer,Docker Deployment|Data Dashboard|Neural Network,Intermediate,1
STU01877,Webpack/Vite|React|SQL|Testing (Jest/RTL)|State Management|REST APIs|Git|Django/Flask/FastAPI,Frontend Developer,,Intermediate,1
STU01509,Python|Linux/Bash|Machine Learning|Statistics|Deep Learning|Unit Testing,ML Engineer,,Intermediate,0
STU01001,SQL|CI/CD|Docker|Linux/Bash|REST APIs|Database Design|Authentication/Security|Git|Message Queues|Unit Testing,Backend Developer,Recommendation System|REST API|React Dashboard,Advanced,1
STU02240,React|Performance Optimization|Linux/Bash|REST APIs,Frontend Developer,EDA Project,Intermediate,0
STU00263,SQL|Feature Engineering|Python|Pandas|Model Optimization|Deep Learning,Data Scientist,,Intermediate,0
STU01290,SQL|Deep Learning|Model Optimization,ML Engineer,,Beginner,0
STU02159,Responsive Design|Feature Engineering|HTML/CSS|Django/Flask/FastAPI|JavaScript,Frontend Developer,Web Scraper,Beginner,0
STU01783,Performance Optimization|Feature Engineering|Machine Learning|ML Deployment|HTML/CSS|NumPy|Docker,ML Engineer,,Intermediate,1
STU00415,Feature Engineering,Data Scientist,Recommendation System|Web Scraper,Beginner,0
STU01113,Database Design|Python|Model Optimization,Backend Developer,Model Deployment API|Database Schema Design,Beginner,0
STU00358,Webpack/Vite|Python|A/B Testing|ML Deployment,Data Scientist,Data Dashboard|Neural Network|Image Classifier,Beginner,1
STU01173,SQL|NLP|TypeScript|Database Design|Authentication/Security|Git|Django/Flask/FastAPI|Unit Testing,Backend Developer,,Intermediate,1
STU00008,NLP|Scikit-learn,Data Scientist,,Beginner,0
STU02020,State Management|Scikit-learn|Model Optimization|JavaScript,Frontend Developer,EDA Project,Beginner,0
STU00316,A/B Testing|Data Visualization|Machine Learning|Scikit-learn|Statistics|NLP,Data Scientist,TypeScript App|Feature Engineering Pipeline,Intermediate,1
STU00304,Performance Optimization|A/B Testing|Python|Machine Learning|Scikit-learn|JavaScript,Data Scientist,,Beginner,0
STU00427,SQL|NLP|JavaScript,Data Scientist,Chatbot|Feature Engineering Pipeline|Mobile App Backend,Beginner,1
STU00105,A/B Testing|HTML/CSS|Authentication/Security|NumPy|Deep Learning,Data Scientist,Chatbot|REST API,Intermediate,1
STU02044,Performance Optimization|Testing (Jest/RTL)|Accessibility (a11y)|NumPy|Model Optimization|State Management|TypeScript|CSS Frameworks|Git,Frontend Developer,A/B Test Analysis|Web Scraper,Advanced,1
STU00121,SQL|TypeScript|Data Visualization|HTML/CSS,Data Scientist,REST API|ML Classifier,Beginner,1
STU00821,SQL|Docker|Statistics|Database Design|Authentication/Security|Git|Django/Flask/FastAPI|Unit Testing,Backend Developer,,Intermediate,1
STU01552,Performance Optimization|ML Deployment|HTML/CSS|Docker|Deep Learning,ML Engineer,Feature Engineering Pipeline|ML Classifier|Portfolio Website,Beginner,1
STU02290,Webpack/Vite|Performance Optimization|Database Design|NLP|Git|JavaScript,Frontend Developer,,Beginner,0
STU01398,Pandas|Model Optimization|Machine Learning|REST APIs|Deep Learning|Unit Testing,ML Engineer,EDA Project,Beginner,0
STU01775,Pandas|Machine Learning|ML Deployment|TypeScript|Git|Deep Learning,ML Engineer,Recommendation System|ML Classifier,Intermediate,1
STU02299,Webpack/Vite|Responsive Design|Accessibility (a11y)|State Management|CSS Frameworks|JavaScript,Frontend Developer,TypeScript App,Intermediate,1
STU00115,SQL|Data Visualization|Feature Engineering|Python|Pandas|ML Deployment|Microservices|Database Design|Statistics|NLP|Deep Learning,Data Scientist,Web Scraper,Advanced,1
STU01513,SQL|Pandas|Python|Model Optimization|Machine Learning|ML Deployment|Scikit-learn|TypeScript|Statistics|Docker|MLOps,ML Engineer,Feature Engineering Pipeline|A/B Test Analysis|EDA Project,Advanced,1
STU00744,SQL|Python|Database Design|Git|Django/Flask/FastAPI,Backend Developer,Data Dashboard|NLP Sentiment Analysis,Intermediate,0
STU01558,SQL|ML Deployment|Scikit-learn,ML Engineer,,Beginner,0
STU02333,Webpack/Vite|React|Responsive Design|Pandas|TypeScript|REST APIs|HTML/CSS|CSS Frameworks|MLOps|JavaScript,Frontend Developer,Chatbot|NLP Sentiment Analysis|Recommendation System,Intermediate,1
STU00911,SQL|Django/Flask/FastAPI|CI/CD|Python|Linux/Bash|Microservices|REST APIs|HTML/CSS|Database Design|Git|Message Queues,Backend Developer,Data Dashboard|React Dashboard|EDA Project,Advanced,1
STU01488,MLOps,ML Engineer,ML Classifier,Beginner,1
STU00672,Python|Linux/Bash|Microservices|REST APIs|Statistics|CSS Frameworks|Django/Flask/FastAPI|Unit Testing,Backend Developer,Mobile App Backend,Advanced,1
STU02306,React|Responsive Design|Testing (Jest/RTL)|TypeScript|REST APIs|JavaScript,Frontend Developer,,Intermediate,1
STU02051,React|Responsive Design|Testing (Jest/RTL)|Machine Learning|State Management|REST APIs|HTML/CSS|CSS Frameworks|JavaScript,Frontend Developer,,Advanced,1
STU01640,SQL|Webpack/Vite|Deep Learning|Feature Engineering|Python|Model Optimization|Pandas|Machine Learning|ML Deployment|Scikit-learn|Microservices|Statistics|NumPy|Docker|MLOps,ML Engineer,,Advanced,1
STU00309,Pandas|Statistics|NumPy|Docker|Deep Learning|JavaScript,Data Scientist,,Intermediate,0
STU00591,SQL|Data Visualization|Scikit-learn|REST APIs|NLP,Data Scientist,,Intermediate,0
STU00462,SQL|A/B Testing|Data Visualization|Feature Engineering|Pandas|Python|ML Deployment|Scikit-learn|Statistics|NLP|NumPy|Deep Learning,Data Scientist,TypeScript App|Data Dashboard,Advanced,1
STU01987,React|Webpack/Vite|Responsive Design|State Management|REST APIs|HTML/CSS|CSS Frameworks|Git,Frontend Developer,REST API|Data Dashboard,Advanced,1
STU00941,SQL|Message Queues|Python|Linux/Bash|NLP|Git|Docker,Backend Developer,Image Classifier|EDA Project|Chatbot,Intermediate,0
STU01647,SQL|Webpack/Vite|Data Visualization|Python|Model Optimization|Machine Learning|ML Deployment|Statistics,ML Engineer,Chatbot|Docker Deployment|EDA Project,Intermediate,1
STU02366,Testing (Jest/RTL)|Accessibility (a11y)|Pandas|State Management|Database Design|Git,Frontend Developer,Docker Deployment|Portfolio Website,Intermediate,1
STU00552,SQL|Machine Learning|ML Deployment|CSS Frameworks|MLOps,Data Scientist,Image Classifier|NLP Sentiment Analysis,Beginner,1
STU00087,SQL|A/B Testing|Pandas|Machine Learning|HTML/CSS,Data Scientist,,Intermediate,0
STU00690,SQL|Message Queues|CI/CD|Linux/Bash|Statistics|REST APIs|Database Design|Authentication/Security|Git|Docker|Unit Testing,Backend Developer,Chatbot|TypeScript App|Image Classifier,Advanced,1
STU01691,Feature Engineering|Pandas|Model Optimization|Machine Learning|NumPy|Docker|Deep Learning,ML Engineer,Database Schema Design,Intermediate,1
STU02412,React|Webpack/Vite|Performance Optimization|Responsive Design|Testing (Jest/RTL)|Accessibility (a11y)|State Management|TypeScript|CSS Frameworks|JavaScript,Frontend Developer,React Dashboard|ML Classifier,Advanced,1
STU01615,Feature Engineering|Python|Model Optimization|Pandas|Machine Learning|ML Deployment|Statistics|NumPy|Docker|MLOps,ML Engineer,ML Classifier|A/B Test Analysis,Advanced,1
STU01161,SQL|A/B Testing|CI/CD|Python|ML Deployment|Microservices|REST APIs|Database Design|Authentication/Security|Git|Django/Flask/FastAPI|Unit Testing,Backend Developer,Model Deployment API|Data Dashboard|Portfolio Website,Advanced,1
STU02420,Testing (Jest/RTL)|Git|TypeScript|Responsive Design,Frontend Developer,Feature Engineering Pipeline|Image Classifier|A/B Test Analysis,Beginner,0
STU01413,ML Deployment|Deep Learning|Feature Engineering|Python,ML Engineer,E-commerce Site|TypeScript App,Beginner,0
STU02219,Webpack/Vite|React|Responsive Design|Testing (Jest/RTL)|Accessibility (a11y)|State Management|Scikit-learn|TypeScript|HTML/CSS|CSS Frameworks|Git|JavaScript,Frontend Developer,REST API,Advanced,1
STU00543,Performance Optimization|Pandas|Linux/Bash|NLP|Deep Learning,Data Scientist,TypeScript App,Intermediate,0
STU01760,Data Visualization|Machine Learning|Scikit-learn|Statistics|NumPy|Docker,ML Engineer,,Intermediate,0
STU02216,Accessibility (a11y)|Message Queues|Responsive Design|JavaScript,Frontend Developer,ML Classifier|React Dashboard|Feature Engineering Pipeline,Intermediate,1
STU00494,SQL|Statistics|ML Deployment|Pandas,Data Scientist,,Intermediate,0
STU00365,SQL|CI/CD|Data Visualization|Feature Engineering|Pandas|Machine Learning|ML Deployment|Scikit-learn|REST APIs|NLP|NumPy|Deep Learning,Data Scientist,Model Deployment API,Advanced,1
STU02258,Webpack/Vite|Performance Optimization|Responsive Design|Testing (Jest/RTL)|Accessibility (a11y)|State Management|TypeScript|REST APIs|HTML/CSS|Database Design|CSS Frameworks|Git|JavaScript,Frontend Developer,,Advanced,1
STU01550,Docker|MLOps,ML Engineer,Recommendation System,Beginner,1
STU00273,Data Visualization|Feature Engineering|Pandas|Python|Machine Learning|ML Deployment|Scikit-learn|Statistics|NLP|NumPy,Data Scientist,ML Classifier|E-commerce Site,Advanced,1
STU00788,Testing (Jest/RTL)|A/B Testing|Python|CI/CD,Backend Developer,,Beginner,0
STU00071,React|A/B Testing|Feature Engineering|Python|Pandas|Machine Learning|Scikit-learn|Statistics|Deep Learning,Data Scientist,,Intermediate,1
STU01242,SQL|CI/CD|Linux/Bash|Microservices|HTML/CSS|NumPy,Backend Developer,E-commerce Site|Database Schema Design,Intermediate,1
STU01811,Database Design|Scikit-learn|Docker,ML Engineer,ML Classifier,Beginner,0
STU00063,Pandas|ML Deployment|Scikit-learn|Authentication/Security|MLOps,Data Scientist,Portfolio Website|Neural Network,Intermediate,1
STU00394,Accessibility (a11y)|Feature Engineering|MLOps,Data Scientist,REST API|Mobile App Backend,Beginner,0
STU01204,Git|Message Queues|Responsive Design|JavaScript,Backend Developer,Database Schema Design|Recommendation System,Beginner,0
STU00343,CSS Frameworks|Data Visualization|ML Deployment|Microservices|NLP,Data Scientist,Mobile App Backend|Neural Network,Beginner,1
STU01374,SQL|CSS Frameworks|Feature Engineering|Deep Learning,ML Engineer,,Beginner,0
STU01380,Machine Learning|Statistics|Scikit-learn,ML Engineer,Mobile App Backend|EDA Project|Web Scraper,Intermediate,1
STU00500,SQL|A/B Testing|Data Visualization|Pandas|Python|Feature Engineering|Machine Learning|ML Deployment|Scikit-learn|Statistics|NLP|NumPy|Deep Learning,Data Scientist,TypeScript App,Advanced,1
STU01672,Machine Learning|Feature Engineering|SQL,ML Engineer,EDA Project|TypeScript App,Beginner,0
STU00677,SQL|Webpack/Vite|Python|Linux/Bash|REST APIs|Authentication/Security|Git|Message Queues|Unit Testing,Backend Developer,Model Deployment API|Chatbot|Data Dashboard,Intermediate,1
STU01027,Testing (Jest/RTL)|Pandas|Python|Microservices|REST APIs|Authentication/Security|Git|Docker|Unit Testing,Backend Developer,Portfolio Website|NLP Sentiment Analysis|Feature Engineering Pipeline,Intermediate,1
STU01886,State Management|Unit Testing|Responsive Design|JavaScript,Frontend Developer,Image Classifier,Beginner,0
STU02465,Webpack/Vite|Responsive Design|Testing (Jest/RTL)|Accessibility (a11y)|State Management|TypeScript|HTML/CSS,Frontend Developer,,Intermediate,1
STU00272,SQL|Responsive Design|Pandas|Python|Machine Learning|MLOps|Statistics|Deep Learning,Data Scientist,,Intermediate,0
STU02473,Webpack/Vite|Responsive Design|Testing (Jest/RTL)|Pandas|State Management|Scikit-learn|REST APIs|HTML/CSS|Git|JavaScript,Frontend Developer,,Advanced,1
STU00205,SQL|A/B Testing|CSS Frameworks|Data Visualization|Python|Machine Learning|ML Deployment|HTML/CSS|Statistics|NLP,Data Scientist,Chatbot,Intermediate,1
STU00733,Git|Django/Flask/FastAPI|REST APIs,Backend Developer,NLP Sentiment Analysis|Feature Engineering Pipeline,Beginner,0
STU00152,A/B Testing|Feature Engineering|Python|Pandas|Machine Learning|TypeScript|Deep Learning,Data Scientist,Docker Deployment,Intermediate,1
STU02370,React|Testing (Jest/RTL)|CSS Frameworks|JavaScript,Frontend Developer,Data Dashboard,Intermediate,0
STU00557,NumPy,Data Scientist,E-commerce Site|Model Deployment API,Beginner,0
STU00377,Statistics|NLP|Pandas|Deep Learning,Data Scientist,,Beginner,0
STU00535,Machine Learning|ML Deployment|Feature Engineering|Pandas,Data Scientist,,Intermediate,0
STU00973,Database Design|Docker,Backend Developer,Feature Engineering Pipeline,Beginner,0
STU01000,Microservices|CI/CD,Backend Developer,,Beginner,0
STU01872,SQL|Deep Learning|Pandas|Python|Feature Engineering|Machine Learning|ML Deployment|Scikit-learn|NumPy|Docker|MLOps,ML Engineer,,Advanced,1
STU00198,Scikit-learn|Feature Engineering|Deep Learning|JavaScript,Data Scientist,NLP Sentiment Analysis,Intermediate,0
STU00561,A/B Testing|Python|Machine Learning|Scikit-learn|Statistics|NLP|Deep Learning,Data Scientist,,Advanced,1
STU00685,SQL|CI/CD|Docker|Python|Linux/Bash|Git|Message Queues|MLOps|Unit Testing,Backend Developer,,Advanced,1
STU01213,Webpack/Vite|CSS Frameworks|CI/CD,Backend Developer,Feature Engineering Pipeline|ML Classifier,Beginner,0
STU00590,SQL|Performance Optimization|Python|Model Optimization|NumPy,Data Scientist,React Dashboard,Intermediate,0
STU00519,A/B Testing|Feature Engineering|Machine Learning|ML Deployment|Scikit-learn|NumPy|Docker,Data Scientist,A/B Test Analysis|Mobile App Backend|Model Deployment API,Intermediate,1
STU00308,A/B Testing|Data Visualization|Feature Engineering|Python|Linux/Bash|ML Deployment|HTML/CSS|Statistics|NumPy,Data Scientist,E-commerce Site|Docker Deployment,Intermediate,0
STU00604,CSS Frameworks|A/B Testing|Feature Engineering|Python|HTML/CSS|NLP,Data Scientist,Model Deployment API,Beginner,0
STU02154,Webpack/Vite|Responsive Design|Linux/Bash|State Management|Django/Flask/FastAPI,Frontend Developer,A/B Test Analysis|Docker Deployment,Intermediate,0
STU02259,React|Responsive Design|Linux/Bash|REST APIs|HTML/CSS,Frontend Developer,ML Classifier,Beginner,0
STU00059,Performance Optimization|Data Visualization|Feature Engineering|Pandas|Machine Learning|ML Deployment|Deep Learning,Data Scientist,,Advanced,0
STU00583,SQL|CI/CD|Pandas|ML Deployment|NLP,Data Scientist,Portfolio Website|Chatbot|EDA Project,Beginner,1
STU00859,SQL|Pandas|Linux/Bash|Scikit-learn|Microservices|REST APIs|Database Design|Git|Unit Testing,Backend Developer,Docker Deployment,Intermediate,1
STU00207,React|Feature Engineering|Python|Pandas|Linux/Bash|Machine Learning|Scikit-learn|Statistics|NLP,Data Scientist,,Intermediate,0
STU02017,Performance Optimization|Responsive Design|Accessibility (a11y)|Scikit-learn|TypeScript|HTML/CSS|CSS Frameworks|Message Queues,Frontend Developer,Image Classifier|Recommendation System,Intermediate,0
STU00869,React|Django/Flask/FastAPI|Deep Learning,Backend Developer,Mobile App Backend,Beginner,0
STU00785,Git|CI/CD|Python|Unit Testing,Backend Developer,Data Dashboard|Image Classifier,Beginner,0
STU00906,React|Database Design|Microservices|MLOps,Backend Developer,Feature Engineering Pipeline|Data Dashboard,Beginner,0
STU02427,Performance Optimization|Linux/Bash|Scikit-learn|TypeScript|CSS Frameworks|JavaScript,Frontend Developer,React Dashboard,Intermediate,1
STU00792,Django/Flask/FastAPI|Message Queues|CI/CD|Python|Linux/Bash|REST APIs|Database Design|Docker,Backend Developer,Portfolio Website|Neural Network|NLP Sentiment Analysis,Intermediate,1
STU00831,React|CI/CD|Python|REST APIs|Database Design|Authentication/Security|Git|Django/Flask/FastAPI|Unit Testing,Backend Developer,React Dashboard|REST API,Advanced,1
STU00162,Data Visualization|Database Design|ML Deployment|HTML/CSS,Data Scientist,,Beginner,0
STU01307,Feature Engineering|Python|Model Optimization|Machine Learning|ML Deployment|Scikit-learn|NumPy|Docker,ML Engineer,Chatbot|Neural Network,Intermediate,1
STU00526,SQL|A/B Testing|Data Visualization|Pandas|Python|Feature Engineering|Model Optimization|Machine Learning|ML Deployment|Scikit-learn|Statistics|NLP|NumPy|Django/Flask/FastAPI|Deep Learning,Data Scientist,Chatbot,Advanced,1
STU01576,SQL|Deep Learning|Pandas|Python|Model Optimization|Feature Engineering|Machine Learning|ML Deployment|Scikit-learn|Statistics|NumPy|Docker|MLOps,ML Engineer,REST API,Advanced,1
STU00256,HTML/CSS|MLOps|NumPy|A/B Testing,Data Scientist,,Beginner,0
STU00506,ML Deployment|Scikit-learn,Data Scientist,TypeScript App|Model Deployment API,Beginner,0
STU01956,Testing (Jest/RTL)|CSS Frameworks|Git|CI/CD,Frontend Developer,,Intermediate,0
STU02120,Responsive Design|Microservices|TypeScript|REST APIs|Deep Learning,Frontend Developer,,Beginner,0
STU02228,React|Webpack/Vite|Machine Learning|REST APIs|HTML/CSS,Frontend Developer,ML Classifier,Intermediate,0
STU02164,React|State Management|SQL,Frontend Developer,ML Classifier,Beginner,0
STU00862,Message Queues|CI/CD|Python|Microservices|Database Design|NLP|Git|Docker,Backend Developer,E-commerce Site|A/B Test Analysis,Intermediate,1
STU01675,Model Optimization|Linux/Bash|Machine Learning|ML Deployment|Scikit-learn|Docker|Deep Learning,ML Engineer,Database Schema Design|Mobile App Backend|Chatbot,Advanced,1
STU00020,SQL|A/B Testing|Data Visualization|Python|Machine Learning|Scikit-learn|Statistics|NumPy,Data Scientist,EDA Project|Portfolio Website|Chatbot,Intermediate,1
STU01404,Feature Engineering,ML Engineer,TypeScript App|Web Scraper|ML Classifier,Beginner,1
STU00439,Machine Learning|State Management|Message Queues|Python,Data Scientist,,Beginner,0
STU01087,CI/CD|Linux/Bash|Microservices|REST APIs|Database Design|Authentication/Security|Git,Backend Developer,Chatbot|ML Classifier,Advanced,1
STU00381,SQL|A/B Testing|Data Visualization|Feature Engineering|Python|Pandas|Model Optimization|Machine Learning|MLOps|Scikit-learn|Statistics|NLP|NumPy|Deep Learning,Data Scientist,,Advanced,1
STU02108,React|Webpack/Vite|Pandas|TypeScript|Unit Testing|JavaScript,Frontend Developer,Web Scraper,Intermediate,0
STU01261,SQL|Feature Engineering|Model Optimization|Machine Learning|ML Deployment|TypeScript|Statistics|NumPy|Deep Learning|JavaScript,ML Engineer,Feature Engineering Pipeline|Model Deployment API|React Dashboard,Intermediate,1
STU00538,A/B Testing|Data Visualization|Feature Engineering|Python|Machine Learning|ML Deployment|Scikit-learn|Statistics|Authentication/Security,Data Scientist,React Dashboard,Advanced,1
STU00881,CI/CD|Pandas|Git|Unit Testing|JavaScript,Backend Developer,E-commerce Site|Neural Network|Image Classifier,Intermediate,0
STU00902,SQL|Message Queues|Docker|CI/CD|Python|Linux/Bash|Microservices|Database Design|Authentication/Security|Git|Django/Flask/FastAPI,Backend Developer,Chatbot,Advanced,1
STU00083,SQL|Scikit-learn|Python|Machine Learning,Data Scientist,Model Deployment API|ML Classifier|Recommendation System,Intermediate,1
STU02103,React|Responsive Design|Model Optimization|ML Deployment|REST APIs|HTML/CSS,Frontend Developer,,Intermediate,0
STU01200,SQL|Webpack/Vite|CI/CD|Python|Linux/Bash|Microservices|REST APIs|Database Design|NLP|Docker,Backend Developer,,Intermediate,1
STU01309,CSS Frameworks|Pandas|Responsive Design,ML Engineer,Data Dashboard,Beginner,0
STU01226,Git|Django/Flask/FastAPI|Docker,Backend Developer,Feature Engineering Pipeline|Neural Network,Beginner,0
STU02130,Performance Optimization|ML Deployment|State Management|Microservices|HTML/CSS|JavaScript,Frontend Developer,,Beginner,0
STU01749,Deep Learning|Performance Optimization|Pandas|Python|Model Optimization|Feature Engineering|Machine Learning|ML Deployment|Scikit-learn|Statistics|NumPy|Docker|MLOps,ML Engineer,,Advanced,1
STU00270,Data Visualization|React|Python|JavaScript,Data Scientist,Feature Engineering Pipeline,Beginner,0
STU01271,Accessibility (a11y)|Pandas|Linux/Bash,ML Engineer,TypeScript App|Neural Network,Beginner,0
STU01259,SQL|Deep Learning|Feature Engineering|Python|Model Optimization|Machine Learning|ML Deployment|Scikit-learn|Statistics|NumPy|Docker|MLOps,ML Engineer,E-commerce Site,Advanced,1
STU02060,Machine Learning|Database Design|REST APIs,Frontend Developer,,Beginner,0
STU02263,Testing (Jest/RTL)|Responsive Design,Frontend Developer,Image Classifier|Portfolio Website|Web Scraper,Beginner,0
STU01599,Feature Engineering|Python|Machine Learning|ML Deployment|Scikit-learn|REST APIs|Authentication/Security|Docker|MLOps,ML Engineer,Neural Network|Mobile App Backend|Database Schema Design,Advanced,1
STU01960,Performance Optimization|Testing (Jest/RTL)|Machine Learning|State Management|TypeScript|CSS Frameworks|JavaScript,Frontend Developer,React Dashboard,Intermediate,1
STU01029,CI/CD|Python|Linux/Bash|ML Deployment|Database Design|Docker,Backend Developer,Web Scraper,Intermediate,0
STU00429,Feature Engineering|Machine Learning|ML Deployment|Scikit-learn|Statistics|NumPy,Data Scientist,Web Scraper|A/B Test Analysis|Data Dashboard,Intermediate,1
STU02004,React|Accessibility (a11y)|Linux/Bash|REST APIs|JavaScript,Frontend Developer,,Intermediate,0
STU02193,Responsive Design|Testing (Jest/RTL)|Accessibility (a11y)|State Management|REST APIs|CSS Frameworks|Git,Frontend Developer,REST API,Intermediate,1
STU02204,React|Testing (Jest/RTL)|Accessibility (a11y)|TypeScript|REST APIs|CSS Frameworks|Git|JavaScript,Frontend Developer,,Advanced,1
STU00458,SQL|Pandas|Machine Learning|Scikit-learn|NLP|Deep Learning,Data Scientist,Data Dashboard,Advanced,1
STU00078,Machine Learning|ML Deployment|SQL,Data Scientist,ML Classifier,Intermediate,1
STU02429,Testing (Jest/RTL)|JavaScript|REST APIs,Frontend Developer,,Intermediate,0
STU02132,Microservices|HTML/CSS|CSS Frameworks|Authentication/Security|JavaScript,Frontend Developer,NLP Sentiment Analysis|Portfolio Website,Beginner,0
STU00032,Data Visualization|Feature Engineering|Python|Pandas|Model Optimization|ML Deployment|Scikit-learn|Statistics|NumPy|Docker|Deep Learning,Data Scientist,,Advanced,1
STU02124,Testing (Jest/RTL)|Feature Engineering|Linux/Bash|TypeScript|Git|JavaScript,Frontend Developer,Recommendation System,Intermediate,0
STU01349,Database Design|Feature Engineering|Python|Linux/Bash,ML Engineer,,Beginner,0
STU02243,React|Webpack/Vite|Testing (Jest/RTL)|Accessibility (a11y)|State Management|Scikit-learn|TypeScript|REST APIs|HTML/CSS|CSS Frameworks|Git|JavaScript,Frontend Developer,Chatbot,Advanced,1
STU00380,Machine Learning|Statistics|Deep Learning|Linux/Bash,Data Scientist,A/B Test Analysis|Recommendation System|Mobile App Backend,Beginner,1
STU00226,Webpack/Vite|Scikit-learn,Data Scientist,Mobile App Backend|Feature Engineering Pipeline,Beginner,0
STU01994,Data Visualization|NLP|TypeScript,Frontend Developer,Model Deployment API|Data Dashboard,Beginner,0
STU01192,CI/CD|Python|Linux/Bash|REST APIs|Message Queues|Deep Learning|Unit Testing,Backend Developer,,Advanced,1
STU00715,Database Design|A/B Testing|Unit Testing,Backend Developer,REST API|React Dashboard,Beginner,0
STU01762,ML Deployment|Scikit-learn|Statistics|Git|MLOps,ML Engineer,Feature Engineering Pipeline,Beginner,1
STU00686,CI/CD|Python|Linux/Bash|REST APIs|Authentication/Security|Git|Unit Testing|JavaScript,Backend Developer,Chatbot|Data Dashboard|Database Schema Design,Intermediate,1
STU02131,Webpack/Vite|React|Responsive Design|State Management|TypeScript|REST APIs|CSS Frameworks|Git,Frontend Developer,TypeScript App|Docker Deployment,Intermediate,1
STU02484,Webpack/Vite|React|Performance Optimization|Responsive Design|Accessibility (a11y)|Linux/Bash|State Management|TypeScript|REST APIs|HTML/CSS|JavaScript,Frontend Developer,,Advanced,1
STU00305,Feature Engineering|A/B Testing,Data Scientist,React Dashboard|ML Classifier|REST API,Beginner,1
STU00209,NumPy,Data Scientist,Neural Network|Database Schema Design,Beginner,0
STU02153,React|Webpack/Vite|Accessibility (a11y)|State Management|TypeScript|REST APIs|CSS Frameworks|Git|JavaScript,Frontend Developer,ML Classifier|Model Deployment API|Data Dashboard,Advanced,1
STU01670,SQL|Deep Learning,ML Engineer,Database Schema Design|Chatbot,Beginner,0
STU02477,React|Accessibility (a11y)|TypeScript|CSS Frameworks|JavaScript,Frontend Developer,Database Schema Design|EDA Project,Intermediate,0
STU01071,Performance Optimization|Linux/Bash|ML Deployment|Database Design|Django/Flask/FastAPI,Backend Developer,E-commerce Site,Beginner,0
STU01934,Performance Optimization|Accessibility (a11y)|Feature Engineering|TypeScript|REST APIs,Frontend Developer,Model Deployment API,Beginner,0
STU01137,Responsive Design|A/B Testing|Linux/Bash,Backend Developer,Portfolio Website,Beginner,0
STU02007,React|Linux/Bash|State Management|REST APIs|HTML/CSS|CSS Frameworks|Git,Frontend Developer,Database Schema Design,Advanced,1
STU00937,Database Design|Authentication/Security|Message Queues|Linux/Bash,Backend Developer,Mobile App Backend|Portfolio Website,Beginner,1
STU00191,Feature Engineering|Python|Scikit-learn|Statistics|NLP|Deep Learning,Data Scientist,,Intermediate,0
STU01211,Microservices|Message Queues|Python,Backend Developer,,Intermediate,0
STU01075,SQL|Django/Flask/FastAPI|NLP|Python|Linux/Bash|Machine Learning|REST APIs|Database Design|Authentication/Security|Git|Docker|Unit Testing,Backend Developer,EDA Project|Neural Network|Database Schema Design,Advanced,1
STU02456,Authentication/Security|Git|A/B Testing,Frontend Developer,Model Deployment API|Database Schema Design|ML Classifier,Beginner,0
STU00483,A/B Testing|Machine Learning|ML Deployment|Statistics|NumPy|Deep Learning,Data Scientist,A/B Test Analysis|Chatbot|NLP Sentiment Analysis,Advanced,1
STU02383,Webpack/Vite|CSS Frameworks|TypeScript|Responsive Design,Frontend Developer,ML Classifier|REST API|EDA Project,Beginner,0
STU01604,Data Visualization|Statistics|ML Deployment|NumPy,ML Engineer,,Beginner,0
STU00277,Python|Machine Learning|ML Deployment|Statistics|NumPy|Deep Learning|Unit Testing,Data Scientist,,Intermediate,1
STU01508,SQL|Deep Learning|Testing (Jest/RTL)|Data Visualization|Feature Engineering|Pandas|Model Optimization|Python|Machine Learning|ML Deployment|Scikit-learn|Statistics|NumPy|Docker|MLOps,ML Engineer,Docker Deployment|React Dashboard|Feature Engineering Pipeline,Advanced,1
STU00221,Data Visualization|Feature Engineering|Python|Machine Learning|Scikit-learn|NLP|Deep Learning,Data Scientist,,Intermediate,1
STU01229,SQL|CI/CD|Python|Microservices|REST APIs|Database Design|Git|Django/Flask/FastAPI,Backend Developer,EDA Project|Recommendation System,Intermediate,1
STU00571,SQL|A/B Testing|Data Visualization|Python|Machine Learning|Scikit-learn|HTML/CSS|NumPy|Deep Learning,Data Scientist,Docker Deployment|Data Dashboard|Model Deployment API,Intermediate,1
STU00411,SQL|A/B Testing|Data Visualization|Feature Engineering|Python|Pandas|ML Deployment|Scikit-learn|State Management|NumPy|Deep Learning,Data Scientist,Neural Network,Advanced,1
STU01313,MLOps,ML Engineer,,Beginner,0
STU01677,SQL|Feature Engineering|Python|Pandas|Machine Learning|State Management|Scikit-learn|Deep Learning,ML Engineer,,Intermediate,1
STU02178,NLP|REST APIs,Frontend Developer,Mobile App Backend|Image Classifier,Beginner,0
STU00585,SQL|Responsive Design|Python|Machine Learning|Git,Data Scientist,,Beginner,0
STU01730,NumPy|Deep Learning,ML Engineer,,Beginner,0
STU02019,State Management|TypeScript|Responsive Design|JavaScript,Frontend Developer,,Beginner,0
STU02493,React|Responsive Design|REST APIs|CSS Frameworks|Authentication/Security|JavaScript,Frontend Developer,Recommendation System,Intermediate,0
STU01563,SQL|Feature Engineering|MLOps|Scikit-learn|Statistics|Django/Flask/FastAPI|Deep Learning,ML Engineer,ML Classifier|TypeScript App|Database Schema Design,Intermediate,1
STU00674,Python|Microservices|REST APIs|Database Design|Authentication/Security|Git|Django/Flask/FastAPI|Unit Testing,Backend Developer,Mobile App Backend|E-commerce Site|Web Scraper,Intermediate,1
STU01177,Docker|CI/CD|Database Design|Authentication/Security|NumPy|Message Queues|Unit Testing,Backend Developer,Image Classifier|Neural Network|Model Deployment API,Intermediate,1
STU00855,SQL|Docker|CI/CD|Linux/Bash|Microservices|REST APIs|Database Design|Authentication/Security|Git|Django/Flask/FastAPI|Unit Testing,Backend Developer,,Advanced,1
STU00447,Data Visualization|Pandas|Machine Learning|Scikit-learn|Database Design|Unit Testing,Data Scientist,,Beginner,0
STU01905,ML Deployment|REST APIs,Frontend Developer,Portfolio Website,Beginner,0
STU01530,Webpack/Vite|Feature Engineering,ML Engineer,Recommendation System|Feature Engineering Pipeline|Data Dashboard,Beginner,1
STU00222,Webpack/Vite|A/B Testing|CI/CD|Feature Engineering|Pandas|Python|Machine Learning|ML Deployment|Scikit-learn|Statistics,Data Scientist,Recommendation System|React Dashboard,Advanced,1
STU01724,Pandas|Machine Learning|ML Deployment|Scikit-learn|Docker|Deep Learning,ML Engineer,A/B Test Analysis,Intermediate,1
STU02225,SQL|Performance Optimization|Responsive Design|Accessibility (a11y)|Model Optimization|State Management|REST APIs|CSS Frameworks|Git,Frontend Developer,EDA Project|TypeScript App|Docker Deployment,Intermediate,1
STU01628,MLOps|Scikit-learn|Docker|Deep Learning,ML Engineer,Image Classifier|Docker Deployment,Beginner,1
STU01556,SQL|Performance Optimization|Feature Engineering|Scikit-learn|Database Design|Statistics|MLOps,ML Engineer,Data Dashboard,Intermediate,0
STU00969,Docker|Python|Machine Learning|REST APIs|Django/Flask/FastAPI,Backend Developer,A/B Test Analysis|E-commerce Site|NLP Sentiment Analysis,Beginner,0
STU00045,SQL|Feature Engineering,Data Scientist,,Beginner,0
STU02189,React|Accessibility (a11y)|Scikit-learn|HTML/CSS|NumPy,Frontend Developer,Feature Engineering Pipeline|Model Deployment API,Beginner,0
STU02364,REST APIs,Frontend Developer,Data Dashboard|Web Scraper|E-commerce Site,Beginner,0
STU00294,NLP|Docker|Accessibility (a11y),Data Scientist,,Beginner,0
STU01159,SQL|React|Message Queues|CI/CD|Docker|Python|Linux/Bash|Microservices|REST APIs|Database Design|Authentication/Security|Git|Django/Flask/FastAPI,Backend Developer,Docker Deployment|E-commerce Site,Advanced,1
STU00588,Python|ML Deployment|Microservices|REST APIs|Statistics,Data Scientist,Mobile App Backend|TypeScript App|NLP Sentiment Analysis,Beginner,1
STU02053,Webpack/Vite|React|Performance Optimization|Testing (Jest/RTL)|Accessibility (a11y)|State Management|TypeScript|HTML/CSS|CSS Frameworks|JavaScript,Frontend Developer,TypeScript App|NLP Sentiment Analysis|Image Classifier,Advanced,1
STU00257,Data Visualization|Pandas|Python|Machine Learning|ML Deployment|Scikit-learn|REST APIs|Statistics|Deep Learning,Data Scientist,Portfolio Website|E-commerce Site|Data Dashboard,Advanced,1
STU02063,Testing (Jest/RTL)|REST APIs,Frontend Developer,Database Schema Design,Beginner,0
STU02466,React|Performance Optimization|Testing (Jest/RTL)|Python|State Management|TypeScript|CSS Frameworks,Frontend Developer,Model Deployment API,Advanced,1
STU00926,SQL|Webpack/Vite|CI/CD|Database Design|Git,Backend Developer,,Beginner,0
STU02118,A/B Testing|Data Visualization|Accessibility (a11y)|TypeScript|HTML/CSS|JavaScript,Frontend Developer,Data Dashboard|Image Classifier|Mobile App Backend,Beginner,0
STU02297,Webpack/Vite|Performance Optimization|Testing (Jest/RTL)|Python|State Management|TypeScript|REST APIs|HTML/CSS|Database Design|CSS Frameworks|Git|JavaScript,Frontend Developer,Neural Network|Recommendation System,Advanced,1
STU00436,Machine Learning|Statistics|Scikit-learn,Data Scientist,,Intermediate,0
STU00976,Pandas|Microservices|Authentication/Security|Docker|Unit Testing,Backend Developer,Feature Engineering Pipeline|NLP Sentiment Analysis,Beginner,0
STU02036,Testing (Jest/RTL)|Accessibility (a11y)|ML Deployment|REST APIs|CSS Frameworks|JavaScript,Frontend Developer,Database Schema Design|Docker Deployment,Intermediate,0
STU00393,SQL|Pandas|Feature Engineering|Python|Machine Learning|ML Deployment|Statistics|NLP|NumPy,Data Scientist,Recommendation System|Database Schema Design,Advanced,1
STU00425,A/B Testing|Data Visualization|Pandas|Python|Machine Learning|ML Deployment|Statistics|NumPy|Deep Learning,Data Scientist,Model Deployment API|Recommendation System,Advanced,1
STU00534,Statistics|Pandas|Python|REST APIs,Data Scientist,Data Dashboard,Intermediate,0
STU00030,React|Pandas|Python|ML Deployment|Scikit-learn|Statistics|NLP,Data Scientist,Data Dashboard|Feature Engineering Pipeline|TypeScript App,Advanced,1
STU01642,SQL|NumPy,ML Engineer,,Beginner,0
STU02081,Performance Optimization|Accessibility (a11y)|State Management|TypeScript|REST APIs|HTML/CSS|Django/Flask/FastAPI,Frontend Developer,Model Deployment API|Neural Network|Data Dashboard,Intermediate,1
STU01146,Authentication/Security|A/B Testing|ML Deployment|REST APIs,Backend Developer,Image Classifier|A/B Test Analysis,Beginner,0
STU00746,Git|CI/CD,Backend Developer,REST API,Beginner,1
STU01750,SQL|Pandas|Model Optimization|Machine Learning|Docker|MLOps,ML Engineer,,Advanced,0
STU01984,Webpack/Vite|Responsive Design|Linux/Bash|TypeScript|HTML/CSS|Deep Learning|JavaScript,Frontend Developer,REST API,Intermediate,0
STU01268,SQL|Feature Engineering|Python|Model Optimization|Pandas|Machine Learning|ML Deployment|Scikit-learn|MLOps|Statistics|NumPy|Docker|Deep Learning,ML Engineer,,Advanced,1
STU02342,React|Webpack/Vite|Responsive Design|HTML/CSS|CSS Frameworks|Git,Frontend Developer,,Intermediate,0
STU01718,SQL|Deep Learning|Accessibility (a11y)|Feature Engineering|Python|Pandas|Machine Learning|NumPy|Docker|MLOps,ML Engineer,Recommendation System|Chatbot,Advanced,1
STU02212,Performance Optimization|Responsive Design|JavaScript,Frontend Developer,TypeScript App|Docker Deployment,Intermediate,0
STU01412,CSS Frameworks|Docker|Python|Unit Testing,ML Engineer,Database Schema Design,Beginner,0
STU01711,SQL|Deep Learning|Pandas|Python|Feature Engineering|Model Optimization|Machine Learning|ML Deployment|Scikit-learn|Statistics|NumPy|Docker|MLOps,ML Engineer,Web Scraper,Advanced,1
STU02012,React|Performance Optimization|State Management|Scikit-learn|Deep Learning|JavaScript,Frontend Developer,ML Classifier|E-commerce Site,Beginner,1
STU00344,SQL|Responsive Design,Data Scientist,Mobile App Backend|Database Schema Design,Beginner,0
STU00556,SQL|React|ML Deployment|NumPy|Deep Learning,Data Scientist,,Intermediate,0
STU01423,SQL|Testing (Jest/RTL)|Pandas|Python|Model Optimization|Machine Learning|ML Deployment|MLOps|Scikit-learn|Database Design|Deep Learning,ML Engineer,ML Classifier,Advanced,1
STU01037,SQL|Message Queues|CI/CD|Testing (Jest/RTL)|Accessibility (a11y)|Python|Linux/Bash|REST APIs|Database Design|Authentication/Security|Git|Docker,Backend Developer,,Advanced,1
STU00680,Message Queues|Linux/Bash|REST APIs,Backend Developer,TypeScript App|E-commerce Site|EDA Project,Beginner,0
STU02229,Webpack/Vite|Responsive Design|Testing (Jest/RTL)|State Management|TypeScript|REST APIs,Frontend Developer,Web Scraper,Intermediate,0
STU01106,Unit Testing|Responsive Design|Python|CI/CD,Backend Developer,,Intermediate,0
STU00570,HTML/CSS|Git|Python,Data Scientist,,Beginner,0
STU00352,Data Visualization|Scikit-learn|Pandas,Data Scientist,,Beginner,0
STU00091,SQL|A/B Testing|Data Visualization|Feature Engineering|Pandas|Python|Linux/Bash|Machine Learning|Statistics|NLP|NumPy|Deep Learning,Data Scientist,,Advanced,1
STU01210,SQL|Docker|Python|Database Design|Git|Django/Flask/FastAPI|Unit Testing,Backend Developer,,Intermediate,1
STU02106,React|Webpack/Vite|Responsive Design|Accessibility (a11y)|HTML/CSS|CSS Frameworks|Git,Frontend Developer,,Advanced,1
STU01270,SQL|Python|Model Optimization|ML Deployment|Scikit-learn|Statistics|Docker|MLOps,ML Engineer,NLP Sentiment Analysis,Advanced,1
STU02276,React|Responsive Design|Testing (Jest/RTL)|Accessibility (a11y)|State Management|TypeScript|REST APIs|HTML/CSS|CSS Frameworks|Git|JavaScript,Frontend Developer,E-commerce Site|Chatbot,Advanced,1
STU00261,SQL|Performance Optimization|Data Visualization|Feature Engineering|Python|Machine Learning|ML Deployment|REST APIs|Statistics|NLP|Deep Learning,Data Scientist,,Advanced,1
STU01462,CI/CD|Python|Scikit-learn|NumPy|Docker|Deep Learning,ML Engineer,,Intermediate,0
STU00748,CI/CD|Data Visualization|Microservices|Database Design|Git|MLOps,Backend Developer,Neural Network|ML Classifier,Intermediate,0
STU01411,SQL|Responsive Design|Machine Learning|MLOps|Scikit-learn|HTML/CSS|Docker|Deep Learning,ML Engineer,Database Schema Design|Model Deployment API|Recommendation System,Advanced,1
STU01765,CSS Frameworks|Pandas|Responsive Design,ML Engineer,NLP Sentiment Analysis,Beginner,0
STU02437,Webpack/Vite|Performance Optimization|Responsive Design|Feature Engineering|HTML/CSS|CSS Frameworks|Authentication/Security|JavaScript,Frontend Developer,REST API|ML Classifier,Advanced,1
STU01383,Accessibility (a11y)|Model Optimization|NumPy|MLOps|Unit Testing,ML Engineer,,Intermediate,0
STU01004,Database Design|Message Queues|Linux/Bash,Backend Developer,REST API,Intermediate,1
STU00567,Message Queues|Pandas|Deep Learning|JavaScript,Data Scientist,TypeScript App|A/B Test Analysis|Portfolio Website,Beginner,0
STU00322,A/B Testing|Feature Engineering|ML Deployment|Statistics|NLP|Django/Flask/FastAPI,Data Scientist,,Intermediate,0
STU01893,React|Testing (Jest/RTL)|REST APIs|HTML/CSS|CSS Frameworks,Frontend Developer,E-commerce Site|EDA Project|A/B Test Analysis,Intermediate,1
STU02083,Webpack/Vite|Performance Optimization|CSS Frameworks|Authentication/Security,Frontend Developer,,Intermediate,0
STU00348,SQL|A/B Testing|Python|Scikit-learn|Statistics|NLP|NumPy,Data Scientist,Model Deployment API|Data Dashboard,Intermediate,1
STU01089,Docker|Python|Linux/Bash,Backend Developer,Database Schema Design|Model Deployment API|TypeScript App,Intermediate,1
STU01850,A/B Testing|Feature Engineering|Python|Machine Learning|ML Deployment|Scikit-learn|Statistics|Docker|Deep Learning,ML Engineer,ML Classifier|Portfolio Website,Intermediate,1
STU00300,SQL|Feature Engineering|Python|Machine Learning|Scikit-learn|REST APIs|Statistics|NLP|JavaScript,Data Scientist,Data Dashboard|E-commerce Site,Advanced,1
STU01658,Webpack/Vite|Feature Engineering|Docker|Python,ML Engineer,Web Scraper|Neural Network,Beginner,0
STU01316,Data Visualization|Feature Engineering|Git|Docker|Deep Learning,ML Engineer,REST API|Portfolio Website,Intermediate,0
STU02014,Testing (Jest/RTL)|TypeScript|HTML/CSS|CSS Frameworks|MLOps,Frontend Developer,REST API|React Dashboard|Data Dashboard,Intermediate,1
STU01010,Django/Flask/FastAPI|Microservices|Unit Testing|Database Design,Backend Developer,Docker Deployment|Recommendation System,Intermediate,1
STU00964,Django/Flask/FastAPI,Backend Developer,Web Scraper|Neural Network|Docker Deployment,Beginner,0
STU02369,HTML/CSS|State Management|Responsive Design|JavaScript,Frontend Developer,REST API,Intermediate,0
STU02355,State Management|TypeScript|REST APIs|NLP|Authentication/Security,Frontend Developer,Recommendation System,Intermediate,0
STU01128,Message Queues|Docker|CI/CD|Accessibility (a11y)|Linux/Bash|REST APIs|Authentication/Security|Django/Flask/FastAPI|Unit Testing,Backend Developer,Model Deployment API|A/B Test Analysis|ML Classifier,Intermediate,1
STU00315,NumPy,Data Scientist,,Beginner,0
STU02069,Webpack/Vite|Performance Optimization|Accessibility (a11y)|State Management|TypeScript|CSS Frameworks|NumPy|JavaScript,Frontend Developer,Image Classifier|TypeScript App|Chatbot,Intermediate,1
STU00453,SQL|Data Visualization|Accessibility (a11y)|Python|Machine Learning|ML Deployment|NLP|NumPy|Deep Learning,Data Scientist,,Intermediate,0
STU00913,CI/CD|Responsive Design|Python|State Management|REST APIs|Database Design|Authentication/Security|Docker,Backend Developer,Neural Network|Feature Engineering Pipeline|Portfolio Website,Intermediate,1
STU00601,Data Visualization|Pandas|Python|REST APIs|NumPy|Django/Flask/FastAPI,Data Scientist,,Beginner,0
STU00175,SQL|Feature Engineering|Pandas|Python,Data Scientist,NLP Sentiment Analysis|REST API|Recommendation System,Intermediate,1
STU00900,SQL|Webpack/Vite|CI/CD|Data Visualization|Linux/Bash|Microservices|Django/Flask/FastAPI|Unit Testing,Backend Developer,,Intermediate,0
STU02272,Git|NumPy|TypeScript|Responsive Design,Frontend Developer,,Intermediate,0
STU01298,Statistics|Docker,ML Engineer,Portfolio Website|ML Classifier|Neural Network,Beginner,1
STU00037,Data Visualization|Python|Scikit-learn|REST APIs|Statistics|NumPy,Data Scientist,,Intermediate,0
STU00974,SQL|Django/Flask/FastAPI|Docker|Python|Linux/Bash|Microservices|Statistics|Database Design|Authentication/Security|Git|Message Queues|Unit Testing,Backend Developer,Portfolio Website|React Dashboard|E-commerce Site,Advanced,1
STU00123,SQL|Performance Optimization|Pandas|Machine Learning|ML Deployment|Statistics|NumPy|Deep Learning|Unit Testing,Data Scientist,REST API|E-commerce Site|Portfolio Website,Intermediate,1
STU01741,Model Optimization,ML Engineer,ML Classifier,Beginner,1
STU02418,React|Performance Optimization|Data Visualization|Accessibility (a11y)|State Management|HTML/CSS|CSS Frameworks|Git|JavaScript,Frontend Developer,,Intermediate,1
STU00039,SQL|A/B Testing|Feature Engineering|Python|Pandas|ML Deployment|Statistics,Data Scientist,ML Classifier|Chatbot,Intermediate,1
STU02416,Performance Optimization|TypeScript|REST APIs,Frontend Developer,,Beginner,0
STU02009,Webpack/Vite|Performance Optimization|Responsive Design|State Management|TypeScript|REST APIs|CSS Frameworks|Deep Learning,Frontend Developer,Docker Deployment|REST API|Data Dashboard,Intermediate,1
STU01771,CSS Frameworks|Feature Engineering|Pandas|Python|MLOps|Statistics|NLP|NumPy|Docker|Deep Learning,ML Engineer,Feature Engineering Pipeline,Intermediate,1
STU01965,SQL|Database Design|Git|JavaScript,Frontend Developer,NLP Sentiment Analysis,Beginner,0
STU01498,SQL|Feature Engineering|Pandas|Model Optimization|Machine Learning|State Management|Statistics|Git|Docker,ML Engineer,A/B Test Analysis,Advanced,1
STU00634,Git|Unit Testing,Backend Developer,Feature Engineering Pipeline,Beginner,0
STU01966,Performance Optimization|Responsive Design|Accessibility (a11y)|State Management|REST APIs|HTML/CSS|Statistics|CSS Frameworks,Frontend Developer,,Advanced,1
STU00579,SQL|A/B Testing|Data Visualization|Pandas|Python|Feature Engineering|Machine Learning|ML Deployment|Scikit-learn|State Management|NLP|Deep Learning,Data Scientist,Recommendation System|A/B Test Analysis|React Dashboard,Advanced,1
STU01535,Pandas|Python|ML Deployment|Scikit-learn|MLOps|Statistics|NumPy|Deep Learning,ML Engineer,Mobile App Backend|Model Deployment API,Intermediate,1
STU00892,SQL|Django/Flask/FastAPI|CI/CD|Python|Database Design|Docker|Deep Learning,Backend Developer,,Intermediate,0
STU00780,Performance Optimization|Scikit-learn|Docker,Backend Developer,Database Schema Design|ML Classifier,Beginner,0
STU00159,SQL|Data Visualization|Feature Engineering|Python|Pandas|Machine Learning|ML Deployment|Scikit-learn|Database Design|REST APIs|Statistics|NumPy|Deep Learning,Data Scientist,Database Schema Design,Advanced,1
STU01652,Pandas|ML Deployment|Docker|Deep Learning|JavaScript,ML Engineer,,Beginner,0
STU01151,SQL|Message Queues|Docker|Python|Linux/Bash|Statistics|Microservices|REST APIs|Database Design|Authentication/Security|Django/Flask/FastAPI,Backend Developer,,Advanced,1
STU00061,Statistics|A/B Testing,Data Scientist,,Beginner,0
STU00849,Docker|Accessibility (a11y)|State Management|Microservices|Database Design|Message Queues,Backend Developer,EDA Project|Mobile App Backend|React Dashboard,Beginner,1
STU01544,Scikit-learn,ML Engineer,,Beginner,0
STU02410,React|Webpack/Vite|Testing (Jest/RTL)|Accessibility (a11y)|Python|State Management|REST APIs|HTML/CSS|CSS Frameworks,Frontend Developer,,Intermediate,1
STU01043,Authentication/Security|Feature Engineering|Docker|Linux/Bash,Backend Developer,Portfolio Website|EDA Project,Intermediate,0
STU02203,React|Testing (Jest/RTL)|Python|State Management|TypeScript|REST APIs|HTML/CSS|CSS Frameworks|Git,Frontend Developer,E-commerce Site,Intermediate,1
STU02166,Webpack/Vite|A/B Testing|Linux/Bash|CSS Frameworks|Git|JavaScript,Frontend Developer,Mobile App Backend|Docker Deployment|EDA Project,Intermediate,1
STU00053,Responsive Design|Data Visualization|Feature Engineering|Statistics|Deep Learning,Data Scientist,Image Classifier|Docker Deployment|A/B Test Analysis,Beginner,1
STU01546,SQL|Deep Learning|Data Visualization|Pandas|Python|Feature Engineering|Machine Learning|ML Deployment|Scikit-learn|NumPy|Docker|MLOps,ML Engineer,Mobile App Backend,Advanced,1
STU00505,Machine Learning|Statistics|Performance Optimization|Feature Engineering,Data Scientist,Docker Deployment|NLP Sentiment Analysis|React Dashboard,Intermediate,1
STU00752,Unit Testing|Linux/Bash,Backend Developer,,Beginner,0
STU01379,Feature Engineering|NumPy|Machine Learning|ML Deployment|Scikit-learn|TypeScript|Deep Learning|Docker|MLOps|Unit Testing,ML Engineer,Neural Network|EDA Project|ML Classifier,Advanced,1
STU01421,Pandas|Python|Model Optimization|ML Deployment|Scikit-learn|Statistics|CSS Frameworks|Deep Learning,ML Engineer,EDA Project,Advanced,1
STU01391,SQL|ML Deployment|Model Optimization,ML Engineer,Feature Engineering Pipeline,Beginner,1
STU02374,React|Responsive Design|Testing (Jest/RTL)|Accessibility (a11y)|State Management|ML Deployment|TypeScript|REST APIs|HTML/CSS|Deep Learning,Frontend Developer,,Intermediate,1
STU02283,React|Responsive Design|Testing (Jest/RTL)|Accessibility (a11y)|State Management|REST APIs|HTML/CSS|CSS Frameworks|JavaScript,Frontend Developer,,Advanced,1
STU00771,Message Queues|Docker|Feature Engineering|Python|Microservices|CSS Frameworks|Django/Flask/FastAPI|Unit Testing,Backend Developer,Model Deployment API|Web Scraper,Advanced,1
STU02338,React|Webpack/Vite|Performance Optimization|Responsive Design|Testing (Jest/RTL)|State Management|TypeScript|HTML/CSS|CSS Frameworks|MLOps|JavaScript,Frontend Developer,,Advanced,1
STU02234,React|Performance Optimization|Responsive Design|Testing (Jest/RTL)|State Management|CSS Frameworks|JavaScript,Frontend Developer,Mobile App Backend|Data Dashboard,Intermediate,1
STU01193,CI/CD|Python|Linux/Bash|Microservices|Database Design|Authentication/Security|Django/Flask/FastAPI|Unit Testing,Backend Developer,Web Scraper|Recommendation System|Portfolio Website,Advanced,1
STU01189,SQL|NLP|Git|Django/Flask/FastAPI,Backend Developer,React Dashboard|Mobile App Backend,Beginner,0
STU01898,HTML/CSS|State Management|React|TypeScript,Frontend Developer,,Beginner,0
STU01818,Pandas|Python|Scikit-learn|Statistics|Message Queues|Deep Learning|Unit Testing,ML Engineer,ML Classifier|Portfolio Website|Model Deployment API,Intermediate,1
STU01865,SQL|Docker|MLOps|Model Optimization,ML Engineer,EDA Project,Beginner,1
STU01190,Linux/Bash|Database Design|Docker|MLOps|Unit Testing|JavaScript,Backend Developer,ML Classifier|Database Schema Design,Intermediate,0
STU00963,Django/Flask/FastAPI|Python|Linux/Bash|Authentication/Security|Git|Docker,Backend Developer,,Advanced,1
STU01666,HTML/CSS|Deep Learning,ML Engineer,,Beginner,0
STU00398,Data Visualization|ML Deployment|Pandas|SQL,Data Scientist,,Intermediate,0
STU00584,SQL|A/B Testing|Data Visualization|Feature Engineering|Pandas|Python|Machine Learning|ML Deployment|Scikit-learn|Statistics|NLP|NumPy|Django/Flask/FastAPI|Deep Learning,Data Scientist,Feature Engineering Pipeline,Advanced,1
STU00948,SQL|Feature Engineering|Message Queues|Linux/Bash,Backend Developer,Docker Deployment|TypeScript App|REST API,Beginner,1
STU00704,Authentication/Security,Backend Developer,Feature Engineering Pipeline,Beginner,0
STU00431,SQL|Data Visualization|Testing (Jest/RTL)|Feature Engineering|Authentication/Security|Deep Learning,Data Scientist,A/B Test Analysis,Beginner,1
STU00292,Data Visualization|Statistics|NLP|Scikit-learn,Data Scientist,ML Classifier|TypeScript App|Mobile App Backend,Beginner,1
STU01851,CI/CD|Python|MLOps|NLP|NumPy|Deep Learning,ML Engineer,,Beginner,0
STU01444,Scikit-learn|Feature Engineering|Deep Learning,ML Engineer,Docker Deployment|EDA Project,Intermediate,1
STU01601,Machine Learning|ML Deployment|Docker|SQL,ML Engineer,,Beginner,0
STU00002,ML Deployment|NumPy|NLP,Data Scientist,Chatbot,Intermediate,0
STU00576,Testing (Jest/RTL)|Feature Engineering|ML Deployment|Microservices|NLP,Data Scientist,TypeScript App|Database Schema Design,Intermediate,0
STU01790,Statistics|Pandas|Python,ML Engineer,A/B Test Analysis,Beginner,0
STU00339,SQL|React|Data Visualization|Pandas|Git|ML Deployment|NumPy,Data Scientist,,Intermediate,0
STU01105,SQL|Authentication/Security|Git|Machine Learning,Backend Developer,Data Dashboard|Feature Engineering Pipeline,Beginner,0
STU00925,SQL|Unit Testing,Backend Developer,Portfolio Website,Beginner,0
STU00265,A/B Testing|Data Visualization|Feature Engineering|Pandas|Model Optimization|ML Deployment|NLP|Deep Learning,Data Scientist,Model Deployment API,Intermediate,1
STU00376,Feature Engineering|Pandas|Machine Learning|ML Deployment|Statistics|NLP,Data Scientist,Model Deployment API|E-commerce Site,Intermediate,1
STU00271,SQL|Performance Optimization|A/B Testing|Data Visualization|Feature Engineering|Pandas|Python|Machine Learning|Scikit-learn|Statistics|Deep Learning,Data Scientist,Database Schema Design|Data Dashboard|Feature Engineering Pipeline,Advanced,1
STU00696,SQL|Django/Flask/FastAPI|Message Queues|CI/CD|Accessibility (a11y)|Python|Linux/Bash|Microservices|REST APIs|Database Design|Authentication/Security|Docker|Unit Testing,Backend Developer,Feature Engineering Pipeline|NLP Sentiment Analysis|REST API,Advanced,1
STU01618,A/B Testing|Feature Engineering|Git|NumPy|Docker|Deep Learning,ML Engineer,,Beginner,0
STU00244,A/B Testing|Data Visualization|Python|Scikit-learn|NLP|Deep Learning,Data Scientist,Mobile App Backend,Intermediate,1
STU01651,SQL|Pandas|Python|Model Optimization|Git|Scikit-learn|Statistics|NumPy|MLOps,ML Engineer,Neural Network|EDA Project,Intermediate,1
STU00476,Responsive Design|Data Visualization|Model Optimization|Machine Learning|ML Deployment|Scikit-learn|Statistics,Data Scientist,EDA Project,Intermediate,1
STU01178,SQL|Git|Microservices|REST APIs,Backend Developer,Image Classifier|TypeScript App|Web Scraper,Beginner,0
STU01195,CI/CD|Data Visualization|Linux/Bash|Database Design|Git|Unit Testing,Backend Developer,Docker Deployment,Intermediate,0
STU01285,SQL|Pandas|Python|Linux/Bash|Scikit-learn|Statistics|CSS Frameworks|NumPy|Deep Learning,ML Engineer,,Intermediate,0
STU01165,A/B Testing|State Management|Python,Backend Developer,,Beginner,0
STU02252,Performance Optimization|Responsive Design|Testing (Jest/RTL)|Model Optimization|CSS Frameworks|Deep Learning,Frontend Developer,Chatbot|E-commerce Site,Intermediate,1
STU00250,Machine Learning|Testing (Jest/RTL)|NLP|Data Visualization,Data Scientist,REST API|Data Dashboard,Intermediate,1
STU00413,SQL|A/B Testing|Data Visualization|Feature Engineering|Pandas|Python|Machine Learning|ML Deployment|Scikit-learn|Statistics|NLP|NumPy|Deep Learning,Data Scientist,NLP Sentiment Analysis,Advanced,1
STU02411,Testing (Jest/RTL)|Data Visualization|REST APIs|HTML/CSS|Git,Frontend Developer,Mobile App Backend|E-commerce Site,Beginner,1
STU02080,React|CSS Frameworks|HTML/CSS|Responsive Design,Frontend Developer,Recommendation System|REST API,Intermediate,0
STU00310,Feature Engineering|Pandas|Scikit-learn|Statistics|NLP|NumPy|Django/Flask/FastAPI,Data Scientist,Portfolio Website|Neural Network|Image Classifier,Advanced,1
STU00893,Django/Flask/FastAPI|Python|Linux/Bash|Database Design|Authentication/Security|Git|Message Queues|Unit Testing,Backend Developer,Portfolio Website|REST API|Mobile App Backend,Intermediate,1
STU02422,Webpack/Vite|React|Performance Optimization|Responsive Design|TypeScript|REST APIs|HTML/CSS|CSS Frameworks,Frontend Developer,Portfolio Website,Intermediate,1
STU00015,Performance Optimization|Pandas|Machine Learning|Message Queues|Deep Learning,Data Scientist,Docker Deployment|Portfolio Website,Intermediate,0
STU00721,React|Python|REST APIs|Git|Django/Flask/FastAPI|MLOps,Backend Developer,React Dashboard|Image Classifier|Portfolio Website,Intermediate,0
STU02190,Webpack/Vite|Performance Optimization|TypeScript,Frontend Developer,Web Scraper|E-commerce Site,Beginner,1
STU00981,SQL|Message Queues|Linux/Bash,Backend Developer,,Beginner,0
STU02104,Webpack/Vite|Performance Optimization|Responsive Design|Testing (Jest/RTL)|TypeScript|HTML/CSS|CSS Frameworks|JavaScript,Frontend Developer,Database Schema Design|Feature Engineering Pipeline|ML Classifier,Advanced,1
STU01973,HTML/CSS|Python,Frontend Developer,ML Classifier,Beginner,0
STU00363,NLP|Docker|Feature Engineering|ML Deployment,Data Scientist,,Beginner,0
STU01619,Feature Engineering|Model Optimization|ML Deployment|Scikit-learn|State Management,ML Engineer,TypeScript App|React Dashboard,Beginner,0
STU00182,ML Deployment|Docker|Feature Engineering|Model Optimization,Data Scientist,,Beginner,0
STU00985,CSS Frameworks|Django/Flask/FastAPI,Backend Developer,Docker Deployment|Database Schema Design|Model Deployment API,Beginner,1
STU01387,Pandas|Git|Machine Learning|ML Deployment|NumPy|Message Queues,ML Engineer,,Intermediate,0
STU02119,Webpack/Vite|React|Responsive Design|State Management|TypeScript|REST APIs|Statistics|CSS Frameworks|JavaScript,Frontend Developer,,Intermediate,1
STU02075,Testing (Jest/RTL)|Accessibility (a11y)|TypeScript|JavaScript,Frontend Developer,,Intermediate,0
STU00187,Pandas,Data Scientist,ML Classifier,Beginner,0
STU00619,SQL|A/B Testing|Data Visualization|Pandas|Feature Engineering|Git|Machine Learning|ML Deployment|Scikit-learn|Statistics|NumPy|Deep Learning,Data Scientist,,Advanced,1
STU01121,Database Design|CSS Frameworks|Git|Docker|Deep Learning,Backend Developer,TypeScript App|NLP Sentiment Analysis,Intermediate,0
STU00614,SQL|A/B Testing|Data Visualization|Pandas|Python|Feature Engineering|Machine Learning|ML Deployment|Scikit-learn|Statistics|NLP|NumPy|Deep Learning,Data Scientist,REST API,Advanced,1
STU02195,Performance Optimization|TypeScript|Responsive Design|State Management,Frontend Developer,Web Scraper|REST API,Beginner,0
STU00994,Performance Optimization|Accessibility (a11y)|Python|REST APIs|Django/Flask/FastAPI,Backend Developer,Feature Engineering Pipeline,Intermediate,0
STU02033,HTML/CSS|CSS Frameworks|NLP,Frontend Developer,EDA Project|ML Classifier|Chatbot,Beginner,0
STU00371,SQL|A/B Testing|Pandas|Machine Learning|Scikit-learn|NumPy|Deep Learning,Data Scientist,React Dashboard|Web Scraper,Intermediate,1
STU01338,SQL|Pandas|Python|Model Optimization|Feature Engineering|Machine Learning|ML Deployment|Statistics|Deep Learning|Docker|MLOps,ML Engineer,Recommendation System|TypeScript App|A/B Test Analysis,Advanced,1
STU00593,A/B Testing|Feature Engineering|Machine Learning|ML Deployment|Scikit-learn|Deep Learning,Data Scientist,Mobile App Backend|Recommendation System|REST API,Intermediate,1
STU00726,Django/Flask/FastAPI|Microservices|Python,Backend Developer,TypeScript App|Feature Engineering Pipeline|Web Scraper,Beginner,0
STU01842,Statistics|Scikit-learn|Feature Engineering,ML Engineer,,Intermediate,0
STU00687,SQL|Django/Flask/FastAPI|Message Queues|Linux/Bash|NLP|Docker|Unit Testing,Backend Developer,TypeScript App,Advanced,0
STU01660,Data Visualization|Testing (Jest/RTL)|Pandas|ML Deployment|Docker,ML Engineer,Image Classifier|Portfolio Website,Beginner,1
STU00136,Machine Learning|Performance Optimization,Data Scientist,Feature Engineering Pipeline|Chatbot|Web Scraper,Beginner,1
STU00628,SQL|Message Queues|CI/CD|Responsive Design|Python|Linux/Bash|Statistics|Microservices|REST APIs|Database Design|Authentication/Security|Git|Django/Flask/FastAPI|Unit Testing,Backend Developer,Web Scraper|NLP Sentiment Analysis|Mobile App Backend,Advanced,1
STU00334,Scikit-learn|NumPy|Microservices|Docker,Data Scientist,Image Classifier|Docker Deployment,Beginner,0
STU01480,ML Deployment|Scikit-learn|Statistics|NLP|MLOps,ML Engineer,React Dashboard|Model Deployment API,Beginner,0
STU02236,Statistics|Performance Optimization|CI/CD|REST APIs,Frontend Developer,E-commerce Site|Database Schema Design,Beginner,0
STU01109,Webpack/Vite|Git|Model Optimization|REST APIs,Backend Developer,Model Deployment API|Web Scraper,Beginner,0
STU01360,SQL|CI/CD|Python|Statistics|NumPy|MLOps,ML Engineer,EDA Project|Neural Network,Intermediate,1
STU01786,Pandas|MLOps|Database Design|Authentication/Security|Docker|Deep Learning,ML Engineer,Recommendation System|Model Deployment API|Data Dashboard,Intermediate,1
STU00710,SQL|Message Queues|Data Visualization|Python|State Management|Microservices|REST APIs|Authentication/Security|Git|Django/Flask/FastAPI|Unit Testing,Backend Developer,,Advanced,1
STU01039,SQL|Python|REST APIs|Database Design|Git|Docker|Unit Testing,Backend Developer,Chatbot,Advanced,1
STU01308,A/B Testing|Pandas|Python|Feature Engineering|Machine Learning|ML Deployment|Scikit-learn|Statistics|NumPy|Docker|MLOps,ML Engineer,,Advanced,1
STU01774,Message Queues|Python|Model Optimization|ML Deployment|Statistics|Docker|Deep Learning,ML Engineer,E-commerce Site|ML Classifier,Advanced,1
STU02298,Webpack/Vite|React|Responsive Design|Testing (Jest/RTL)|Accessibility (a11y)|State Management|ML Deployment|REST APIs|Git|JavaScript,Frontend Developer,Image Classifier,Advanced,1
STU01112,Webpack/Vite|State Management|Django/Flask/FastAPI|Linux/Bash,Backend Developer,A/B Test Analysis|NLP Sentiment Analysis|ML Classifier,Beginner,0
STU00465,ML Deployment|A/B Testing|Unit Testing,Data Scientist,Portfolio Website,Beginner,0
STU01359,React|Responsive Design|Python|ML Deployment|NumPy|Docker,ML Engineer,E-commerce Site,Intermediate,0
STU02471,CSS Frameworks,Frontend Developer,Portfolio Website|Feature Engineering Pipeline,Beginner,0
STU02145,React|Responsive Design|Accessibility (a11y)|State Management|TypeScript|JavaScript,Frontend Developer,Data Dashboard|REST API,Intermediate,1
STU01104,Python|Linux/Bash|Database Design|Authentication/Security|Git|Django/Flask/FastAPI,Backend Developer,REST API|React Dashboard,Advanced,1
STU01386,React|Python|Linux/Bash|ML Deployment|Statistics|Deep Learning,ML Engineer,Mobile App Backend|ML Classifier|Feature Engineering Pipeline,Beginner,1
STU01999,HTML/CSS|Performance Optimization|NLP,Frontend Developer,Docker Deployment|Model Deployment API|Feature Engineering Pipeline,Beginner,0
STU01451,SQL|Feature Engineering|Python|Linux/Bash|Machine Learning|ML Deployment|Scikit-learn|NumPy|MLOps,ML Engineer,,Advanced,1
STU02091,Responsive Design|Testing (Jest/RTL)|State Management|HTML/CSS|JavaScript,Frontend Developer,EDA Project|E-commerce Site,Intermediate,1
STU01859,Feature Engineering|MLOps|Model Optimization|Pandas,ML Engineer,Web Scraper,Intermediate,0
STU01170,Responsive Design|Testing (Jest/RTL)|Database Design|Authentication/Security|Git,Backend Developer,Mobile App Backend,Beginner,1
STU02098,Webpack/Vite|React|Performance Optimization|Responsive Design|Accessibility (a11y)|Pandas|State Management|REST APIs|HTML/CSS|CSS Frameworks|Git|JavaScript,Frontend Developer,,Advanced,1
STU00816,SQL|Message Queues|Docker|REST APIs,Backend Developer,,Intermediate,0
STU01067,Feature Engineering|Linux/Bash|Authentication/Security|Docker|JavaScript,Backend Developer,Docker Deployment,Beginner,0
STU00274,SQL|Responsive Design|Pandas|Machine Learning|REST APIs|NLP|NumPy|Deep Learning,Data Scientist,NLP Sentiment Analysis|Data Dashboard,Advanced,1
STU01701,Statistics|Python|Unit Testing,ML Engineer,,Beginner,0
STU00865,NLP|Deep Learning|REST APIs,Backend Developer,,Beginner,0
STU00101,SQL|A/B Testing|Data Visualization|Pandas|Python|ML Deployment|Scikit-learn|Statistics|NLP|Django/Flask/FastAPI,Data Scientist,Feature Engineering Pipeline,Advanced,1
STU01613,SQL|Pandas|NumPy|Model Optimization|Feature Engineering|Machine Learning|Python|ML Deployment|Scikit-learn|Statistics|Deep Learning|Docker|MLOps,ML Engineer,Database Schema Design|Mobile App Backend,Advanced,1
STU00107,SQL|A/B Testing|Data Visualization|Feature Engineering|Pandas|Python|Machine Learning|ML Deployment|Statistics|NLP|NumPy,Data Scientist,Data Dashboard,Advanced,1
STU02488,Responsive Design|Pandas|State Management|Git|Deep Learning,Frontend Developer,TypeScript App|Docker Deployment|Data Dashboard,Beginner,0
STU01483,SQL|Statistics|Pandas|Python,ML Engineer,Chatbot,Intermediate,0
STU01361,Docker|Python|Pandas,ML Engineer,Portfolio Website|EDA Project,Beginner,0
STU01222,SQL|Feature Engineering|Python|Linux/Bash|State Management,Backend Developer,Feature Engineering Pipeline,Beginner,0
STU01368,Feature Engineering|Python|Model Optimization|ML Deployment|CSS Frameworks|Docker,ML Engineer,,Intermediate,0
STU02172,Responsive Design|Accessibility (a11y)|TypeScript|REST APIs|HTML/CSS|CSS Frameworks,Frontend Developer,Image Classifier|EDA Project|Recommendation System,Intermediate,0
STU02372,React|Performance Optimization|Responsive Design|Microservices|HTML/CSS,Frontend Developer,Portfolio Website|Web Scraper|Data Dashboard,Intermediate,1
STU01499,SQL|Pandas|Python|Model Optimization|ML Deployment|Scikit-learn|Statistics|Deep Learning,ML Engineer,REST API|Model Deployment API,Advanced,1
STU00712,SQL|Docker|CI/CD|Python|Linux/Bash|ML Deployment|REST APIs|Database Design|Authentication/Security|Git|Django/Flask/FastAPI,Backend Developer,ML Classifier,Advanced,1
STU00072,SQL|Python|Machine Learning|ML Deployment|Statistics|NLP|NumPy,Data Scientist,Web Scraper|A/B Test Analysis|Data Dashboard,Advanced,1
STU01800,SQL|Docker|Deep Learning|Pandas,ML Engineer,EDA Project|Mobile App Backend,Beginner,0
STU02403,Performance Optimization|Accessibility (a11y)|State Management|TypeScript|REST APIs|Git,Frontend Developer,Recommendation System|TypeScript App,Intermediate,1
STU00481,A/B Testing|Data Visualization|Feature Engineering|Pandas|Python|Machine Learning|Scikit-learn|NumPy,Data Scientist,Docker Deployment|Portfolio Website|Model Deployment API,Intermediate,1
STU01665,SQL|Feature Engineering|Machine Learning|MLOps|Microservices|NumPy|Docker|Deep Learning,ML Engineer,Mobile App Backend|Recommendation System,Intermediate,1
STU01419,Feature Engineering|Python|Pandas|ML Deployment|Scikit-learn|TypeScript|NumPy|Docker|Deep Learning,ML Engineer,Database Schema Design|E-commerce Site,Advanced,1
STU01171,SQL|Message Queues|Docker|CI/CD|Pandas|Python|Linux/Bash|Microservices|REST APIs|Database Design|Authentication/Security|Git|Django/Flask/FastAPI|Unit Testing,Backend Developer,,Advanced,1
STU02022,Docker|JavaScript,Frontend Developer,,Beginner,0
STU01441,Accessibility (a11y)|Pandas|Python|Model Optimization|Machine Learning|Database Design|Docker|Deep Learning,ML Engineer,,Intermediate,0
STU00405,SQL|A/B Testing|Data Visualization|Python|Machine Learning|ML Deployment|Scikit-learn|Statistics|NLP|Deep Learning,Data Scientist,E-commerce Site|Web Scraper,Advanced,1
STU00757,SQL|Authentication/Security|State Management|REST APIs,Backend Developer,Data Dashboard|Database Schema Design|Model Deployment API,Beginner,0
STU01362,Django/Flask/FastAPI|Pandas|Python|ML Deployment|Scikit-learn|Database Design|Statistics|NumPy|Docker|MLOps,ML Engineer,Data Dashboard|TypeScript App,Intermediate,1
STU01620,Python|Scikit-learn|Statistics|CSS Frameworks|Docker,ML Engineer,,Intermediate,0
STU01611,SQL|Webpack/Vite|Data Visualization|Pandas|Python|Feature Engineering|Machine Learning|ML Deployment|MLOps|Statistics|NumPy|Docker|Deep Learning,ML Engineer,Docker Deployment|Feature Engineering Pipeline,Advanced,1
STU02220,React|Webpack/Vite|A/B Testing|Responsive Design|Testing (Jest/RTL)|Accessibility (a11y)|State Management|Microservices|TypeScript|REST APIs|HTML/CSS|CSS Frameworks|Git|JavaScript,Frontend Developer,EDA Project|React Dashboard|Model Deployment API,Advanced,1
STU00743,Testing (Jest/RTL)|TypeScript|REST APIs|Database Design|Git|Unit Testing,Backend Developer,Image Classifier|Docker Deployment,Intermediate,1
STU00806,SQL|Django/Flask/FastAPI|A/B Testing|Docker|CI/CD|Python|Linux/Bash|Microservices|REST APIs|Database Design|Authentication/Security|Git|Message Queues|Unit Testing,Backend Developer,TypeScript App|Web Scraper|Feature Engineering Pipeline,Advanced,1
STU02308,SQL|Performance Optimization|Responsive Design|Python|State Management,Frontend Developer,,Intermediate,0
STU01317,SQL|Pandas|Feature Engineering|Machine Learning|ML Deployment|Microservices|Statistics|Authentication/Security|NumPy|Docker,ML Engineer,,Advanced,1
STU01896,Performance Optimization|Responsive Design|Accessibility (a11y)|State Management|HTML/CSS|Git,Frontend Developer,Portfolio Website|Recommendation System,Intermediate,0
STU01506,SQL|Django/Flask/FastAPI|Feature Engineering|Pandas|Python|ML Deployment|Docker|Deep Learning,ML Engineer,,Advanced,1
STU00148,HTML/CSS|Statistics,Data Scientist,,Beginner,0
STU02111,React|CSS Frameworks|Webpack/Vite|JavaScript,Frontend Developer,ML Classifier|TypeScript App,Beginner,0
STU01436,SQL|CI/CD|Feature Engineering|Python|Pandas|Model Optimization|Machine Learning|MLOps|Scikit-learn|State Management|Statistics|Docker|Deep Learning,ML Engineer,E-commerce Site|Chatbot|EDA Project,Advanced,1
STU00692,SQL|NLP|CI/CD|Docker|Microservices|Authentication/Security|Git|Message Queues|MLOps,Backend Developer,,Advanced,1
STU00818,SQL|Django/Flask/FastAPI|Unit Testing|Docker,Backend Developer,Model Deployment API,Intermediate,0
STU01756,SQL|Accessibility (a11y)|Pandas|Feature Engineering|Model Optimization|Machine Learning|ML Deployment|Statistics|Deep Learning|Docker|MLOps,ML Engineer,,Advanced,1
STU01653,Scikit-learn|MLOps,ML Engineer,,Beginner,0
STU01714,Feature Engineering|ML Deployment|Docker|Deep Learning|JavaScript,ML Engineer,Neural Network,Beginner,0
STU00701,Microservices|REST APIs|Database Design|NumPy|Message Queues,Backend Developer,Model Deployment API|Image Classifier|Mobile App Backend,Beginner,1
STU02211,HTML/CSS|CSS Frameworks|JavaScript,Frontend Developer,Data Dashboard,Beginner,0
STU00921,Message Queues|A/B Testing|Python|Microservices|Django/Flask/FastAPI,Backend Developer,Model Deployment API|Mobile App Backend,Beginner,1
STU00905,SQL|Python|Linux/Bash|Database Design|Docker,Backend Developer,Docker Deployment|E-commerce Site,Intermediate,1
STU00454,Responsive Design|Pandas|Python|ML Deployment|NumPy|Docker,Data Scientist,React Dashboard|Web Scraper,Beginner,0
STU02393,Data Visualization|REST APIs|Git|Docker|JavaScript,Frontend Developer,Image Classifier,Intermediate,0
STU01793,Python|Machine Learning|Scikit-learn|NumPy|Docker|MLOps,ML Engineer,,Intermediate,1
STU01228,SQL|Responsive Design|Python|Linux/Bash|Statistics|Database Design|Authentication/Security|Docker,Backend Developer,,Intermediate,1
STU00167,SQL|CI/CD|Data Visualization|Pandas|Model Optimization|Statistics,Data Scientist,,Intermediate,0
STU00730,Accessibility (a11y)|Docker|Unit Testing|REST APIs,Backend Developer,Database Schema Design|A/B Test Analysis,Intermediate,1
STU01578,Feature Engineering|Pandas|Machine Learning|TypeScript|Statistics|NumPy|Deep Learning,ML Engineer,Portfolio Website|E-commerce Site|React Dashboard,Advanced,1
STU00026,A/B Testing|Python|HTML/CSS|Statistics|CSS Frameworks|NumPy,Data Scientist,Neural Network,Intermediate,0
STU01344,Statistics|State Management|Unit Testing|Model Optimization,ML Engineer,A/B Test Analysis,Beginner,0
STU01523,SQL|Responsive Design|Pandas|Python|Model Optimization|Machine Learning|Scikit-learn|Statistics|NumPy|Docker|MLOps,ML Engineer,Model Deployment API|Mobile App Backend,Advanced,1
STU00997,SQL|Docker|Python|Linux/Bash|Statistics|Git|Django/Flask/FastAPI,Backend Developer,,Intermediate,0
STU01176,SQL|Message Queues|CI/CD|Data Visualization|Python|Linux/Bash|Microservices|REST APIs|Database Design|CSS Frameworks|Django/Flask/FastAPI|Unit Testing,Backend Developer,,Advanced,1
STU01040,SQL|CI/CD|Linux/Bash|Microservices|REST APIs|Database Design|Authentication/Security,Backend Developer,Portfolio Website|E-commerce Site,Intermediate,1
STU01621,SQL|Pandas|MLOps|Model Optimization,ML Engineer,Feature Engineering Pipeline|A/B Test Analysis,Beginner,1
STU01255,Responsive Design|Python|Linux/Bash|Statistics|NumPy|Docker,ML Engineer,Portfolio Website|EDA Project|E-commerce Site,Beginner,0
STU01887,Webpack/Vite|React|Testing (Jest/RTL)|Accessibility (a11y)|State Management|TypeScript|HTML/CSS,Frontend Developer,Neural Network|NLP Sentiment Analysis,Intermediate,0
STU00041,SQL|Responsive Design|Data Visualization|Feature Engineering|Python|Machine Learning|ML Deployment|Statistics|NumPy,Data Scientist,E-commerce Site,Intermediate,1
STU01244,SQL|Django/Flask/FastAPI|React|Docker|Linux/Bash|Microservices|REST APIs|Database Design|Authentication/Security|Git|Message Queues|Unit Testing,Backend Developer,Mobile App Backend|Image Classifier|Model Deployment API,Advanced,1
STU01626,Machine Learning,ML Engineer,,Beginner,0
STU02194,TypeScript|Linux/Bash,Frontend Developer,,Beginner,0
STU01375,ML Deployment|NumPy|Feature Engineering|Linux/Bash,ML Engineer,REST API|Mobile App Backend,Beginner,0
STU01922,Git|JavaScript,Frontend Developer,,Beginner,0
STU00609,Pandas|Model Optimization|NumPy|Docker|Deep Learning,Data Scientist,REST API|Web Scraper,Beginner,0
STU01132,Testing (Jest/RTL)|Docker|Deep Learning,Backend Developer,Portfolio Website,Beginner,0
STU02002,Webpack/Vite|React|Performance Optimization|A/B Testing|State Management|HTML/CSS|Database Design|Git|JavaScript,Frontend Developer,Neural Network,Intermediate,1
STU00441,Data Visualization,Data Scientist,Image Classifier|E-commerce Site|Web Scraper,Beginner,0
STU01352,SQL|MLOps|Docker|Python,ML Engineer,REST API|EDA Project,Beginner,1
STU01942,React|Performance Optimization|Feature Engineering|Authentication/Security,Frontend Developer,,Beginner,0
STU00493,SQL|Machine Learning|ML Deployment|Scikit-learn|Deep Learning,Data Scientist,Web Scraper,Intermediate,0
STU01975,React|Webpack/Vite|Performance Optimization|Responsive Design|Testing (Jest/RTL)|Accessibility (a11y)|State Management|TypeScript|REST APIs|HTML/CSS|Statistics|JavaScript,Frontend Developer,A/B Test Analysis|Portfolio Website,Advanced,1
STU00236,SQL|Data Visualization|Feature Engineering|Python|Model Optimization|Machine Learning|Scikit-learn|Statistics|NumPy|Message Queues,Data Scientist,Image Classifier|Data Dashboard|Docker Deployment,Intermediate,1
STU00551,SQL|A/B Testing|Pandas|Machine Learning|Scikit-learn|TypeScript|NLP|Deep Learning,Data Scientist,EDA Project,Intermediate,1
STU00520,Machine Learning|Statistics|Scikit-learn|HTML/CSS,Data Scientist,ML Classifier|TypeScript App,Intermediate,1
STU02296,Webpack/Vite|Responsive Design|Testing (Jest/RTL)|Feature Engineering|Machine Learning|State Management|TypeScript,Frontend Developer,,Intermediate,0
STU01232,Webpack/Vite|Authentication/Security|CI/CD|Unit Testing,Backend Developer,Web Scraper|E-commerce Site,Intermediate,1
STU01138,SQL|CSS Frameworks|Git|REST APIs,Backend Developer,E-commerce Site|REST API,Beginner,1
STU00720,SQL|A/B Testing|Feature Engineering|Python|Linux/Bash|Database Design,Backend Developer,,Beginner,0
STU01907,React|Performance Optimization|Responsive Design|Accessibility (a11y)|Python|Linux/Bash|State Management|REST APIs|HTML/CSS|CSS Frameworks,Frontend Developer,,Advanced,1
STU02208,React|Webpack/Vite|Responsive Design|Accessibility (a11y)|State Management|REST APIs|HTML/CSS|CSS Frameworks|Git|JavaScript,Frontend Developer,Database Schema Design,Advanced,1
STU00058,React|Feature Engineering|Python|Pandas|Statistics|Authentication/Security,Data Scientist,React Dashboard,Beginner,0
STU00631,MLOps|Microservices|TypeScript|REST APIs,Backend Developer,,Beginner,0
STU01181,SQL|Microservices|Python,Backend Developer,,Intermediate,0
STU01644,Responsive Design|Pandas|Python|Machine Learning|MLOps|Statistics|Git|Deep Learning,ML Engineer,,Intermediate,1
STU00592,NLP|Feature Engineering|Deep Learning,Data Scientist,React Dashboard|Portfolio Website|Database Schema Design,Intermediate,0
STU02176,React|Performance Optimization|Responsive Design|Accessibility (a11y)|State Management|TypeScript|Deep Learning|JavaScript,Frontend Developer,Portfolio Website|Recommendation System,Advanced,1
STU00939,SQL|Linux/Bash|ML Deployment|Microservices|Statistics|Git|Message Queues,Backend Developer,E-commerce Site|Image Classifier|Web Scraper,Intermediate,1
STU02325,Testing (Jest/RTL)|Performance Optimization|Git|HTML/CSS,Frontend Developer,Data Dashboard,Beginner,0
STU01249,SQL|Message Queues|Docker|Microservices|REST APIs|Git|Django/Flask/FastAPI,Backend Developer,Docker Deployment,Intermediate,1
STU00904,Authentication/Security|Microservices|TypeScript|CI/CD,Backend Developer,Feature Engineering Pipeline|React Dashboard|TypeScript App,Beginner,0
STU01946,Webpack/Vite|Testing (Jest/RTL)|TypeScript|CSS Frameworks|Django/Flask/FastAPI,Frontend Developer,Portfolio Website|NLP Sentiment Analysis,Intermediate,1
STU02398,React|Performance Optimization|Responsive Design|Testing (Jest/RTL)|Accessibility (a11y)|Python|State Management|Git|Django/Flask/FastAPI,Frontend Developer,Docker Deployment|Feature Engineering Pipeline,Advanced,1
STU02013,Webpack/Vite|Database Design|A/B Testing,Frontend Developer,Chatbot|Database Schema Design,Beginner,0
STU01422,SQL|Python|Git|Machine Learning|MLOps|Scikit-learn|State Management|NumPy|Deep Learning,ML Engineer,,Intermediate,1
STU01995,React|Responsive Design|Testing (Jest/RTL)|Accessibility (a11y)|TypeScript|REST APIs|HTML/CSS|CSS Frameworks|JavaScript,Frontend Developer,Recommendation System|Mobile App Backend|Chatbot,Advanced,1
STU01911,Webpack/Vite|React|Performance Optimization|Responsive Design|Testing (Jest/RTL)|Model Optimization|State Management|TypeScript|REST APIs|CSS Frameworks|Git|JavaScript,Frontend Developer,Neural Network,Advanced,1
STU00706,Authentication/Security|Git|Linux/Bash|REST APIs,Backend Developer,Image Classifier|Portfolio Website,Beginner,0
STU01022,Docker|CI/CD|Linux/Bash|Authentication/Security|Git|Django/Flask/FastAPI|Unit Testing,Backend Developer,Mobile App Backend,Intermediate,1
STU00745,CI/CD|Data Visualization|Python|Linux/Bash|Machine Learning|Database Design|Authentication/Security|Git|Message Queues,Backend Developer,,Intermediate,1
STU01829,SQL|Feature Engineering|Python|Model Optimization|Pandas|Machine Learning|ML Deployment|Scikit-learn|Database Design|Statistics|NumPy|Deep Learning,ML Engineer,Mobile App Backend|Neural Network|REST API,Advanced,1
STU01712,Deep Learning|Pandas|Python|Feature Engineering|Machine Learning|Statistics|NumPy|MLOps|JavaScript,ML Engineer,Chatbot,Advanced,1
STU00513,SQL|React|Python|ML Deployment|NLP|Django/Flask/FastAPI,Data Scientist,EDA Project|Feature Engineering Pipeline|ML Classifier,Beginner,1
STU00081,SQL|A/B Testing|Data Visualization|Pandas|Feature Engineering|Linux/Bash|Machine Learning|ML Deployment|Statistics|NLP|NumPy,Data Scientist,E-commerce Site,Advanced,1
STU02215,Performance Optimization|Testing (Jest/RTL)|Machine Learning|State Management|CSS Frameworks,Frontend Developer,Neural Network,Intermediate,0
STU00914,Django/Flask/FastAPI|REST APIs|Authentication/Security|Git|Message Queues|Unit Testing,Backend Developer,,Advanced,1
STU02301,Webpack/Vite|React|Performance Optimization|Responsive Design|Accessibility (a11y)|Python|State Management|MLOps|JavaScript,Frontend Developer,Model Deployment API|Feature Engineering Pipeline,Intermediate,1
STU01817,Python|Machine Learning|Statistics|NLP|JavaScript,ML Engineer,,Intermediate,0
STU00150,Machine Learning|Statistics|Scikit-learn,Data Scientist,,Beginner,0
STU00774,SQL|Message Queues|Docker|CI/CD|Responsive Design|Python|Linux/Bash|Microservices|REST APIs|Database Design|Authentication/Security|Git|Django/Flask/FastAPI|MLOps|Unit Testing,Backend Developer,Image Classifier,Advanced,1
STU00329,SQL|A/B Testing|Pandas|Feature Engineering|Machine Learning|Scikit-learn|TypeScript|NumPy|Deep Learning,Data Scientist,E-commerce Site|Recommendation System|EDA Project,Intermediate,1
STU00006,A/B Testing|Python|Deep Learning|JavaScript,Data Scientist,Neural Network,Beginner,0
STU00943,SQL|CI/CD|Feature Engineering|Scikit-learn|Microservices|Django/Flask/FastAPI|Unit Testing,Backend Developer,React Dashboard|ML Classifier|Data Dashboard,Intermediate,1
STU01594,Deep Learning|Data Visualization|Pandas|Python|Model Optimization|Feature Engineering|Machine Learning|ML Deployment|Scikit-learn|HTML/CSS|Statistics|NumPy|MLOps,ML Engineer,Database Schema Design|Neural Network|Web Scraper,Advanced,1
STU00734,SQL|Message Queues|CSS Frameworks|Docker|CI/CD|Linux/Bash|Microservices|REST APIs|Database Design|Authentication/Security|Git|Django/Flask/FastAPI|Unit Testing,Backend Developer,A/B Test Analysis|EDA Project|Feature Engineering Pipeline,Advanced,1
STU00909,Pandas|Linux/Bash|Database Design|Authentication/Security|Message Queues|Unit Testing,Backend Developer,REST API,Intermediate,1
STU00468,SQL|A/B Testing|Data Visualization|Feature Engineering|Machine Learning|Scikit-learn|Statistics|NumPy|Deep Learning|Unit Testing,Data Scientist,EDA Project|E-commerce Site,Advanced,1
STU00181,SQL|A/B Testing|Data Visualization|Pandas|ML Deployment|Scikit-learn|HTML/CSS|Deep Learning,Data Scientist,Web Scraper|ML Classifier,Advanced,1
STU00164,SQL|State Management|Python,Data Scientist,,Beginner,0
STU00451,Statistics|Django/Flask/FastAPI|MLOps,Data Scientist,React Dashboard|ML Classifier|E-commerce Site,Beginner,1
STU00490,Statistics|TypeScript,Data Scientist,A/B Test Analysis|REST API,Beginner,0
STU01916,HTML/CSS|Git|MLOps|Responsive Design,Frontend Developer,A/B Test Analysis,Intermediate,0
STU01143,SQL|Django/Flask/FastAPI|Message Queues|CI/CD|Python|Linux/Bash|Git|Docker,Backend Developer,Portfolio Website|Feature Engineering Pipeline|E-commerce Site,Intermediate,1
STU01697,SQL|NumPy|Python|Model Optimization,ML Engineer,Model Deployment API|React Dashboard,Beginner,1
STU01111,CSS Frameworks|Docker|Python|Model Optimization|Microservices|REST APIs|Database Design|Authentication/Security|Git|Message Queues,Backend Developer,,Advanced,1
STU02380,Accessibility (a11y)|Microservices|MLOps,Frontend Developer,Model Deployment API,Beginner,0
STU01475,ML Deployment|Pandas|Python|Model Optimization,ML Engineer,Model Deployment API|Mobile App Backend,Beginner,1
STU01487,Data Visualization|Model Optimization|Machine Learning|Statistics|Authentication/Security|Docker,ML Engineer,A/B Test Analysis|Recommendation System|Model Deployment API,Intermediate,1
STU01713,Webpack/Vite|Performance Optimization|Feature Engineering|Pandas|Model Optimization|Statistics,ML Engineer,Neural Network,Intermediate,1
STU01820,Webpack/Vite|Feature Engineering|Model Optimization|Machine Learning|ML Deployment|MLOps|Statistics|CSS Frameworks|Deep Learning,ML Engineer,,Intermediate,1
STU02079,Webpack/Vite|Responsive Design|CI/CD|Testing (Jest/RTL)|State Management|TypeScript,Frontend Developer,Database Schema Design,Intermediate,0
STU01849,SQL|Python|Scikit-learn|Database Design|Deep Learning,ML Engineer,,Beginner,0
STU01732,Machine Learning|ML Deployment|Webpack/Vite|Model Optimization,ML Engineer,Portfolio Website,Intermediate,0
STU01792,Feature Engineering|Python|Model Optimization|ML Deployment|NumPy|Docker,ML Engineer,,Advanced,0
STU00327,Data Visualization|Feature Engineering|Python,Data Scientist,Docker Deployment|E-commerce Site,Beginner,0
STU00442,Scikit-learn|Deep Learning,Data Scientist,,Beginner,0
STU01592,Statistics|Scikit-learn|Deep Learning|Database Design,ML Engineer,ML Classifier|E-commerce Site|Model Deployment API,Intermediate,1
STU01381,Message Queues|Pandas|Feature Engineering|Model Optimization|ML Deployment|MLOps|HTML/CSS|Docker|Deep Learning,ML Engineer,Mobile App Backend|Recommendation System,Intermediate,1
STU00832,Django/Flask/FastAPI|Message Queues|Python|Linux/Bash|Microservices|REST APIs|Authentication/Security|Git|Docker|Unit Testing,Backend Developer,Chatbot|Data Dashboard|Feature Engineering Pipeline,Advanced,1
STU02467,React|State Management|Accessibility (a11y)|HTML/CSS,Frontend Developer,Portfolio Website|EDA Project|Neural Network,Intermediate,1
STU01891,Database Design|MLOps|TypeScript,Frontend Developer,Web Scraper|ML Classifier|Docker Deployment,Beginner,0
STU01310,SQL|Pandas|Linux/Bash|Machine Learning|Statistics|Deep Learning|MLOps,ML Engineer,Model Deployment API|Image Classifier,Intermediate,1
STU00086,A/B Testing|Machine Learning|ML Deployment|Scikit-learn|State Management|HTML/CSS|Statistics|NLP|NumPy|Deep Learning,Data Scientist,Model Deployment API|E-commerce Site|EDA Project,Advanced,1
STU02440,React|Webpack/Vite|Responsive Design|ML Deployment|REST APIs|Unit Testing,Frontend Developer,Docker Deployment,Beginner,0
STU00777,Performance Optimization|CI/CD|Docker|Python|Linux/Bash|Microservices|REST APIs|Database Design|Git|Message Queues|Deep Learning|Unit Testing,Backend Developer,Web Scraper|REST API,Advanced,1
STU02426,Webpack/Vite|Performance Optimization|Testing (Jest/RTL)|State Management|CSS Frameworks|JavaScript,Frontend Developer,Docker Deployment,Intermediate,1
STU00054,Machine Learning,Data Scientist,Mobile App Backend|Data Dashboard|Docker Deployment,Beginner,0
STU01875,React|Webpack/Vite|Performance Optimization|Testing (Jest/RTL)|Accessibility (a11y)|Microservices|REST APIs|HTML/CSS|Database Design|Git|JavaScript,Frontend Developer,EDA Project,Advanced,1
STU01287,SQL|Pandas|NumPy|Model Optimization|Python|Feature Engineering|Machine Learning|ML Deployment|Scikit-learn|Git|Statistics|Deep Learning|Docker|MLOps,ML Engineer,A/B Test Analysis|Mobile App Backend,Advanced,1
STU01731,Pandas|Python|Model Optimization|MLOps|Scikit-learn|Database Design|Statistics|NumPy|Deep Learning,ML Engineer,EDA Project,Advanced,1
STU01801,Feature Engineering|Python|Machine Learning|TypeScript|Statistics|MLOps,ML Engineer,,Intermediate,0
STU01245,SQL|Django/Flask/FastAPI|Docker|Python|Microservices|REST APIs|Database Design|Authentication/Security|Git|Message Queues|Unit Testing,Backend Developer,Chatbot|NLP Sentiment Analysis,Advanced,1
STU00113,NumPy|Microservices,Data Scientist,ML Classifier,Beginner,0
STU02341,Webpack/Vite|React|State Management|TypeScript|HTML/CSS|Docker,Frontend Developer,Feature Engineering Pipeline,Intermediate,0
STU00987,Accessibility (a11y)|Message Queues,Backend Developer,Docker Deployment,Beginner,0
STU02261,React|Webpack/Vite|Performance Optimization|Responsive Design|Accessibility (a11y)|TypeScript|REST APIs|CSS Frameworks|Git|JavaScript,Frontend Developer,Recommendation System|Database Schema Design|Docker Deployment,Advanced,1
STU02073,Webpack/Vite|React|Performance Optimization|Responsive Design|State Management|TypeScript|REST APIs|CSS Frameworks|Git|Unit Testing|JavaScript,Frontend Developer,REST API|Docker Deployment|Portfolio Website,Advanced,1
STU01009,Authentication/Security|Docker|A/B Testing|Linux/Bash,Backend Developer,E-commerce Site|Recommendation System,Beginner,0
STU01198,Message Queues|Docker|REST APIs|Database Design|Authentication/Security|Git|Django/Flask/FastAPI|Unit Testing|JavaScript,Backend Developer,,Intermediate,1
STU00589,ML Deployment|Pandas|A/B Testing|MLOps,Data Scientist,Docker Deployment,Beginner,0
STU00768,SQL|CI/CD|Linux/Bash|NLP|MLOps,Backend Developer,Docker Deployment|Mobile App Backend|NLP Sentiment Analysis,Intermediate,1
STU00017,SQL|Data Visualization|Pandas|Linux/Bash|Machine Learning|Statistics|NumPy,Data Scientist,Model Deployment API,Intermediate,1
STU01042,SQL|Message Queues|Docker|Python|Linux/Bash|Microservices|REST APIs|Authentication/Security|Git|Django/Flask/FastAPI,Backend Developer,A/B Test Analysis|Model Deployment API,Advanced,1
STU02040,Webpack/Vite|Authentication/Security|Docker,Frontend Developer,React Dashboard|NLP Sentiment Analysis,Beginner,0
STU00285,SQL|Data Visualization|Feature Engineering|Python|Machine Learning|ML Deployment|Scikit-learn|Statistics|NLP|NumPy|Deep Learning,Data Scientist,Mobile App Backend|Portfolio Website|Database Schema Design,Advanced,1
STU00428,A/B Testing|Feature Engineering|Pandas|Machine Learning|Scikit-learn|HTML/CSS|Deep Learning|JavaScript,Data Scientist,Web Scraper|EDA Project,Advanced,1
STU01921,CSS Frameworks|Message Queues|Model Optimization|JavaScript,Frontend Developer,Neural Network|Model Deployment API,Beginner,0
STU01356,Machine Learning|Performance Optimization|NumPy|Django/Flask/FastAPI,ML Engineer,A/B Test Analysis,Beginner,0
STU00669,Authentication/Security|Docker|CI/CD,Backend Developer,Chatbot|A/B Test Analysis|Recommendation System,Intermediate,0
STU00031,SQL|A/B Testing|Data Visualization|Pandas|Python|Feature Engineering|Git|Machine Learning|ML Deployment|State Management|Statistics|NLP|NumPy|Deep Learning,Data Scientist,Image Classifier|Feature Engineering Pipeline|Docker Deployment,Advanced,1
STU00722,SQL|CI/CD|Python|Statistics|REST APIs|Database Design|Git|Docker,Backend Developer,,Intermediate,1
STU00951,SQL|Message Queues|CI/CD|Docker|Python|Linux/Bash|Microservices|REST APIs|Database Design|Authentication/Security|Git|Django/Flask/FastAPI,Backend Developer,ML Classifier|Model Deployment API|E-commerce Site,Advanced,1
STU01764,Statistics,ML Engineer,Recommendation System,Beginner,0
STU00214,A/B Testing|Data Visualization|Feature Engineering|Pandas|Python|TypeScript|Statistics|NLP|Django/Flask/FastAPI|Deep Learning,Data Scientist,,Advanced,1
STU01789,Scikit-learn|NumPy|Pandas|MLOps,ML Engineer,,Intermediate,0
STU01164,Statistics|Authentication/Security,Backend Developer,Mobile App Backend,Beginner,0
STU00326,SQL|A/B Testing|Data Visualization|Testing (Jest/RTL)|Python|Machine Learning|NLP|Deep Learning,Data Scientist,Feature Engineering Pipeline,Intermediate,1
STU00560,Data Visualization|Feature Engineering|Python|Pandas|Machine Learning|Scikit-learn|Statistics|NLP,Data Scientist,,Advanced,1
STU01086,Django/Flask/FastAPI|Message Queues|Scikit-learn|REST APIs|Database Design|Git|Docker|Deep Learning|Unit Testing,Backend Developer,React Dashboard|Neural Network|ML Classifier,Advanced,1
STU01830,Feature Engineering|Python|Pandas|Machine Learning|Scikit-learn|Statistics|Docker|MLOps|Unit Testing,ML Engineer,Portfolio Website|Image Classifier,Advanced,1
STU00341,SQL|A/B Testing|Feature Engineering|Python|Pandas|Scikit-learn|Microservices|Statistics|Docker|Deep Learning,Data Scientist,,Intermediate,1
STU00147,SQL|Feature Engineering,Data Scientist,Database Schema Design,Beginner,0
STU01840,A/B Testing|Pandas|Python|Model Optimization|Machine Learning|ML Deployment|MLOps|State Management|Statistics|Deep Learning,ML Engineer,Database Schema Design|Data Dashboard|NLP Sentiment Analysis,Intermediate,1
STU01107,SQL|Webpack/Vite|Message Queues|Accessibility (a11y)|Python|Database Design|Authentication/Security|Django/Flask/FastAPI,Backend Developer,React Dashboard|REST API,Advanced,1
STU00848,Message Queues|Linux/Bash|Git|Django/Flask/FastAPI|Deep Learning,Backend Developer,Data Dashboard|Model Deployment API|Recommendation System,Intermediate,1
STU00966,Django/Flask/FastAPI|Unit Testing|REST APIs,Backend Developer,Model Deployment API,Intermediate,0
STU01072,CI/CD|Python|Linux/Bash|Database Design|Authentication/Security,Backend Developer,Mobile App Backend|ML Classifier|Database Schema Design,Intermediate,1
STU00155,SQL|Data Visualization|Machine Learning|Scikit-learn|HTML/CSS|Statistics|NumPy,Data Scientist,,Intermediate,1
STU02141,Accessibility (a11y),Frontend Developer,Recommendation System|Image Classifier,Beginner,0
STU02110,React|Performance Optimization|Responsive Design|Data Visualization|State Management|TypeScript|HTML/CSS|Git|Docker,Frontend Developer,,Intermediate,1
STU01002,SQL|NLP|Docker|CI/CD|ML Deployment|REST APIs|Database Design|Authentication/Security|Git|Django/Flask/FastAPI,Backend Developer,E-commerce Site|ML Classifier|Neural Network,Advanced,1
STU01844,Machine Learning|ML Deployment|NumPy|Model Optimization,ML Engineer,Portfolio Website|Recommendation System,Beginner,1
STU02092,Webpack/Vite|REST APIs|HTML/CSS|CSS Frameworks|Git|JavaScript,Frontend Developer,,Intermediate,0
STU01848,Model Optimization|Scikit-learn|Statistics|CSS Frameworks|NumPy|Docker,ML Engineer,EDA Project,Intermediate,1
STU02209,Webpack/Vite|Performance Optimization|Testing (Jest/RTL)|State Management|ML Deployment|REST APIs|HTML/CSS|CSS Frameworks|Git|Docker,Frontend Developer,ML Classifier|Mobile App Backend,Advanced,1
STU02352,Testing (Jest/RTL)|Machine Learning|JavaScript,Frontend Developer,Data Dashboard|Mobile App Backend|Recommendation System,Beginner,0
STU01203,Testing (Jest/RTL)|Message Queues|MLOps,Backend Developer,,Beginner,0
STU01632,SQL|Pandas|Feature Engineering|Model Optimization|Linux/Bash|Machine Learning|ML Deployment|NumPy|Deep Learning,ML Engineer,E-commerce Site|Data Dashboard|Recommendation System,Intermediate,1
STU02345,Performance Optimization|Testing (Jest/RTL)|ML Deployment|HTML/CSS|CSS Frameworks|NumPy,Frontend Developer,EDA Project|Mobile App Backend|NLP Sentiment Analysis,Beginner,0
STU01393,Python|Deep Learning|Pandas|MLOps,ML Engineer,Chatbot|A/B Test Analysis|Web Scraper,Intermediate,0
STU02351,Performance Optimization|JavaScript,Frontend Developer,,Beginner,0
STU02288,React|Performance Optimization|Responsive Design|Testing (Jest/RTL)|Accessibility (a11y)|TypeScript|REST APIs|HTML/CSS|Authentication/Security|Git|MLOps|JavaScript,Frontend Developer,Recommendation System|EDA Project,Advanced,1
STU01980,Webpack/Vite|State Management|React|Performance Optimization,Frontend Developer,,Intermediate,0
STU02242,Statistics|ML Deployment|TypeScript,Frontend Developer,,Beginner,0
STU00938,SQL|Django/Flask/FastAPI|Python|Linux/Bash|REST APIs|Database Design|Git|Docker|Unit Testing,Backend Developer,Docker Deployment|TypeScript App|NLP Sentiment Analysis,Advanced,1
STU02244,Webpack/Vite|React|State Management|REST APIs|Git|JavaScript,Frontend Developer,A/B Test Analysis|REST API|Docker Deployment,Intermediate,0
STU00346,SQL|A/B Testing|Data Visualization|Accessibility (a11y)|Pandas|Python|Machine Learning|ML Deployment|Scikit-learn|Statistics|NLP|NumPy|Docker|Deep Learning,Data Scientist,Web Scraper,Advanced,1
STU02084,Webpack/Vite|React|Performance Optimization|Responsive Design|Accessibility (a11y)|Linux/Bash|CSS Frameworks|Git|JavaScript,Frontend Developer,,Intermediate,1
STU02474,REST APIs|Data Visualization|TypeScript|JavaScript,Frontend Developer,,Beginner,0
STU01418,SQL|Linux/Bash,ML Engineer,Mobile App Backend,Beginner,0
STU00385,SQL|Testing (Jest/RTL)|Python|Machine Learning|ML Deployment|Message Queues,Data Scientist,Feature Engineering Pipeline|Mobile App Backend|NLP Sentiment Analysis,Intermediate,1
STU01580,A/B Testing|Feature Engineering|Pandas|Model Optimization|ML Deployment|Scikit-learn|Docker,ML Engineer,React Dashboard|E-commerce Site|Web Scraper,Intermediate,1
STU02097,Performance Optimization|Responsive Design|Testing (Jest/RTL)|Data Visualization|Accessibility (a11y)|State Management|TypeScript|HTML/CSS|JavaScript,Frontend Developer,Database Schema Design|Chatbot|Docker Deployment,Advanced,1
STU00243,SQL|CI/CD,Data Scientist,Model Deployment API,Beginner,0
STU01622,CI/CD|Python|Statistics|Docker|MLOps,ML Engineer,Chatbot,Intermediate,0
STU00936,SQL|Python|Model Optimization|Microservices|REST APIs|Git|Docker,Backend Developer,EDA Project|Model Deployment API|Web Scraper,Intermediate,1
STU02221,React|Webpack/Vite|Performance Optimization|Responsive Design|Testing (Jest/RTL)|Accessibility (a11y)|NumPy|Model Optimization|State Management|REST APIs|Git,Frontend Developer,Web Scraper,Advanced,1
STU00312,SQL|Data Visualization|Feature Engineering|Scikit-learn|Database Design|JavaScript,Data Scientist,,Beginner,0
STU02439,Data Visualization|Git|Model Optimization,Frontend Developer,,Beginner,0
STU01524,SQL|Database Design|Docker|Model Optimization,ML Engineer,,Intermediate,0
STU01332,SQL|Feature Engineering|Python|Model Optimization|MLOps|NumPy|Docker|Deep Learning,ML Engineer,Recommendation System,Intermediate,1
STU00968,SQL|React|Feature Engineering|Database Design|Authentication/Security|Unit Testing,Backend Developer,,Beginner,0
STU00660,Django/Flask/FastAPI|Message Queues|Unit Testing,Backend Developer,EDA Project,Beginner,0
STU00935,SQL|Message Queues|Python|Linux/Bash|Model Optimization|REST APIs|Database Design|NLP|Git|Django/Flask/FastAPI|Unit Testing,Backend Developer,EDA Project,Advanced,1
STU00370,Machine Learning|Statistics|Feature Engineering|A/B Testing,Data Scientist,ML Classifier,Intermediate,1
STU00566,Deep Learning|Scikit-learn|Django/Flask/FastAPI|A/B Testing,Data Scientist,Database Schema Design|E-commerce Site|Web Scraper,Intermediate,0
STU01957,Performance Optimization|CSS Frameworks|Responsive Design|Testing (Jest/RTL)|Scikit-learn|NLP,Frontend Developer,ML Classifier|Neural Network|NLP Sentiment Analysis,Beginner,0
STU00824,SQL|Message Queues|Docker|Pandas|Python|Linux/Bash|Microservices|REST APIs|Database Design|Authentication/Security|Git|Django/Flask/FastAPI|Unit Testing,Backend Developer,,Advanced,1
STU00982,SQL|Linux/Bash|Model Optimization|REST APIs|Database Design|Docker|Unit Testing,Backend Developer,A/B Test Analysis,Intermediate,1
STU01979,React|Webpack/Vite|Performance Optimization|Responsive Design|Linux/Bash|State Management|TypeScript|REST APIs|CSS Frameworks,Frontend Developer,,Intermediate,1
STU01477,Linux/Bash|NLP|Feature Engineering|Model Optimization,ML Engineer,EDA Project|ML Classifier|Image Classifier,Beginner,1
STU02148,Performance Optimization|CI/CD|REST APIs|CSS Frameworks|Git|Django/Flask/FastAPI,Frontend Developer,,Intermediate,0
STU00813,Database Design|Pandas|Python,Backend Developer,NLP Sentiment Analysis|EDA Project|Feature Engineering Pipeline,Beginner,0
STU00778,Deep Learning|Python|Model Optimization,Backend Developer,A/B Test Analysis,Beginner,0
STU01320,SQL|Feature Engineering|Pandas|Linux/Bash|Machine Learning|ML Deployment|TypeScript|Statistics|NumPy|Docker|Deep Learning,ML Engineer,EDA Project|Database Schema Design,Advanced,1
STU01521,CI/CD|Feature Engineering|Python|Model Optimization|Machine Learning|Scikit-learn|Statistics|Docker,ML Engineer,Data Dashboard,Intermediate,1
STU01052,SQL|Database Design|Linux/Bash|Unit Testing,Backend Developer,REST API|Recommendation System,Beginner,1
STU01813,Python|Machine Learning|ML Deployment|Scikit-learn|NumPy,ML Engineer,Neural Network|ML Classifier,Intermediate,1
STU01013,CI/CD|Data Visualization|Python|Linux/Bash|REST APIs|Authentication/Security|NumPy|Unit Testing,Backend Developer,React Dashboard|A/B Test Analysis,Intermediate,1
STU01401,SQL|Testing (Jest/RTL)|Feature Engineering|Model Optimization|Machine Learning|Statistics|Authentication/Security|MLOps,ML Engineer,E-commerce Site,Advanced,1
STU01709,SQL|Pandas|Python|Model Optimization|Machine Learning|Scikit-learn|NumPy,ML Engineer,React Dashboard,Intermediate,0
STU02071,React|Webpack/Vite|Performance Optimization|Scikit-learn|TypeScript|REST APIs|Git|JavaScript,Frontend Developer,Docker Deployment|A/B Test Analysis|Portfolio Website,Intermediate,1
STU01753,Machine Learning|Scikit-learn|NumPy|REST APIs,ML Engineer,,Beginner,0
STU00126,Machine Learning|Pandas,Data Scientist,,Beginner,0
STU00887,SQL|Data Visualization|Docker|CI/CD,Backend Developer,Database Schema Design,Beginner,0
STU02029,Webpack/Vite|Performance Optimization|Testing (Jest/RTL)|Accessibility (a11y)|Machine Learning|State Management|Microservices|TypeScript|HTML/CSS|CSS Frameworks|Git|JavaScript,Frontend Developer,TypeScript App|Data Dashboard,Advanced,1
STU01347,SQL|Feature Engineering|Python|ML Deployment|Scikit-learn|NumPy|Deep Learning,ML Engineer,Database Schema Design|E-commerce Site,Intermediate,1
STU01007,Data Visualization|Statistics|Git|REST APIs,Backend Developer,Model Deployment API,Beginner,0
STU00355,Data Visualization|Python|ML Deployment|Scikit-learn|Statistics|NumPy,Data Scientist,E-commerce Site,Intermediate,1
STU01003,Django/Flask/FastAPI|Pandas|TypeScript|Database Design|Message Queues,Backend Developer,Neural Network|TypeScript App|Mobile App Backend,Beginner,1
STU00682,Git|Microservices|REST APIs,Backend Developer,Mobile App Backend|Data Dashboard|Chatbot,Beginner,1
STU00827,SQL|Docker|CI/CD|Pandas|Python|Linux/Bash|Microservices|REST APIs|Authentication/Security|Git|Django/Flask/FastAPI|Unit Testing,Backend Developer,TypeScript App|A/B Test Analysis|Image Classifier,Advanced,1
STU01491,SQL|Testing (Jest/RTL)|Pandas|Authentication/Security|NumPy,ML Engineer,,Beginner,0
STU00984,CSS Frameworks|CI/CD|Python|Linux/Bash|Microservices|Database Design|Authentication/Security|Git|Django/Flask/FastAPI,Backend Developer,Neural Network,Intermediate,1
STU01233,SQL|CSS Frameworks|CI/CD|REST APIs|HTML/CSS|Authentication/Security|Git|Docker|Unit Testing,Backend Developer,EDA Project,Advanced,1
STU02121,React|Webpack/Vite|Testing (Jest/RTL)|Accessibility (a11y)|State Management|CSS Frameworks,Frontend Developer,Recommendation System|Neural Network|Chatbot,Intermediate,0
STU00140,A/B Testing|Data Visualization|Pandas|Python|MLOps|Scikit-learn|Statistics|NumPy|Deep Learning|JavaScript,Data Scientist,Portfolio Website|ML Classifier,Advanced,1
STU00217,A/B Testing|Python|Linux/Bash|ML Deployment|REST APIs|Statistics,Data Scientist,Database Schema Design|TypeScript App,Beginner,0
STU02048,Webpack/Vite|React|Testing (Jest/RTL)|Accessibility (a11y)|Feature Engineering|TypeScript|REST APIs|Git,Frontend Developer,TypeScript App|E-commerce Site,Intermediate,1
STU01654,Scikit-learn,ML Engineer,TypeScript App,Beginner,0
STU02218,Performance Optimization|Responsive Design|Pandas|State Management|TypeScript,Frontend Developer,TypeScript App|Mobile App Backend|E-commerce Site,Intermediate,1
STU01700,SQL|Performance Optimization|Feature Engineering|Python|Model Optimization|Pandas|Machine Learning|ML Deployment|MLOps|Scikit-learn|Statistics|Docker|Deep Learning,ML Engineer,Image Classifier|Model Deployment API,Advanced,1
STU01453,SQL|Deep Learning|Python|ML Deployment|Scikit-learn|Statistics|NumPy|Message Queues|MLOps,ML Engineer,,Advanced,1
STU00022,A/B Testing|Feature Engineering|Python|Pandas|Machine Learning|ML Deployment|Scikit-learn|Statistics,Data Scientist,,Advanced,1
STU00711,Microservices|Python|Unit Testing|Pandas,Backend Developer,,Beginner,0
STU01157,Django/Flask/FastAPI|Git|Docker|Python,Backend Developer,NLP Sentiment Analysis,Beginner,0
STU01684,SQL|Performance Optimization|Model Optimization|Scikit-learn|Statistics|NumPy|Deep Learning|JavaScript,ML Engineer,NLP Sentiment Analysis|React Dashboard,Advanced,1
STU00871,SQL|CI/CD|Python|REST APIs|Docker|Deep Learning,Backend Developer,,Intermediate,0
STU01461,Feature Engineering|Python|Pandas|Scikit-learn|NumPy|MLOps,ML Engineer,Web Scraper,Intermediate,0
STU00010,SQL|A/B Testing|Data Visualization|Pandas|Python|Feature Engineering|Machine Learning|ML Deployment|Scikit-learn|Statistics|NLP|NumPy|Deep Learning,Data Scientist,,Advanced,1
STU01740,Pandas|Python|Model Optimization|Git|HTML/CSS|Statistics|NumPy|Docker|MLOps,ML Engineer,Neural Network|Portfolio Website,Intermediate,1
STU02356,Testing (Jest/RTL)|Unit Testing|JavaScript,Frontend Developer,Chatbot,Beginner,0
STU02323,SQL|Responsive Design|Testing (Jest/RTL)|HTML/CSS|Database Design|Git,Frontend Developer,Mobile App Backend|E-commerce Site|Model Deployment API,Beginner,1
STU01315,Feature Engineering|Python|Model Optimization|ML Deployment|Scikit-learn|Statistics|CSS Frameworks|NumPy,ML Engineer,Web Scraper,Advanced,1
STU00754,SQL|Message Queues|Docker|Linux/Bash|TypeScript|REST APIs|Authentication/Security|Git|Django/Flask/FastAPI,Backend Developer,Recommendation System|EDA Project,Intermediate,1
STU00626,SQL|Database Design|NLP|Microservices,Backend Developer,Recommendation System,Beginner,0
STU01728,SQL|Deep Learning|Pandas|Python|Feature Engineering|ML Deployment|NumPy|Docker|MLOps,ML Engineer,,Advanced,1
STU01468,SQL|Data Visualization|Pandas|Python|Model Optimization|ML Deployment|Database Design|Deep Learning,ML Engineer,,Intermediate,1
STU00129,NumPy,Data Scientist,TypeScript App|Database Schema Design|A/B Test Analysis,Beginner,0
STU00843,SQL|Message Queues|CI/CD|Docker|Python|Linux/Bash|Microservices|TypeScript|REST APIs|Database Design|Authentication/Security|Git|Django/Flask/FastAPI|Unit Testing,Backend Developer,Web Scraper|Portfolio Website|React Dashboard,Advanced,1
STU00323,SQL|Pandas|ML Deployment|Statistics|NLP|NumPy,Data Scientist,,Intermediate,0
STU02156,Webpack/Vite|State Management|Message Queues|A/B Testing,Frontend Developer,,Beginner,0
STU01448,React|Pandas|Model Optimization|Scikit-learn|Django/Flask/FastAPI,ML Engineer,Neural Network|Docker Deployment,Intermediate,1
STU01284,Pandas|Feature Engineering|Model Optimization|Python|Machine Learning|ML Deployment|Scikit-learn|MLOps|NumPy|Docker|Deep Learning,ML Engineer,,Advanced,1
STU02421,Performance Optimization|REST APIs|HTML/CSS|NumPy|Deep Learning,Frontend Developer,NLP Sentiment Analysis,Beginner,0
STU00014,SQL|Microservices|Database Design|Statistics|NLP|NumPy,Data Scientist,EDA Project|Mobile App Backend,Intermediate,1
STU02046,Webpack/Vite|Testing (Jest/RTL)|Responsive Design|JavaScript,Frontend Developer,,Beginner,0
STU00215,Webpack/Vite|Deep Learning|JavaScript,Data Scientist,,Beginner,0
STU01624,MLOps|Scikit-learn|Feature Engineering|Deep Learning,ML Engineer,Portfolio Website|Database Schema Design,Beginner,0
STU01937,Webpack/Vite|React|SQL|Responsive Design|Accessibility (a11y)|CSS Frameworks|Git|JavaScript,Frontend Developer,Docker Deployment|React Dashboard|Web Scraper,Advanced,1
STU01182,React|Django/Flask/FastAPI|CI/CD|Testing (Jest/RTL)|Microservices|Database Design|Message Queues,Backend Developer,Image Classifier|ML Classifier,Intermediate,0
STU01650,SQL|Scikit-learn|NumPy|MLOps,ML Engineer,Image Classifier|Portfolio Website|Model Deployment API,Intermediate,1
STU01561,SQL|A/B Testing|Pandas|Model Optimization|MLOps|NumPy|Deep Learning,ML Engineer,Feature Engineering Pipeline|Web Scraper,Intermediate,1
STU00864,SQL|Python|Database Design|Authentication/Security|Git,Backend Developer,E-commerce Site|Neural Network|EDA Project,Intermediate,1
STU00516,Machine Learning,Data Scientist,,Beginner,0
STU00597,SQL|A/B Testing|Feature Engineering|Python|Scikit-learn|Statistics|Authentication/Security|NumPy,Data Scientist,Recommendation System|Database Schema Design,Intermediate,1
STU00195,Statistics|Django/Flask/FastAPI,Data Scientist,Database Schema Design|EDA Project,Beginner,0
STU01277,SQL|Pandas|Python|NumPy|Model Optimization|Machine Learning|Feature Engineering|ML Deployment|Scikit-learn|Statistics|Deep Learning|Docker|MLOps,ML Engineer,Image Classifier,Advanced,1
STU00288,Machine Learning|NLP|Scikit-learn|Linux/Bash,Data Scientist,TypeScript App,Beginner,0
STU00950,SQL|CI/CD|Python|REST APIs|Database Design|Authentication/Security|Message Queues|Unit Testing,Backend Developer,Portfolio Website|E-commerce Site,Intermediate,1
STU02350,Webpack/Vite|React|Testing (Jest/RTL)|Accessibility (a11y)|State Management|ML Deployment|TypeScript|REST APIs|HTML/CSS|Git,Frontend Developer,Docker Deployment|NLP Sentiment Analysis,Advanced,1
STU01854,SQL|Feature Engineering|Python|Model Optimization|Git|Machine Learning|ML Deployment|Scikit-learn|REST APIs|Statistics|NumPy|Docker|MLOps,ML Engineer,Model Deployment API,Advanced,1
STU02381,HTML/CSS|A/B Testing,Frontend Developer,,Beginner,0
STU01120,CSS Frameworks|Docker,Backend Developer,Model Deployment API|React Dashboard,Beginner,0
STU01572,SQL|Feature Engineering|Python|Pandas|Model Optimization|ML Deployment|Docker|Deep Learning,ML Engineer,Model Deployment API|Data Dashboard|Neural Network,Intermediate,1
STU00549,SQL|Data Visualization|Machine Learning|ML Deployment|Scikit-learn|Statistics|NLP|Git|Deep Learning|JavaScript,Data Scientist,,Advanced,1
STU00156,Data Visualization|Accessibility (a11y)|Pandas|Python|Machine Learning|Authentication/Security|NumPy|Deep Learning,Data Scientist,,Advanced,0
STU00419,SQL|Feature Engineering|Python|Machine Learning|ML Deployment|Database Design|Statistics|NLP|NumPy|Deep Learning,Data Scientist,Image Classifier|E-commerce Site|ML Classifier,Advanced,1
STU00922,SQL|Pandas|Microservices|TypeScript|REST APIs|Database Design|Authentication/Security|Git|Unit Testing,Backend Developer,E-commerce Site|REST API,Intermediate,1
STU01641,SQL|React|Pandas|ML Deployment|Scikit-learn|HTML/CSS|NumPy,ML Engineer,,Intermediate,0
STU00477,SQL|Data Visualization|Pandas|ML Deployment|Scikit-learn|NLP|Deep Learning,Data Scientist,E-commerce Site|ML Classifier|Image Classifier,Advanced,1
STU01605,SQL|Feature Engineering|Pandas|NumPy|ML Deployment|State Management|Statistics|Deep Learning|MLOps,ML Engineer,Portfolio Website|Database Schema Design,Advanced,1
STU02269,Webpack/Vite|NumPy|TypeScript|Authentication/Security|Git|JavaScript,Frontend Developer,EDA Project|Web Scraper|TypeScript App,Beginner,0
STU01471,Python|Git|Pandas|MLOps,ML Engineer,,Intermediate,0
STU00553,Machine Learning|Feature Engineering,Data Scientist,Database Schema Design|A/B Test Analysis,Beginner,1
STU01202,Django/Flask/FastAPI|CI/CD|Microservices|REST APIs|Database Design|Git|Docker|Unit Testing,Backend Developer,,Advanced,1
STU00390,A/B Testing|Data Visualization|Linux/Bash|State Management|Scikit-learn|NLP,Data Scientist,React Dashboard|Recommendation System|Database Schema Design,Beginner,1
STU00578,SQL|Responsive Design|Data Visualization|Feature Engineering|Python|Scikit-learn|Database Design|Statistics,Data Scientist,,Intermediate,0
STU02313,Responsive Design|Data Visualization|Accessibility (a11y)|Feature Engineering|HTML/CSS|Git,Frontend Developer,,Intermediate,0
STU02367,Responsive Design|Accessibility (a11y)|ML Deployment|State Management|JavaScript,Frontend Developer,Mobile App Backend,Beginner,0
STU02266,Testing (Jest/RTL)|CSS Frameworks|TypeScript,Frontend Developer,,Beginner,0
STU00820,Unit Testing,Backend Developer,,Beginner,0
STU02485,Accessibility (a11y)|CI/CD,Frontend Developer,Data Dashboard,Beginner,0
STU01006,SQL|MLOps|Python|Linux/Bash,Backend Developer,,Intermediate,0
STU01248,SQL|Django/Flask/FastAPI|CI/CD|Docker|Accessibility (a11y)|Python|Linux/Bash|State Management|REST APIs|Database Design|Authentication/Security|Git|Message Queues|Unit Testing,Backend Developer,Feature Engineering Pipeline|Mobile App Backend|REST API,Advanced,1
STU02058,React|ML Deployment|Git|Pandas,Frontend Developer,NLP Sentiment Analysis,Beginner,0
STU00664,SQL|Authentication/Security,Backend Developer,Neural Network|Image Classifier,Beginner,0
STU02462,HTML/CSS|REST APIs,Frontend Developer,Data Dashboard,Beginner,0
STU00142,SQL|Statistics|Scikit-learn,Data Scientist,E-commerce Site,Beginner,0
STU02174,Webpack/Vite|React|Performance Optimization|Responsive Design|Testing (Jest/RTL)|NumPy|State Management|ML Deployment|HTML/CSS|Git|JavaScript,Frontend Developer,NLP Sentiment Analysis|Web Scraper,Advanced,1
STU01825,Deep Learning|Python|Scikit-learn|Statistics|NumPy|Docker|MLOps,ML Engineer,,Intermediate,0
STU00421,SQL|A/B Testing|Accessibility (a11y)|Feature Engineering|Python|Machine Learning|ML Deployment|Microservices|NLP|NumPy|Deep Learning,Data Scientist,ML Classifier|Recommendation System,Advanced,1
STU00799,SQL|Django/Flask/FastAPI|Python|Microservices|REST APIs|Database Design|Authentication/Security|Docker,Backend Developer,,Intermediate,1
STU00615,SQL,Data Scientist,NLP Sentiment Analysis,Beginner,0
STU01318,Docker|Pandas|ML Deployment|Statistics|Django/Flask/FastAPI,ML Engineer,,Beginner,0
STU00295,Data Visualization|ML Deployment|Scikit-learn|TypeScript,Data Scientist,EDA Project|Neural Network|NLP Sentiment Analysis,Intermediate,1
STU00401,SQL|Data Visualization|Python|Model Optimization|Machine Learning|ML Deployment|Statistics|NLP|NumPy,Data Scientist,Model Deployment API|REST API,Intermediate,1
STU00088,NLP|Scikit-learn|Docker|Deep Learning,Data Scientist,E-commerce Site,Beginner,0
STU02035,React|Webpack/Vite|Performance Optimization|Responsive Design|Testing (Jest/RTL)|Accessibility (a11y)|State Management|TypeScript|REST APIs|CSS Frameworks|Message Queues|Unit Testing|JavaScript,Frontend Developer,,Advanced,1
STU02459,HTML/CSS|TypeScript|JavaScript,Frontend Developer,Feature Engineering Pipeline,Beginner,0
STU00131,SQL|A/B Testing|Data Visualization|Feature Engineering|Python|Pandas|Machine Learning|ML Deployment|Scikit-learn|Statistics|NLP|NumPy|Deep Learning,Data Scientist,Docker Deployment|NLP Sentiment Analysis|EDA Project,Advanced,1
STU01573,React|Data Visualization|Model Optimization|ML Deployment|MLOps,ML Engineer,A/B Test Analysis|Portfolio Website,Beginner,0
STU01562,Database Design|ML Deployment|State Management,ML Engineer,TypeScript App|Mobile App Backend|Docker Deployment,Beginner,0
STU01828,SQL|Python|NumPy|Docker|Deep Learning,ML Engineer,Recommendation System|Feature Engineering Pipeline,Intermediate,1
STU01402,Data Visualization|Pandas|HTML/CSS|Model Optimization,ML Engineer,Portfolio Website|Neural Network|Feature Engineering Pipeline,Beginner,0
STU02052,React|State Management|Responsive Design,Frontend Developer,Web Scraper,Intermediate,0
STU02167,React|Webpack/Vite|Testing (Jest/RTL)|State Management|TypeScript|REST APIs|CSS Frameworks|Git|Docker|JavaScript,Frontend Developer,Image Classifier|Docker Deployment|TypeScript App,Advanced,1
STU02001,Webpack/Vite|React|HTML/CSS|Responsive Design,Frontend Developer,Model Deployment API|Web Scraper|A/B Test Analysis,Intermediate,0
STU00724,Python|Linux/Bash|Microservices|Database Design|Authentication/Security|Docker|MLOps,Backend Developer,,Intermediate,0
STU01314,SQL|NumPy|Docker|MLOps,ML Engineer,Database Schema Design|Web Scraper|Recommendation System,Intermediate,1
STU01767,SQL|Webpack/Vite|CI/CD|ML Deployment|MLOps,ML Engineer,Mobile App Backend|Image Classifier|NLP Sentiment Analysis,Intermediate,1
STU00269,SQL|Scikit-learn|Python,Data Scientist,,Intermediate,0
STU01780,SQL|Feature Engineering|Pandas|Python|Model Optimization|Machine Learning|ML Deployment|Scikit-learn|NumPy|Deep Learning,ML Engineer,,Advanced,1
STU02067,React|Webpack/Vite|Responsive Design|Accessibility (a11y)|State Management|HTML/CSS|Git|JavaScript,Frontend Developer,,Intermediate,1
STU01372,Python|ML Deployment|MLOps|Database Design|Authentication/Security|Docker|Deep Learning,ML Engineer,A/B Test Analysis|React Dashboard,Intermediate,1
STU00917,SQL|REST APIs,Backend Developer,Portfolio Website|EDA Project,Beginner,0
STU01610,Machine Learning|Python|Scikit-learn|MLOps,ML Engineer,Portfolio Website|ML Classifier|Database Schema Design,Intermediate,1
STU01319,A/B Testing|Feature Engineering|Python|ML Deployment|Scikit-learn|MLOps|TypeScript|Statistics|NumPy|Deep Learning,ML Engineer,Portfolio Website,Intermediate,1
STU02138,React|Accessibility (a11y)|REST APIs|HTML/CSS|CSS Frameworks|Git,Frontend Developer,Database Schema Design|Feature Engineering Pipeline,Intermediate,1
STU02021,Webpack/Vite|CSS Frameworks|TypeScript|Responsive Design,Frontend Developer,Image Classifier,Intermediate,0
STU01593,Pandas|Python|CI/CD,ML Engineer,,Beginner,0
STU02490,Responsive Design|REST APIs|CSS Frameworks|Authentication/Security|JavaScript,Frontend Developer,,Beginner,0
STU00375,SQL|Data Visualization|Testing (Jest/RTL)|Feature Engineering|Python|Pandas|Linux/Bash|Machine Learning|Scikit-learn,Data Scientist,,Intermediate,1
STU00333,SQL|A/B Testing|CI/CD|Data Visualization|Feature Engineering|Python|Pandas|Machine Learning|ML Deployment|Scikit-learn|Statistics|Deep Learning,Data Scientist,,Advanced,1
STU01791,Scikit-learn|NumPy|Python,ML Engineer,EDA Project|Image Classifier,Intermediate,1
STU02348,Testing (Jest/RTL)|REST APIs,Frontend Developer,Web Scraper|REST API,Beginner,0
STU01118,SQL|Django/Flask/FastAPI|Webpack/Vite|CI/CD|Docker|Feature Engineering|Python|Linux/Bash|Microservices|REST APIs|Database Design|Authentication/Security|Git|Message Queues|Unit Testing,Backend Developer,,Advanced,1
STU01442,SQL|Feature Engineering|Pandas|Python|Model Optimization|MLOps|Scikit-learn|ML Deployment|Statistics|NumPy|Deep Learning,ML Engineer,Feature Engineering Pipeline|Image Classifier,Advanced,1
STU00910,Authentication/Security|Model Optimization,Backend Developer,,Beginner,0
STU00776,CI/CD|Python|Linux/Bash|REST APIs|Authentication/Security|Git|Message Queues|Unit Testing,Backend Developer,,Advanced,1
STU01743,Pandas|Feature Engineering|Model Optimization|Machine Learning|NumPy|MLOps,ML Engineer,REST API,Advanced,1
STU00328,SQL|A/B Testing|Responsive Design|Data Visualization|Python|Machine Learning|ML Deployment|Statistics|NumPy,Data Scientist,Docker Deployment,Advanced,1
STU01342,SQL|Feature Engineering|Pandas|Model Optimization|Python|Machine Learning|ML Deployment|Scikit-learn|MLOps|Statistics|NumPy|Docker|Deep Learning,ML Engineer,NLP Sentiment Analysis,Advanced,1
STU00320,Feature Engineering|Python|Pandas|Machine Learning|Scikit-learn|Statistics|NLP|JavaScript,Data Scientist,Image Classifier,Intermediate,1
STU02010,React|Webpack/Vite|Performance Optimization|Testing (Jest/RTL)|Accessibility (a11y)|Database Design|Docker|JavaScript,Frontend Developer,Database Schema Design|Mobile App Backend,Intermediate,1
STU00012,Machine Learning|Webpack/Vite|NumPy|Python,Data Scientist,Docker Deployment|ML Classifier,Intermediate,1
STU00897,Message Queues|Docker|Python|Linux/Bash|REST APIs|NumPy|Django/Flask/FastAPI|Unit Testing|JavaScript,Backend Developer,A/B Test Analysis,Intermediate,1
STU00171,SQL|Scikit-learn,Data Scientist,React Dashboard,Beginner,0
STU00260,Data Visualization|Feature Engineering|Python|Pandas|ML Deployment|State Management|Statistics|NumPy|Deep Learning|Unit Testing,Data Scientist,Image Classifier|Docker Deployment,Intermediate,1
STU02402,React|Webpack/Vite|Performance Optimization|Responsive Design|Testing (Jest/RTL)|Accessibility (a11y)|State Management|TypeScript|REST APIs|HTML/CSS|CSS Frameworks|Git|JavaScript,Frontend Developer,Neural Network|Recommendation System|Docker Deployment,Advanced,1
STU00689,Performance Optimization|Message Queues,Backend Developer,A/B Test Analysis|E-commerce Site|Neural Network,Beginner,0
STU00901,Message Queues|Docker|Linux/Bash|REST APIs|Database Design|Authentication/Security|Git|Django/Flask/FastAPI|Unit Testing|JavaScript,Backend Developer,Docker Deployment,Advanced,1
STU00258,A/B Testing|Feature Engineering|Machine Learning|HTML/CSS|Deep Learning|Unit Testing,Data Scientist,Neural Network|Model Deployment API,Intermediate,0
STU00844,SQL|Django/Flask/FastAPI|CI/CD|Docker|Python|Microservices|REST APIs|Database Design|Authentication/Security|Message Queues|Unit Testing,Backend Developer,Neural Network|Docker Deployment,Advanced,1
STU02302,React|TypeScript|HTML/CSS|Git|JavaScript,Frontend Developer,,Intermediate,0
STU00138,NumPy|CI/CD,Data Scientist,Model Deployment API|Data Dashboard,Beginner,0
STU00319,Pandas|Python|Linux/Bash|Model Optimization|Statistics,Data Scientist,Data Dashboard|Model Deployment API|Neural Network,Beginner,1
STU00653,CI/CD|Accessibility (a11y)|NumPy|Microservices|REST APIs|Authentication/Security|Git|Docker|Unit Testing,Backend Developer,EDA Project|Data Dashboard,Intermediate,1
STU02202,Responsive Design|Testing (Jest/RTL)|Accessibility (a11y)|Pandas|State Management|TypeScript|REST APIs|Database Design|CSS Frameworks,Frontend Developer,Web Scraper|Docker Deployment,Intermediate,0
STU01814,Webpack/Vite|NumPy|Pandas|Model Optimization,ML Engineer,React Dashboard|Mobile App Backend,Intermediate,0
STU00558,SQL|React|A/B Testing|Accessibility (a11y)|Python|ML Deployment|NLP|Deep Learning,Data Scientist,,Advanced,0
STU00139,SQL|A/B Testing|Data Visualization|Feature Engineering|Pandas|Python|Machine Learning|ML Deployment|Scikit-learn|Statistics|NLP|NumPy|Deep Learning|JavaScript,Data Scientist,Portfolio Website|Database Schema Design,Advanced,1
STU00112,SQL|CI/CD|Python|Microservices|NLP|NumPy,Data Scientist,,Intermediate,0
STU00531,SQL|Message Queues|TypeScript|Machine Learning,Data Scientist,,Beginner,0
STU00224,SQL|CI/CD|Data Visualization|Pandas|Python|Feature Engineering|Machine Learning|ML Deployment|Database Design|NLP|NumPy|Deep Learning,Data Scientist,E-commerce Site|React Dashboard|Portfolio Website,Advanced,1
STU00723,SQL|CI/CD|Python|Microservices|REST APIs|Docker|Unit Testing,Backend Developer,Docker Deployment,Intermediate,1
STU02319,Webpack/Vite|Responsive Design|Accessibility (a11y)|TypeScript|REST APIs|HTML/CSS|MLOps,Frontend Developer,React Dashboard|TypeScript App,Advanced,1
STU02136,React|Webpack/Vite|Performance Optimization|Responsive Design|Accessibility (a11y)|State Management|TypeScript|REST APIs|HTML/CSS|Git|JavaScript,Frontend Developer,,Advanced,1
STU01433,SQL|Pandas|Feature Engineering|Scikit-learn|HTML/CSS|Statistics|Deep Learning|Docker|MLOps,ML Engineer,Data Dashboard|NLP Sentiment Analysis|Chatbot,Intermediate,1
STU00325,Data Visualization|ML Deployment|Database Design|REST APIs|Statistics,Data Scientist,Recommendation System|React Dashboard|REST API,Beginner,1
STU01323,Machine Learning|Deep Learning|MLOps,ML Engineer,Model Deployment API,Intermediate,0
STU01939,A/B Testing|Model Optimization|State Management|REST APIs|CSS Frameworks,Frontend Developer,Neural Network|NLP Sentiment Analysis,Beginner,0
STU01458,Scikit-learn|Pandas|Unit Testing|Model Optimization,ML Engineer,,Beginner,0
STU01927,React|Accessibility (a11y)|HTML/CSS|JavaScript,Frontend Developer,Model Deployment API|TypeScript App,Beginner,0
STU02248,React|Performance Optimization|Responsive Design|CI/CD|Testing (Jest/RTL)|Accessibility (a11y)|State Management|TypeScript|REST APIs|HTML/CSS|Git|JavaScript,Frontend Developer,Mobile App Backend|Recommendation System,Advanced,1
STU00714,Testing (Jest/RTL)|Authentication/Security|Docker|Unit Testing,Backend Developer,Docker Deployment|Web Scraper|Neural Network,Intermediate,1
STU00846,Feature Engineering|REST APIs,Backend Developer,Database Schema Design,Beginner,0
STU00193,Webpack/Vite|A/B Testing|Feature Engineering|Python|Machine Learning|Statistics|Message Queues|Deep Learning,Data Scientist,Feature Engineering Pipeline,Intermediate,1
STU01925,React|Responsive Design|Testing (Jest/RTL)|NumPy|State Management|TypeScript|REST APIs|Git,Frontend Developer,Docker Deployment|Web Scraper,Intermediate,0
STU00573,CI/CD|Data Visualization|Pandas|Python|Feature Engineering|Machine Learning|Scikit-learn|Statistics|NLP|Unit Testing,Data Scientist,Docker Deployment|E-commerce Site,Advanced,1
STU00946,Database Design|CSS Frameworks|Microservices|Docker,Backend Developer,Docker Deployment,Intermediate,0
STU00503,React|Python|Git|ML Deployment|NumPy,Data Scientist,Image Classifier|REST API,Beginner,1
STU01807,SQL|Deep Learning|Python|Model Optimization|Machine Learning|ML Deployment|Scikit-learn|Statistics|NumPy|Docker|MLOps,ML Engineer,,Advanced,1
STU02407,React|Git|JavaScript,Frontend Developer,Neural Network,Beginner,0
STU00645,SQL|CI/CD|Python|Microservices|Docker,Backend Developer,Recommendation System|TypeScript App|A/B Test Analysis,Intermediate,0
STU00003,SQL|Data Visualization|Python|Machine Learning|ML Deployment|Deep Learning,Data Scientist,Database Schema Design,Intermediate,0
STU01777,SQL|Accessibility (a11y)|Feature Engineering|Python|Model Optimization|Pandas|Machine Learning|ML Deployment|Scikit-learn|Statistics|CSS Frameworks|NumPy|Docker|MLOps,ML Engineer,NLP Sentiment Analysis,Advanced,1
STU00467,Data Visualization|Accessibility (a11y)|Scikit-learn|Microservices|Statistics|NumPy|Deep Learning,Data Scientist,Database Schema Design|E-commerce Site,Intermediate,1
STU01345,Statistics|Scikit-learn|Docker|MLOps,ML Engineer,,Beginner,0
STU00005,Statistics|Feature Engineering|Python|Docker,Data Scientist,React Dashboard|Image Classifier|Database Schema Design,Intermediate,1
STU02031,CSS Frameworks|JavaScript,Frontend Developer,NLP Sentiment Analysis|Data Dashboard|Image Classifier,Beginner,0
STU00919,SQL|Performance Optimization|Message Queues|Docker|CI/CD|Python|Linux/Bash|Model Optimization|REST APIs|Database Design|Authentication/Security|Git|Django/Flask/FastAPI|Unit Testing,Backend Developer,React Dashboard|E-commerce Site|Docker Deployment,Advanced,1
STU00547,SQL|A/B Testing|Data Visualization|Pandas|Python|ML Deployment|Scikit-learn|Statistics|NumPy|Deep Learning,Data Scientist,,Advanced,1
STU00228,SQL|A/B Testing|Data Visualization|Testing (Jest/RTL)|Pandas|Feature Engineering|Python|Machine Learning|ML Deployment|Scikit-learn|Statistics|NLP|NumPy|Deep Learning,Data Scientist,Portfolio Website,Advanced,1
STU01063,SQL|Feature Engineering|Linux/Bash|REST APIs,Backend Developer,React Dashboard|EDA Project,Beginner,0
STU00542,NumPy|Feature Engineering|Pandas,Data Scientist,E-commerce Site|Model Deployment API,Beginner,0
STU00242,A/B Testing|Data Visualization|Python|Linux/Bash|Machine Learning|TypeScript,Data Scientist,E-commerce Site|Docker Deployment|Web Scraper,Intermediate,0
STU00898,Message Queues|Docker|Python|Linux/Bash|State Management|REST APIs|Django/Flask/FastAPI,Backend Developer,Data Dashboard,Advanced,1
STU01754,SQL|Python|Model Optimization|Machine Learning|ML Deployment|Authentication/Security,ML Engineer,EDA Project|Docker Deployment,Intermediate,1
STU01160,SQL|Linux/Bash|Microservices|REST APIs|Authentication/Security|Git|Django/Flask/FastAPI,Backend Developer,Model Deployment API,Advanced,1
STU01832,Feature Engineering|Pandas|Scikit-learn|Statistics|Deep Learning|MLOps,ML Engineer,Docker Deployment|E-commerce Site|ML Classifier,Intermediate,1
STU01688,SQL|Feature Engineering|Python|Model Optimization|Pandas|Machine Learning|MLOps|Scikit-learn|Statistics|NumPy|Docker|Deep Learning,ML Engineer,,Advanced,1
STU01809,SQL|Deep Learning|Responsive Design|Accessibility (a11y)|Feature Engineering|Python|Scikit-learn|NumPy|MLOps,ML Engineer,Neural Network|Docker Deployment|Portfolio Website,Intermediate,1
STU00842,Authentication/Security|Microservices|CI/CD|REST APIs,Backend Developer,,Intermediate,0
STU01373,Feature Engineering|Python|Model Optimization|ML Deployment|NLP|NumPy|Docker,ML Engineer,Chatbot|EDA Project|React Dashboard,Intermediate,1
STU02107,CSS Frameworks|Git|Feature Engineering,Frontend Developer,,Beginner,0
STU02112,Performance Optimization|Feature Engineering|TypeScript|HTML/CSS|Unit Testing,Frontend Developer,,Beginner,0
STU01526,SQL|Feature Engineering|ML Deployment|Scikit-learn|CSS Frameworks|Docker|MLOps,ML Engineer,Web Scraper|Mobile App Backend|A/B Test Analysis,Intermediate,1
STU00276,A/B Testing|Feature Engineering|Pandas|ML Deployment|Scikit-learn|Microservices,Data Scientist,Data Dashboard,Intermediate,1
STU00661,SQL|Python|REST APIs|Git|Django/Flask/FastAPI,Backend Developer,Chatbot|Model Deployment API|Database Schema Design,Intermediate,1
STU01826,SQL|A/B Testing|Pandas|Model Optimization|ML Deployment|Scikit-learn|TypeScript|NumPy|MLOps,ML Engineer,,Intermediate,1
STU02116,Database Design|Git|Statistics,Frontend Developer,E-commerce Site|Web Scraper|A/B Test Analysis,Beginner,1
STU02357,React,Frontend Developer,Data Dashboard,Beginner,0
STU01858,SQL|Pandas|Python|Model Optimization|MLOps|Scikit-learn|Statistics|Deep Learning,ML Engineer,React Dashboard,Intermediate,1
STU00314,Data Visualization|Feature Engineering|Pandas|Machine Learning|ML Deployment|Scikit-learn|NLP|Deep Learning|JavaScript,Data Scientist,NLP Sentiment Analysis|Portfolio Website|Image Classifier,Intermediate,1
STU01466,SQL|Scikit-learn,ML Engineer,,Beginner,0
STU01343,Webpack/Vite|Deep Learning|JavaScript,ML Engineer,E-commerce Site|Chatbot,Beginner,0
STU01845,SQL|Python|Model Optimization|Machine Learning|Scikit-learn|Statistics|NumPy|JavaScript,ML Engineer,Web Scraper|Neural Network|TypeScript App,Advanced,1
STU00691,SQL|Data Visualization|Python|Linux/Bash|REST APIs|Authentication/Security|Docker|MLOps,Backend Developer,NLP Sentiment Analysis|Mobile App Backend|Image Classifier,Intermediate,1
STU01541,Machine Learning|TypeScript|Performance Optimization|Deep Learning,ML Engineer,A/B Test Analysis|NLP Sentiment Analysis,Beginner,0
STU00612,ML Deployment|Pandas|Deep Learning|Python,Data Scientist,Data Dashboard,Intermediate,1
STU00424,A/B Testing|Data Visualization|Pandas|Git|ML Deployment|Scikit-learn|Statistics|NumPy|Deep Learning,Data Scientist,Chatbot|E-commerce Site|NLP Sentiment Analysis,Intermediate,1
STU01577,SQL|Feature Engineering|Pandas|Python|ML Deployment|NumPy,ML Engineer,,Intermediate,0
STU00594,SQL|A/B Testing|Data Visualization|Pandas|Feature Engineering|Machine Learning|MLOps|NumPy|Deep Learning|JavaScript,Data Scientist,,Intermediate,1
STU02475,Webpack/Vite|React|Performance Optimization|Responsive Design|Testing (Jest/RTL)|State Management|REST APIs|Git|Django/Flask/FastAPI,Frontend Developer,Portfolio Website|Feature Engineering Pipeline|A/B Test Analysis,Intermediate,1
STU01950,State Management|Responsive Design,Frontend Developer,Image Classifier|Neural Network,Beginner,0
STU00622,SQL|A/B Testing|CI/CD|Feature Engineering|Pandas|Git|Machine Learning|NLP|NumPy|Deep Learning,Data Scientist,Database Schema Design|Recommendation System|Feature Engineering Pipeline,Intermediate,1
STU01805,SQL|Deep Learning|Feature Engineering|Python|Model Optimization|Pandas|Machine Learning|Linux/Bash|Scikit-learn|Statistics|NumPy|Docker|MLOps,ML Engineer,Neural Network,Advanced,1
STU01493,SQL|Python|Model Optimization|Statistics|NumPy,ML Engineer,Neural Network|Web Scraper|Portfolio Website,Intermediate,0
STU02238,Webpack/Vite|CI/CD|State Management|HTML/CSS|CSS Frameworks|Git|JavaScript,Frontend Developer,ML Classifier,Intermediate,1
STU00227,Webpack/Vite|Feature Engineering|Python|Machine Learning|ML Deployment|Scikit-learn|REST APIs|NLP|NumPy|Deep Learning,Data Scientist,Model Deployment API,Intermediate,1
STU02322,Webpack/Vite|Performance Optimization|Responsive Design|Testing (Jest/RTL)|State Management|REST APIs|CSS Frameworks|JavaScript,Frontend Developer,,Intermediate,1
STU01169,SQL|Linux/Bash|Database Design|Git|Message Queues,Backend Developer,E-commerce Site|Image Classifier,Intermediate,1
STU02037,Python|Unit Testing|REST APIs,Frontend Developer,,Beginner,0
STU01702,Performance Optimization|Pandas|Python|Model Optimization|Feature Engineering|Machine Learning|Git|ML Deployment|Scikit-learn|Statistics|NumPy|Docker|Deep Learning,ML Engineer,ML Classifier|NLP Sentiment Analysis,Advanced,1
STU00066,A/B Testing|Feature Engineering|Python|Scikit-learn|Statistics|NLP,Data Scientist,,Intermediate,0
STU01417,Python|Statistics|NumPy|Docker|MLOps|JavaScript,ML Engineer,REST API|E-commerce Site,Intermediate,0
STU02254,React|JavaScript,Frontend Developer,Recommendation System|Mobile App Backend,Beginner,0
STU00024,SQL|A/B Testing|Machine Learning|Statistics|NumPy|Deep Learning,Data Scientist,React Dashboard|Data Dashboard|NLP Sentiment Analysis,Intermediate,1
STU01235,SQL|Django/Flask/FastAPI|Docker|Testing (Jest/RTL)|Statistics|Authentication/Security|Message Queues,Backend Developer,Docker Deployment|Image Classifier|Mobile App Backend,Intermediate,1
STU02463,React|Accessibility (a11y)|TypeScript|REST APIs|HTML/CSS|Git|Message Queues,Frontend Developer,NLP Sentiment Analysis,Intermediate,0
STU00144,SQL|A/B Testing|Pandas|Python|Machine Learning|ML Deployment|Scikit-learn|Statistics|NLP|NumPy|Message Queues,Data Scientist,NLP Sentiment Analysis|ML Classifier,Advanced,1
STU00536,Accessibility (a11y)|Feature Engineering|Python|NLP|Docker|Deep Learning,Data Scientist,TypeScript App|Chatbot|Database Schema Design,Beginner,0
STU00811,SQL|Django/Flask/FastAPI|Message Queues|CI/CD|REST APIs|Docker,Backend Developer,,Intermediate,0
STU01735,SQL|Deep Learning|Pandas|Feature Engineering|Model Optimization|Machine Learning|Scikit-learn|Statistics|NumPy|Docker|MLOps,ML Engineer,,Advanced,1
STU01497,SQL|React|Performance Optimization|Model Optimization|Scikit-learn|Docker,ML Engineer,EDA Project|Portfolio Website,Beginner,0
STU00085,SQL|Performance Optimization|Data Visualization|Python|Git|Machine Learning|ML Deployment|Scikit-learn|Statistics|NumPy|Deep Learning,Data Scientist,Chatbot|Model Deployment API|React Dashboard,Advanced,1
STU01254,Model Optimization|Machine Learning|MLOps|Scikit-learn|ML Deployment|Database Design|NumPy|Message Queues|Deep Learning,ML Engineer,Data Dashboard,Advanced,1
STU02207,React|Performance Optimization|Responsive Design|Testing (Jest/RTL)|Data Visualization|Accessibility (a11y)|TypeScript,Frontend Developer,,Intermediate,0
STU02361,React|Responsive Design|Linux/Bash|State Management|CSS Frameworks|JavaScript,Frontend Developer,,Intermediate,1
STU02066,Webpack/Vite|React|Responsive Design|Testing (Jest/RTL)|Accessibility (a11y)|State Management|TypeScript|REST APIs|HTML/CSS|CSS Frameworks|Git|JavaScript,Frontend Developer,,Advanced,1
STU01669,Machine Learning|NumPy|Python,ML Engineer,,Intermediate,0
STU00484,Deep Learning,Data Scientist,ML Classifier|Data Dashboard,Beginner,1
STU02226,Performance Optimization|A/B Testing|Python|TypeScript|REST APIs,Frontend Developer,E-commerce Site|Docker Deployment,Intermediate,1
STU02386,Testing (Jest/RTL)|Machine Learning|ML Deployment|HTML/CSS|CSS Frameworks|JavaScript,Frontend Developer,,Beginner,0
STU00738,Responsive Design|CI/CD|Python|Microservices|TypeScript,Backend Developer,,Intermediate,0
STU01770,Accessibility (a11y)|Linux/Bash|Deep Learning|Docker|MLOps,ML Engineer,,Intermediate,0
STU02188,React|Performance Optimization|Testing (Jest/RTL)|Accessibility (a11y)|State Management|CSS Frameworks|MLOps|JavaScript,Frontend Developer,Mobile App Backend,Intermediate,1
STU02461,Testing (Jest/RTL)|CSS Frameworks|Message Queues|JavaScript,Frontend Developer,,Beginner,0
STU01742,Machine Learning|Feature Engineering|Model Optimization|JavaScript,ML Engineer,,Beginner,0
STU00362,A/B Testing|Python|Machine Learning|Scikit-learn|Git,Data Scientist,Mobile App Backend|ML Classifier,Beginner,1
STU00749,Responsive Design|Microservices|Authentication/Security|Django/Flask/FastAPI|MLOps,Backend Developer,,Intermediate,0
STU02105,Webpack/Vite|Responsive Design|Microservices|Git|JavaScript,Frontend Developer,,Beginner,0
STU01646,SQL|Message Queues|Feature Engineering|Pandas|Model Optimization|ML Deployment|Scikit-learn|Statistics|Authentication/Security|NumPy|Docker|MLOps,ML Engineer,A/B Test Analysis|Database Schema Design|TypeScript App,Advanced,1
STU01026,Performance Optimization|Python|Microservices|TypeScript|Git,Backend Developer,Portfolio Website|Data Dashboard,Beginner,0
STU01030,Feature Engineering|Python|REST APIs|Git|Docker,Backend Developer,TypeScript App,Intermediate,0
STU01868,Machine Learning|Statistics|Deep Learning|Linux/Bash,ML Engineer,Data Dashboard|Database Schema Design|Mobile App Backend,Intermediate,1
STU01335,Feature Engineering|Python|ML Deployment|Scikit-learn|HTML/CSS|Statistics|Docker|MLOps,ML Engineer,TypeScript App|Image Classifier,Intermediate,1
STU02059,React|Webpack/Vite|Responsive Design|Accessibility (a11y)|HTML/CSS|Git|JavaScript,Frontend Developer,Data Dashboard|Neural Network,Intermediate,1
STU01894,React|Webpack/Vite|Performance Optimization|Responsive Design|Testing (Jest/RTL)|Accessibility (a11y)|State Management|TypeScript|REST APIs|HTML/CSS|CSS Frameworks|Git|JavaScript,Frontend Developer,,Advanced,1
STU00665,Authentication/Security|Microservices|Python,Backend Developer,,Intermediate,0
STU00364,Data Visualization|Python|Pandas|Deep Learning,Data Scientist,Web Scraper|React Dashboard|Portfolio Website,Beginner,0
STU02292,React|Performance Optimization|CI/CD|Accessibility (a11y)|State Management|HTML/CSS|CSS Frameworks|Git,Frontend Developer,,Advanced,1
STU01239,Message Queues|CI/CD|Docker|Data Visualization|Python|HTML/CSS|Database Design|Authentication/Security|Django/Flask/FastAPI,Backend Developer,Image Classifier|Feature Engineering Pipeline|Mobile App Backend,Intermediate,1
STU00077,Webpack/Vite|Feature Engineering|Machine Learning|Scikit-learn|Statistics|Message Queues|Deep Learning,Data Scientist,Mobile App Backend,Intermediate,1
STU00027,SQL|A/B Testing|Data Visualization|Feature Engineering|Pandas|Machine Learning|ML Deployment|Scikit-learn|State Management|Statistics|NLP|NumPy|Django/Flask/FastAPI|Deep Learning,Data Scientist,E-commerce Site|Recommendation System,Advanced,1
STU00473,Statistics|A/B Testing,Data Scientist,Feature Engineering Pipeline|Mobile App Backend,Beginner,1
STU00525,A/B Testing|Responsive Design|Pandas|Linux/Bash|Scikit-learn,Data Scientist,,Intermediate,0
STU00725,Performance Optimization|Microservices|Python|Unit Testing,Backend Developer,,Beginner,0
STU00055,Data Visualization|Statistics|Scikit-learn|Python,Data Scientist,Image Classifier|React Dashboard,Intermediate,1
STU00638,SQL|Python|Scikit-learn|Statistics|Database Design,Backend Developer,React Dashboard|EDA Project|Chatbot,Beginner,0
STU00302,SQL|Performance Optimization|Data Visualization|Feature Engineering|Docker|Deep Learning,Data Scientist,REST API|Feature Engineering Pipeline,Intermediate,1
STU00718,Django/Flask/FastAPI|TypeScript,Backend Developer,Web Scraper,Beginner,0
STU01871,Data Visualization|Scikit-learn|NumPy|Microservices,ML Engineer,Mobile App Backend|NLP Sentiment Analysis|React Dashboard,Beginner,0
STU00624,SQL|React|CI/CD|Data Visualization|Feature Engineering|Pandas|Python|Machine Learning|Scikit-learn|Statistics|NLP|NumPy|Deep Learning,Data Scientist,NLP Sentiment Analysis|Portfolio Website|Feature Engineering Pipeline,Advanced,1
STU00007,Feature Engineering|Machine Learning|ML Deployment|HTML/CSS|Deep Learning,Data Scientist,E-commerce Site,Beginner,0
STU01280,SQL|Feature Engineering|Python|Machine Learning|Scikit-learn|REST APIs|NumPy|Docker|Deep Learning,ML Engineer,REST API|Web Scraper,Advanced,1
STU00803,Responsive Design|CI/CD|Python|REST APIs|Database Design|CSS Frameworks,Backend Developer,Recommendation System|React Dashboard,Beginner,0
STU01049,SQL|Django/Flask/FastAPI|Message Queues|CI/CD|Python|Linux/Bash|Microservices|REST APIs|Database Design|Authentication/Security|Git|Docker|Unit Testing,Backend Developer,Docker Deployment,Advanced,1
STU00336,Pandas|Deep Learning,Data Scientist,Database Schema Design,Beginner,0
STU01596,ML Deployment|Feature Engineering|Linux/Bash|CI/CD,ML Engineer,A/B Test Analysis|Chatbot|TypeScript App,Beginner,0
STU00047,SQL|CSS Frameworks|Responsive Design|Data Visualization|Feature Engineering|Machine Learning|ML Deployment|Scikit-learn|NLP|NumPy|Deep Learning,Data Scientist,Docker Deployment|Recommendation System,Advanced,1
STU02152,HTML/CSS|TypeScript,Frontend Developer,REST API,Beginner,0
STU00106,Machine Learning|Scikit-learn|Authentication/Security|Message Queues|Deep Learning,Data Scientist,REST API,Beginner,0
STU00349,SQL|A/B Testing|Data Visualization|Feature Engineering|Pandas|Python|Machine Learning|ML Deployment|Scikit-learn|NLP|NumPy|Django/Flask/FastAPI|Deep Learning,Data Scientist,Data Dashboard|NLP Sentiment Analysis|A/B Test Analysis,Advanced,1
STU01079,SQL|Python|Machine Learning|Authentication/Security|Message Queues,Backend Developer,Model Deployment API,Intermediate,0
STU00238,SQL|Feature Engineering|Scikit-learn|Microservices|NumPy,Data Scientist,REST API|Feature Engineering Pipeline,Intermediate,1
STU00213,HTML/CSS|ML Deployment|Responsive Design,Data Scientist,A/B Test Analysis|Feature Engineering Pipeline|Mobile App Backend,Beginner,1
STU01144,SQL|Docker|CI/CD|Pandas|Linux/Bash|REST APIs|Statistics|Authentication/Security|Git|Django/Flask/FastAPI,Backend Developer,ML Classifier|Neural Network|Portfolio Website,Intermediate,1
STU02379,HTML/CSS|Responsive Design,Frontend Developer,Database Schema Design,Beginner,0
STU01761,Machine Learning|Statistics|ML Deployment|Deep Learning,ML Engineer,Docker Deployment,Intermediate,0
STU00793,Django/Flask/FastAPI|Python|REST APIs|Database Design|Authentication/Security|Git|Message Queues,Backend Developer,Feature Engineering Pipeline|EDA Project|ML Classifier,Advanced,1
STU01096,SQL|Performance Optimization|Authentication/Security|Message Queues|Unit Testing|JavaScript,Backend Developer,Database Schema Design|E-commerce Site,Intermediate,1
STU02206,React|TypeScript,Frontend Developer,,Beginner,0
STU01739,SQL|Pandas|NumPy|Model Optimization|Scikit-learn|Statistics|Deep Learning|MLOps,ML Engineer,,Advanced,1
STU02222,React|Webpack/Vite|Performance Optimization|Responsive Design|Accessibility (a11y)|State Management|TypeScript|HTML/CSS|CSS Frameworks|Git|JavaScript,Frontend Developer,EDA Project|ML Classifier,Advanced,1
STU00345,SQL|A/B Testing|Data Visualization|Testing (Jest/RTL)|Python|Machine Learning|Statistics|NLP|NumPy,Data Scientist,Neural Network|Data Dashboard,Advanced,1
STU00523,A/B Testing|Feature Engineering|Pandas|State Management|Statistics|NLP|MLOps,Data Scientist,TypeScript App|Model Deployment API,Intermediate,1
STU00232,ML Deployment|Feature Engineering|NLP|Linux/Bash,Data Scientist,Data Dashboard|Image Classifier|NLP Sentiment Analysis,Intermediate,1
STU00644,SQL|Docker|Data Visualization|Python|Linux/Bash|REST APIs|Database Design|Authentication/Security|Git|Django/Flask/FastAPI|Unit Testing,Backend Developer,Docker Deployment|Recommendation System|Database Schema Design,Advanced,1
STU01917,Webpack/Vite|React|Performance Optimization|Testing (Jest/RTL)|State Management|TypeScript|REST APIs|HTML/CSS|Statistics|Django/Flask/FastAPI|JavaScript,Frontend Developer,,Advanced,1
STU02170,Testing (Jest/RTL)|Accessibility (a11y)|State Management|REST APIs|HTML/CSS|JavaScript,Frontend Developer,Recommendation System|Neural Network|EDA Project,Intermediate,1
STU01428,SQL|Feature Engineering|Python|Pandas|Machine Learning|ML Deployment|Scikit-learn|Statistics|NumPy|Docker|MLOps,ML Engineer,A/B Test Analysis|Chatbot,Advanced,1
STU00533,Microservices|A/B Testing,Data Scientist,Data Dashboard,Beginner,0
STU02171,React|MLOps|Responsive Design|JavaScript,Frontend Developer,EDA Project|Neural Network,Beginner,0
STU00603,A/B Testing|Python|Pandas|Deep Learning,Data Scientist,,Beginner,0
STU01489,SQL|Model Optimization|Scikit-learn|HTML/CSS|Deep Learning|Docker|MLOps,ML Engineer,Image Classifier,Intermediate,1
STU01857,SQL|Testing (Jest/RTL)|Pandas|ML Deployment|Statistics|Docker|MLOps|Unit Testing,ML Engineer,,Intermediate,1
STU01426,SQL|Performance Optimization|Feature Engineering|Python|Model Optimization|ML Deployment|Scikit-learn|HTML/CSS|Docker|Deep Learning,ML Engineer,ML Classifier|Data Dashboard|Feature Engineering Pipeline,Advanced,1
STU01074,Python|Microservices|Statistics|Database Design|Unit Testing,Backend Developer,,Beginner,0
STU02005,React|Performance Optimization|Responsive Design|Accessibility (a11y)|NumPy|TypeScript|CSS Frameworks|Git|JavaScript,Frontend Developer,Docker Deployment|TypeScript App,Advanced,1
STU00060,SQL|Feature Engineering|Pandas|Machine Learning|Scikit-learn,Data Scientist,TypeScript App|EDA Project|Image Classifier,Intermediate,1
STU01940,React|Webpack/Vite|Responsive Design|Accessibility (a11y)|Python|TypeScript|REST APIs|HTML/CSS|CSS Frameworks|Git|JavaScript,Frontend Developer,Model Deployment API|Mobile App Backend,Advanced,1
STU00092,SQL|A/B Testing|Data Visualization|Feature Engineering|Pandas|Python|Machine Learning|ML Deployment|Database Design|Statistics|NLP|NumPy|Deep Learning,Data Scientist,Neural Network|React Dashboard,Advanced,1
STU00666,SQL|Webpack/Vite|Responsive Design|Linux/Bash|REST APIs|Database Design|Authentication/Security|Docker|Unit Testing,Backend Developer,,Advanced,1
STU01720,Scikit-learn|Pandas|Model Optimization,ML Engineer,E-commerce Site|Mobile App Backend,Intermediate,0
STU02246,Performance Optimization|Testing (Jest/RTL)|Machine Learning|Microservices|TypeScript|REST APIs|HTML/CSS|CSS Frameworks|Git|JavaScript,Frontend Developer,Mobile App Backend,Intermediate,1
STU00280,SQL|React|A/B Testing|Python|Machine Learning|ML Deployment|Scikit-learn|NLP|NumPy|Unit Testing,Data Scientist,Model Deployment API|ML Classifier|TypeScript App,Intermediate,1
STU01719,React|A/B Testing|Model Optimization|Statistics|Docker|MLOps,ML Engineer,Mobile App Backend|Portfolio Website,Intermediate,0
STU01725,Pandas|Python|Database Design|CSS Frameworks|MLOps,ML Engineer,,Intermediate,0
STU00359,SQL|Feature Engineering|TypeScript|Statistics|NumPy,Data Scientist,Chatbot|Mobile App Backend,Intermediate,1
STU01748,SQL|Python|Model Optimization|Scikit-learn|CSS Frameworks|MLOps,ML Engineer,,Intermediate,0
STU01543,ML Deployment|NumPy|JavaScript,ML Engineer,Recommendation System,Beginner,0
STU01397,Testing (Jest/RTL)|NumPy|Python|Feature Engineering|Machine Learning|Scikit-learn|Deep Learning|MLOps,ML Engineer,Docker Deployment,Advanced,1
STU01803,SQL|Feature Engineering|Pandas|Model Optimization|Python|Machine Learning|TypeScript|HTML/CSS,ML Engineer,NLP Sentiment Analysis|Model Deployment API,Intermediate,1
STU00847,A/B Testing|CI/CD|Feature Engineering|Python|Linux/Bash|REST APIs|Database Design|Docker,Backend Developer,,Advanced,0
STU01206,SQL,Backend Developer,E-commerce Site|Database Schema Design|A/B Test Analysis,Beginner,0
STU02262,React|Webpack/Vite|Responsive Design|Accessibility (a11y)|TypeScript|REST APIs,Frontend Developer,Feature Engineering Pipeline,Intermediate,0
STU00760,CSS Frameworks|Docker|Python,Backend Developer,TypeScript App|Mobile App Backend,Beginner,0
STU00110,SQL|React|A/B Testing|Data Visualization|Python|Machine Learning|ML Deployment|Scikit-learn|REST APIs|Statistics|NLP|NumPy|Deep Learning,Data Scientist,EDA Project|Data Dashboard,Advanced,1
STU00042,SQL|A/B Testing|Responsive Design|Python|Scikit-learn|Statistics|Deep Learning,Data Scientist,Chatbot|Image Classifier,Intermediate,1
STU00125,SQL|A/B Testing|Data Visualization|Pandas|Python|Feature Engineering|Machine Learning|ML Deployment|Scikit-learn|Statistics|NLP,Data Scientist,Chatbot,Advanced,1
STU00204,A/B Testing|Data Visualization|Pandas|Python|Machine Learning|Scikit-learn|Docker,Data Scientist,Mobile App Backend,Intermediate,0
STU01473,Feature Engineering|Pandas|Model Optimization|ML Deployment|Scikit-learn|HTML/CSS|Statistics|Message Queues|MLOps,ML Engineer,TypeScript App|Image Classifier,Advanced,1
STU00052,SQL|A/B Testing|Pandas|Feature Engineering|Python|Machine Learning|ML Deployment|Scikit-learn|Microservices|Statistics|NLP|NumPy|Message Queues|Deep Learning,Data Scientist,Portfolio Website|REST API|Database Schema Design,Advanced,1
STU00545,ML Deployment|NLP|Model Optimization|State Management,Data Scientist,Database Schema Design,Beginner,0
STU00068,SQL|Pandas|Machine Learning,Data Scientist,E-commerce Site|Feature Engineering Pipeline|TypeScript App,Beginner,1
STU02223,Webpack/Vite|Performance Optimization|ML Deployment|HTML/CSS|JavaScript,Frontend Developer,Data Dashboard,Intermediate,0
STU01951,Webpack/Vite|Performance Optimization|A/B Testing|Responsive Design|Testing (Jest/RTL)|NumPy|REST APIs|CSS Frameworks|Git|JavaScript,Frontend Developer,ML Classifier|NLP Sentiment Analysis,Advanced,1
STU02197,Testing (Jest/RTL)|State Management|Django/Flask/FastAPI|CI/CD,Frontend Developer,Docker Deployment|Portfolio Website|REST API,Beginner,1
STU01908,Webpack/Vite|CSS Frameworks,Frontend Developer,REST API,Beginner,0
STU01424,Feature Engineering|Python|State Management|Docker|MLOps,ML Engineer,EDA Project|REST API|Database Schema Design,Intermediate,1
STU00183,SQL|Data Visualization|Python|Machine Learning|Statistics,Data Scientist,,Intermediate,0
STU00137,Data Visualization|TypeScript|Deep Learning|SQL,Data Scientist,Database Schema Design|React Dashboard,Beginner,0
STU00899,Authentication/Security|Django/Flask/FastAPI|CI/CD,Backend Developer,TypeScript App,Beginner,0
STU00796,CI/CD|Pandas|Linux/Bash|REST APIs|Database Design,Backend Developer,Docker Deployment|Web Scraper,Intermediate,0
STU00132,SQL|A/B Testing|Feature Engineering|Python|Pandas|Machine Learning|ML Deployment|Scikit-learn|Statistics|CSS Frameworks|NumPy|Deep Learning,Data Scientist,,Advanced,1
STU00080,Responsive Design|Feature Engineering|Python|ML Deployment|NLP,Data Scientist,,Intermediate,0
STU01586,SQL|Pandas|Model Optimization|Linux/Bash|Machine Learning|Statistics|Deep Learning|Docker|MLOps,ML Engineer,ML Classifier|E-commerce Site|React Dashboard,Advanced,1
STU02157,Webpack/Vite|Performance Optimization|State Management|REST APIs|HTML/CSS|Database Design|CSS Frameworks,Frontend Developer,REST API|Neural Network|Feature Engineering Pipeline,Advanced,1
STU00758,SQL|Django/Flask/FastAPI|Linux/Bash|Microservices|REST APIs|Authentication/Security|Git|Docker|Unit Testing,Backend Developer,Image Classifier|E-commerce Site|EDA Project,Advanced,1
STU00541,SQL,Data Scientist,Mobile App Backend,Beginner,0
STU01019,Message Queues|Pandas|REST APIs|Docker|Deep Learning|Unit Testing,Backend Developer,,Intermediate,0
STU01766,Feature Engineering|Pandas|Deep Learning|Docker,ML Engineer,Model Deployment API|Recommendation System|EDA Project,Intermediate,1
STU00983,Python|Linux/Bash,Backend Developer,Image Classifier|NLP Sentiment Analysis,Beginner,0
STU02231,React|SQL|Performance Optimization|Responsive Design|Testing (Jest/RTL)|Accessibility (a11y)|State Management|TypeScript|REST APIs|HTML/CSS|CSS Frameworks|Git|MLOps|JavaScript,Frontend Developer,Docker Deployment|Data Dashboard,Advanced,1
STU00165,SQL|Data Visualization|Pandas|Python|Feature Engineering|Machine Learning|ML Deployment|Scikit-learn|NLP|NumPy,Data Scientist,Database Schema Design|React Dashboard|E-commerce Site,Advanced,1
STU00248,Statistics|NumPy|Docker|Deep Learning,Data Scientist,Recommendation System|ML Classifier|Web Scraper,Intermediate,1
STU01331,NumPy|Docker|Deep Learning,ML Engineer,EDA Project|Recommendation System,Intermediate,1
STU00446,SQL|A/B Testing|Data Visualization|Testing (Jest/RTL)|Feature Engineering|Pandas|Python|Machine Learning|ML Deployment|Scikit-learn|Microservices|Statistics|NumPy|Deep Learning,Data Scientist,,Advanced,1
STU01776,Docker|Deep Learning,ML Engineer,TypeScript App|Docker Deployment|A/B Test Analysis,Beginner,0
STU00858,CI/CD|Linux/Bash|Microservices|REST APIs|HTML/CSS|Database Design|Authentication/Security,Backend Developer,Portfolio Website|React Dashboard,Intermediate,1
STU01358,Responsive Design|Feature Engineering|Model Optimization|MLOps|HTML/CSS|Docker|Deep Learning,ML Engineer,Docker Deployment|Neural Network,Intermediate,1
STU01861,Feature Engineering|HTML/CSS|CSS Frameworks|NumPy|MLOps,ML Engineer,NLP Sentiment Analysis|A/B Test Analysis,Intermediate,1
STU00097,SQL|NLP|Feature Engineering|Pandas,Data Scientist,,Intermediate,0
STU02307,Feature Engineering|REST APIs|HTML/CSS|Database Design|JavaScript,Frontend Developer,Docker Deployment|A/B Test Analysis|Recommendation System,Intermediate,0
STU00805,SQL|NLP|Docker|Python|Linux/Bash|Microservices|REST APIs|Database Design|Authentication/Security|Git|Message Queues|MLOps|Unit Testing,Backend Developer,Recommendation System|Chatbot|Mobile App Backend,Advanced,1
STU00737,SQL|CI/CD|Python|Linux/Bash|Microservices|Database Design|Git|Django/Flask/FastAPI|Unit Testing,Backend Developer,,Advanced,1
STU02100,Webpack/Vite|React|Performance Optimization|Responsive Design|Accessibility (a11y)|Feature Engineering|State Management|TypeScript|REST APIs|HTML/CSS|CSS Frameworks|Git|JavaScript,Frontend Developer,,Advanced,1
STU01885,React|Webpack/Vite|Performance Optimization|NLP|Responsive Design|Testing (Jest/RTL)|Accessibility (a11y)|State Management|TypeScript|REST APIs|HTML/CSS|CSS Frameworks|Git|JavaScript,Frontend Developer,A/B Test Analysis,Advanced,1
STU02000,Scikit-learn|Django/Flask/FastAPI|REST APIs,Frontend Developer,ML Classifier|Web Scraper,Beginner,0
STU00102,SQL|Data Visualization|Feature Engineering|Machine Learning|Scikit-learn|Statistics|NLP|NumPy,Data Scientist,React Dashboard,Advanced,1
STU00434,SQL|Scikit-learn|Pandas|MLOps,Data Scientist,Docker Deployment,Intermediate,0
STU00074,Python|Message Queues|Pandas|Deep Learning,Data Scientist,A/B Test Analysis|ML Classifier,Intermediate,1
STU00577,Python|ML Deployment|Statistics|NLP|NumPy,Data Scientist,,Intermediate,0
STU01846,Pandas|Python|Statistics|NLP|Authentication/Security,ML Engineer,Model Deployment API,Intermediate,1
STU02312,Responsive Design|Testing (Jest/RTL)|CSS Frameworks|Authentication/Security|JavaScript,Frontend Developer,ML Classifier,Beginner,0
STU01230,SQL|Performance Optimization|CI/CD|Python|Microservices|REST APIs|Git|Message Queues,Backend Developer,A/B Test Analysis,Intermediate,1
STU00918,React|REST APIs|Database Design|Git|Message Queues,Backend Developer,Feature Engineering Pipeline|Data Dashboard|Web Scraper,Intermediate,1
STU01326,SQL|Feature Engineering|Python|Model Optimization|Pandas|Machine Learning|ML Deployment|Scikit-learn|MLOps|Statistics|NumPy|Docker|Deep Learning|JavaScript,ML Engineer,A/B Test Analysis|Mobile App Backend|Chatbot,Advanced,1
STU02315,Performance Optimization|CI/CD|TypeScript|Responsive Design,Frontend Developer,,Beginner,0
STU02286,Responsive Design|Testing (Jest/RTL)|State Management|REST APIs|Docker,Frontend Developer,NLP Sentiment Analysis|REST API|React Dashboard,Beginner,1
STU02245,React|Accessibility (a11y)|Responsive Design|REST APIs,Frontend Developer,Web Scraper|Recommendation System|ML Classifier,Beginner,0
STU00762,Django/Flask/FastAPI|Python|Linux/Bash|REST APIs|Authentication/Security|Git|Docker|Unit Testing,Backend Developer,Web Scraper|Model Deployment API|Neural Network,Intermediate,1
STU02115,Performance Optimization,Frontend Developer,,Beginner,0
STU00989,SQL|Message Queues|CI/CD|Python|Linux/Bash|REST APIs|Database Design|Authentication/Security|Git|Docker|Unit Testing,Backend Developer,,Advanced,1
STU00388,Scikit-learn|Feature Engineering|A/B Testing,Data Scientist,Model Deployment API|REST API|Database Schema Design,Intermediate,1
STU00235,Pandas|Linux/Bash|Model Optimization|Machine Learning|Statistics,Data Scientist,E-commerce Site,Beginner,0
STU02494,Webpack/Vite|Performance Optimization|Responsive Design|CSS Frameworks|Message Queues|JavaScript,Frontend Developer,,Intermediate,0
STU00267,ML Deployment|NLP|Responsive Design,Data Scientist,Mobile App Backend|Web Scraper|E-commerce Site,Beginner,0
STU01329,Feature Engineering|ML Deployment|Scikit-learn|NumPy|Deep Learning,ML Engineer,TypeScript App|ML Classifier|Recommendation System,Intermediate,1
STU02303,React|Testing (Jest/RTL)|Feature Engineering|MLOps|JavaScript,Frontend Developer,,Beginner,0
STU00117,Machine Learning|ML Deployment|Statistics|Git|Django/Flask/FastAPI,Data Scientist,,Beginner,0
STU00437,SQL|A/B Testing|Data Visualization|Feature Engineering|Pandas|Machine Learning|Deep Learning|Unit Testing,Data Scientist,Model Deployment API|A/B Test Analysis|TypeScript App,Intermediate,1
STU00673,NumPy|Message Queues,Backend Developer,Model Deployment API,Beginner,0
STU00249,Accessibility (a11y)|Pandas|Machine Learning|CSS Frameworks|NumPy|Deep Learning,Data Scientist,EDA Project|Recommendation System,Intermediate,1
STU02128,Performance Optimization|Accessibility (a11y)|State Management|TypeScript|Database Design|Deep Learning|JavaScript,Frontend Developer,Chatbot|EDA Project,Intermediate,0
STU01574,SQL|React|Pandas|Feature Engineering|Model Optimization|Python|Machine Learning|ML Deployment|Statistics|NumPy|Docker|MLOps,ML Engineer,ML Classifier|React Dashboard,Advanced,1
STU02496,Responsive Design|Testing (Jest/RTL)|Accessibility (a11y)|State Management|TypeScript|NumPy,Frontend Developer,Chatbot|Feature Engineering Pipeline,Intermediate,0
STU00094,SQL|Webpack/Vite|Python|ML Deployment|Scikit-learn,Data Scientist,Portfolio Website,Intermediate,0
STU01897,Performance Optimization|Testing (Jest/RTL)|Accessibility (a11y)|Scikit-learn|Statistics|CSS Frameworks|Git,Frontend Developer,Chatbot,Intermediate,0
STU00033,Machine Learning|Database Design|Scikit-learn,Data Scientist,Feature Engineering Pipeline|Mobile App Backend,Beginner,1
STU02134,React|Responsive Design|Testing (Jest/RTL)|Accessibility (a11y)|State Management|Database Design|JavaScript,Frontend Developer,NLP Sentiment Analysis|Database Schema Design,Advanced,1
STU02284,React|Performance Optimization|Responsive Design|Testing (Jest/RTL)|Accessibility (a11y)|State Management|TypeScript|Statistics|Git,Frontend Developer,E-commerce Site|Portfolio Website|Chatbot,Intermediate,1
STU00448,SQL|Data Visualization|Feature Engineering|Machine Learning|ML Deployment|Statistics,Data Scientist,Portfolio Website,Intermediate,0
STU01469,Accessibility (a11y)|Pandas|Python|Machine Learning|MLOps,ML Engineer,Chatbot,Beginner,0
STU01795,SQL|A/B Testing|Feature Engineering|Pandas|Model Optimization|Python|Machine Learning|NumPy|ML Deployment|Scikit-learn|State Management|Statistics|Deep Learning|Docker|MLOps,ML Engineer,Chatbot|A/B Test Analysis,Advanced,1
STU00716,SQL|Docker|Python|Linux/Bash|Machine Learning|ML Deployment|Microservices|REST APIs|Git|Django/Flask/FastAPI,Backend Developer,NLP Sentiment Analysis|Neural Network|Database Schema Design,Intermediate,1
STU01941,Webpack/Vite|React|Performance Optimization|Responsive Design|Testing (Jest/RTL)|Accessibility (a11y)|State Management|REST APIs|CSS Frameworks|Git|Unit Testing|JavaScript,Frontend Developer,,Advanced,1
STU02175,React|Responsive Design|Accessibility (a11y)|Model Optimization|State Management|CSS Frameworks|Git,Frontend Developer,Image Classifier|E-commerce Site,Intermediate,1
STU00000,SQL|Responsive Design|Feature Engineering|Pandas|Python|Model Optimization|Statistics|NumPy|Deep Learning,Data Scientist,Recommendation System|Data Dashboard,Intermediate,1
STU00456,SQL|NLP|TypeScript|ML Deployment,Data Scientist,,Intermediate,0
STU01101,SQL|Django/Flask/FastAPI|CI/CD|Docker|Python|Linux/Bash|Microservices|REST APIs|Database Design|Authentication/Security|Git|Message Queues|Unit Testing,Backend Developer,E-commerce Site|React Dashboard|Docker Deployment,Advanced,1
STU01108,HTML/CSS|Python|Linux/Bash,Backend Developer,EDA Project|Recommendation System,Beginner,0
STU01882,TypeScript|Responsive Design,Frontend Developer,,Beginner,0
STU00082,SQL|Feature Engineering|A/B Testing,Data Scientist,Web Scraper|Neural Network|Data Dashboard,Beginner,1
STU01481,NumPy|Python,ML Engineer,,Beginner,0
STU01976,HTML/CSS|Deep Learning|CI/CD,Frontend Developer,Neural Network|ML Classifier|REST API,Beginner,0
STU00676,Scikit-learn|Unit Testing,Backend Developer,Neural Network,Beginner,0
STU02042,Python|Performance Optimization|Accessibility (a11y)|State Management,Frontend Developer,A/B Test Analysis|REST API|NLP Sentiment Analysis,Beginner,0
STU02126,HTML/CSS|Accessibility (a11y)|State Management,Frontend Developer,ML Classifier|Portfolio Website,Beginner,1
STU01046,SQL|Docker|Microservices|REST APIs|Database Design|CSS Frameworks|Django/Flask/FastAPI|Unit Testing,Backend Developer,Docker Deployment|NLP Sentiment Analysis|ML Classifier,Intermediate,1
STU01460,SQL|MLOps|Unit Testing,ML Engineer,Mobile App Backend,Beginner,0
STU00770,CI/CD|Python|Machine Learning|State Management|Database Design|Django/Flask/FastAPI,Backend Developer,Portfolio Website,Intermediate,0
STU01668,SQL|Feature Engineering|Pandas|Model Optimization|ML Deployment|Scikit-learn|Statistics|Docker|MLOps,ML Engineer,,Advanced,1
STU02024,React|Testing (Jest/RTL)|State Management|Microservices|JavaScript,Frontend Developer,Portfolio Website,Beginner,1
STU01963,Data Visualization|Accessibility (a11y)|State Management|REST APIs|Git,Frontend Developer,,Intermediate,0
STU00517,Feature Engineering|Scikit-learn|Pandas|Authentication/Security,Data Scientist,Image Classifier|Data Dashboard,Beginner,1
STU00822,NumPy|Python|Microservices|Git|Docker|MLOps,Backend Developer,,Beginner,0
STU00404,Testing (Jest/RTL)|Python,Data Scientist,Feature Engineering Pipeline,Beginner,0
STU00384,A/B Testing|Feature Engineering|Python|Pandas|Machine Learning|Scikit-learn|NumPy,Data Scientist,,Advanced,1
STU01991,React|HTML/CSS|Machine Learning|JavaScript,Frontend Developer,,Beginner,0
STU02424,Webpack/Vite|React|Performance Optimization|Responsive Design|Testing (Jest/RTL)|State Management|TypeScript|CSS Frameworks|Git|JavaScript,Frontend Developer,,Advanced,1
STU00104,SQL|Data Visualization|Python|Machine Learning|ML Deployment|TypeScript,Data Scientist,A/B Test Analysis|Portfolio Website,Intermediate,1
STU01633,MLOps|Unit Testing,ML Engineer,Mobile App Backend|Model Deployment API|Portfolio Website,Beginner,0
STU02384,React|Accessibility (a11y)|TypeScript|HTML/CSS|CSS Frameworks|Git|JavaScript,Frontend Developer,,Intermediate,0
STU00688,TypeScript|Python|CI/CD,Backend Developer,Portfolio Website|Mobile App Backend|Image Classifier,Beginner,1
STU02210,React|Webpack/Vite|Performance Optimization|NLP|Testing (Jest/RTL)|State Management|TypeScript|REST APIs|HTML/CSS|CSS Frameworks|Git|Deep Learning,Frontend Developer,,Advanced,1
STU00826,Message Queues|CI/CD|Linux/Bash|Microservices|REST APIs|HTML/CSS|Database Design|Authentication/Security|Django/Flask/FastAPI,Backend Developer,A/B Test Analysis|Database Schema Design|Chatbot,Intermediate,1
STU01240,CI/CD|Docker|Python|Linux/Bash|Model Optimization|Authentication/Security|Git|Django/Flask/FastAPI|Unit Testing|JavaScript,Backend Developer,React Dashboard,Advanced,1
STU00062,NumPy|Pandas,Data Scientist,Feature Engineering Pipeline|Database Schema Design,Beginner,0
STU01305,SQL|A/B Testing|Testing (Jest/RTL)|Pandas|Python|Machine Learning|Docker|MLOps,ML Engineer,Docker Deployment,Intermediate,1
STU00852,Linux/Bash|TypeScript|Database Design|Unit Testing|JavaScript,Backend Developer,,Beginner,0
STU02320,Webpack/Vite|React|Performance Optimization|Responsive Design|Testing (Jest/RTL)|Accessibility (a11y)|State Management|TypeScript|REST APIs|HTML/CSS|CSS Frameworks|Git|JavaScript,Frontend Developer,REST API|Neural Network,Advanced,1
STU00176,Data Visualization|Machine Learning|Scikit-learn|NLP|NumPy,Data Scientist,REST API,Intermediate,1
STU01262,SQL|Testing (Jest/RTL)|Model Optimization|REST APIs,ML Engineer,Mobile App Backend|A/B Test Analysis,Beginner,0
STU00223,SQL|A/B Testing|Machine Learning|Scikit-learn|TypeScript|NLP|Deep Learning,Data Scientist,Mobile App Backend|Recommendation System,Intermediate,1
STU00145,Data Visualization|Accessibility (a11y)|Pandas|Python|Statistics|NLP,Data Scientist,Docker Deployment,Intermediate,0
STU01088,SQL|CI/CD|Python|Microservices|TypeScript|Database Design|Git|Django/Flask/FastAPI|Unit Testing,Backend Developer,Chatbot|Neural Network,Intermediate,1
STU00373,CSS Frameworks|Feature Engineering|Pandas|NLP|Message Queues,Data Scientist,Docker Deployment|Web Scraper|Model Deployment API,Beginner,0
STU01824,CI/CD|Python|Machine Learning|Scikit-learn|Git|Docker,ML Engineer,Chatbot|Web Scraper|React Dashboard,Intermediate,0
STU02109,Python|Git|TypeScript,Frontend Developer,E-commerce Site|Neural Network|Mobile App Backend,Beginner,0
STU01142,SQL|Django/Flask/FastAPI|CI/CD|Docker|Python|Model Optimization|Database Design|Authentication/Security|Message Queues|Unit Testing,Backend Developer,E-commerce Site,Advanced,1
STU02392,Webpack/Vite|Performance Optimization|Responsive Design|Testing (Jest/RTL)|Accessibility (a11y)|TypeScript|REST APIs|HTML/CSS,Frontend Developer,,Intermediate,1
STU02163,Webpack/Vite|Performance Optimization|Responsive Design|State Management|Scikit-learn|REST APIs|HTML/CSS|Statistics,Frontend Developer,Chatbot|EDA Project|Database Schema Design,Intermediate,0
STU01274,SQL|Feature Engineering|Pandas|Machine Learning|ML Deployment|Scikit-learn,ML Engineer,Image Classifier,Advanced,1
STU01265,SQL|Feature Engineering|Pandas|Python|Model Optimization|Machine Learning|Scikit-learn|TypeScript|Statistics|MLOps|JavaScript,ML Engineer,Model Deployment API,Advanced,1
STU02233,React|Webpack/Vite|Performance Optimization|Responsive Design|Testing (Jest/RTL)|Accessibility (a11y)|Feature Engineering|State Management|TypeScript|REST APIs|HTML/CSS|CSS Frameworks|Git|Unit Testing|JavaScript,Frontend Developer,React Dashboard,Advanced,1
STU01948,React|State Management|TypeScript|REST APIs|CSS Frameworks|Git,Frontend Developer,Docker Deployment|Model Deployment API|E-commerce Site,Intermediate,1
STU00009,Docker|Feature Engineering|Machine Learning|Scikit-learn|Django/Flask/FastAPI,Data Scientist,Docker Deployment|E-commerce Site,Intermediate,0
STU00449,A/B Testing,Data Scientist,REST API|ML Classifier|Feature Engineering Pipeline,Beginner,1
STU01838,SQL|Pandas|Feature Engineering|Python|ML Deployment|NumPy|Deep Learning,ML Engineer,EDA Project|Data Dashboard|REST API,Advanced,1
STU00708,React|Authentication/Security|Git|Pandas,Backend Developer,React Dashboard|NLP Sentiment Analysis,Beginner,0
STU00255,Machine Learning|State Management|React,Data Scientist,,Beginner,0
STU00882,Django/Flask/FastAPI|CI/CD|Database Design|Authentication/Security|Git|Docker|Unit Testing,Backend Developer,Feature Engineering Pipeline|REST API,Intermediate,1
STU01617,Machine Learning|ML Deployment|Scikit-learn|TypeScript|NumPy,ML Engineer,,Beginner,0
STU00389,SQL|Performance Optimization|A/B Testing|Data Visualization|Feature Engineering|Python|Machine Learning|Scikit-learn|NLP|NumPy|Deep Learning,Data Scientist,Web Scraper,Advanced,1
STU02015,React|Performance Optimization|Accessibility (a11y)|State Management|TypeScript|CSS Frameworks|Git,Frontend Developer,ML Classifier,Advanced,1
STU02395,Performance Optimization|Responsive Design|State Management|HTML/CSS|Git,Frontend Developer,Web Scraper|Docker Deployment|Database Schema Design,Intermediate,0
STU01581,Statistics|Python|Deep Learning,ML Engineer,Portfolio Website,Intermediate,0
STU00908,Authentication/Security|Git|Message Queues,Backend Developer,NLP Sentiment Analysis,Beginner,0
STU00924,Authentication/Security|CSS Frameworks|Python|REST APIs,Backend Developer,NLP Sentiment Analysis|A/B Test Analysis|REST API,Beginner,0
STU00751,CI/CD|Python|Linux/Bash|State Management|REST APIs|Database Design|Authentication/Security|Django/Flask/FastAPI|Deep Learning|Unit Testing,Backend Developer,Neural Network|Web Scraper,Intermediate,1
STU01889,Webpack/Vite|Scikit-learn|Microservices|REST APIs|JavaScript,Frontend Developer,E-commerce Site,Beginner,0
STU00460,SQL|Pandas|Python|Feature Engineering|Machine Learning|Scikit-learn|Microservices|Statistics|NLP,Data Scientist,Database Schema Design,Intermediate,1
STU01747,SQL|React|Deep Learning|Pandas|Python|Model Optimization|Feature Engineering|Machine Learning|Linux/Bash|ML Deployment|Scikit-learn|Statistics|NumPy|MLOps,ML Engineer,Neural Network|Chatbot|Docker Deployment,Advanced,1
STU01947,React|Webpack/Vite|Performance Optimization|Responsive Design|CI/CD|Testing (Jest/RTL)|Accessibility (a11y)|State Management|TypeScript|REST APIs|HTML/CSS|CSS Frameworks|Git|Unit Testing|JavaScript,Frontend Developer,,Advanced,1
STU01224,Message Queues|Unit Testing|CI/CD,Backend Developer,NLP Sentiment Analysis,Intermediate,0
STU01168,Git|Microservices|Deep Learning|Linux/Bash,Backend Developer,React Dashboard|TypeScript App,Beginner,0
STU00958,Docker|Python|REST APIs|Authentication/Security|Message Queues|Unit Testing,Backend Developer,Docker Deployment|EDA Project|NLP Sentiment Analysis,Intermediate,1
STU00501,ML Deployment|Feature Engineering|Pandas|Python,Data Scientist,NLP Sentiment Analysis|Image Classifier|Mobile App Backend,Intermediate,1
STU01727,SQL|Feature Engineering|Pandas|Python|ML Deployment|MLOps|Scikit-learn|Statistics|CSS Frameworks|NumPy|Docker|Deep Learning,ML Engineer,E-commerce Site|Docker Deployment,Advanced,1
STU00739,SQL|Django/Flask/FastAPI|Message Queues|Testing (Jest/RTL)|Python|Linux/Bash|Scikit-learn|Microservices|REST APIs|Database Design|Authentication/Security|Git|Docker|Unit Testing,Backend Developer,Data Dashboard|Model Deployment API,Advanced,1
STU00040,Performance Optimization|Pandas|Machine Learning|ML Deployment|REST APIs|Deep Learning,Data Scientist,Neural Network|E-commerce Site,Intermediate,1
STU00868,Database Design|Git,Backend Developer,E-commerce Site,Beginner,0
STU00731,SQL|Message Queues|CI/CD|Docker|Pandas|Python|Linux/Bash|Model Optimization|REST APIs|Database Design|Authentication/Security|Git|Django/Flask/FastAPI|Unit Testing,Backend Developer,Docker Deployment|REST API,Advanced,1
STU00539,Scikit-learn|NumPy|A/B Testing|Docker,Data Scientist,,Intermediate,0
STU01201,SQL|Accessibility (a11y)|Linux/Bash|TypeScript|REST APIs,Backend Developer,Database Schema Design,Intermediate,0
STU01339,SQL|A/B Testing|Pandas|Python|Model Optimization|Feature Engineering|Machine Learning|Scikit-learn|Statistics|Django/Flask/FastAPI|MLOps,ML Engineer,A/B Test Analysis|React Dashboard|Portfolio Website,Advanced,1
STU00697,SQL|Python|Linux/Bash|Model Optimization|NLP,Backend Developer,NLP Sentiment Analysis,Beginner,0
STU02344,Webpack/Vite|React|SQL|Responsive Design|Accessibility (a11y)|Model Optimization|TypeScript|REST APIs|Git|JavaScript,Frontend Developer,Neural Network|Web Scraper,Intermediate,1
STU02087,Webpack/Vite|React|Performance Optimization|Responsive Design|State Management|ML Deployment|REST APIs|HTML/CSS|Statistics|CSS Frameworks|Git,Frontend Developer,,Advanced,1
STU02076,Webpack/Vite|Performance Optimization|Testing (Jest/RTL)|State Management|CSS Frameworks|Git,Frontend Developer,Neural Network,Advanced,0
STU01371,NumPy|Python|Model Optimization|Machine Learning|ML Deployment|Scikit-learn|Authentication/Security|Deep Learning|MLOps,ML Engineer,,Advanced,1
STU01145,SQL|Django/Flask/FastAPI|A/B Testing|Docker|CI/CD|Python|Linux/Bash|Machine Learning|Microservices|REST APIs|Database Design|Authentication/Security|Git|Message Queues|Unit Testing,Backend Developer,Data Dashboard,Advanced,1
STU01031,SQL|Linux/Bash|REST APIs|Database Design|Git|Message Queues,Backend Developer,Data Dashboard|TypeScript App,Advanced,1
STU00372,SQL|A/B Testing|Feature Engineering|Python|Pandas|Scikit-learn|Statistics,Data Scientist,REST API,Intermediate,1
STU00667,CSS Frameworks|CI/CD|Python|Linux/Bash|Statistics|Database Design|Authentication/Security|Django/Flask/FastAPI|Unit Testing,Backend Developer,REST API|Feature Engineering Pipeline,Intermediate,1
STU01431,Pandas|Python|Model Optimization|Feature Engineering|Machine Learning|Scikit-learn|Database Design|Statistics|NumPy|Docker|MLOps,ML Engineer,Image Classifier|React Dashboard|Model Deployment API,Advanced,1
STU02183,Testing (Jest/RTL)|CSS Frameworks|HTML/CSS|Model Optimization,Frontend Developer,Database Schema Design,Intermediate,0
STU00357,Pandas|Deep Learning|REST APIs,Data Scientist,Model Deployment API|REST API,Beginner,0
STU00967,CI/CD|A/B Testing|Linux/Bash,Backend Developer,Recommendation System|Mobile App Backend,Beginner,1
STU00783,Python|Linux/Bash|Microservices|REST APIs|NLP|Git|Django/Flask/FastAPI|MLOps|Unit Testing,Backend Developer,Web Scraper|Chatbot|Neural Network,Intermediate,1
STU00735,SQL|Docker|Scikit-learn|Microservices|Django/Flask/FastAPI|Unit Testing,Backend Developer,Data Dashboard|Feature Engineering Pipeline|REST API,Intermediate,1
STU01353,Statistics|Authentication/Security|Pandas,ML Engineer,Model Deployment API,Beginner,0
STU01035,HTML/CSS|Authentication/Security|Microservices|Docker,Backend Developer,TypeScript App|Neural Network|Database Schema Design,Beginner,0
STU00970,Webpack/Vite|Message Queues|CI/CD|Linux/Bash|Scikit-learn|REST APIs|Django/Flask/FastAPI,Backend Developer,Chatbot|NLP Sentiment Analysis,Intermediate,0
STU00470,SQL|A/B Testing|Data Visualization|Pandas|Python|Feature Engineering|Machine Learning|ML Deployment|Scikit-learn|Statistics|NLP|NumPy,Data Scientist,React Dashboard|Neural Network|A/B Test Analysis,Advanced,1
STU00655,SQL|NLP|State Management|Docker,Backend Developer,REST API|A/B Test Analysis,Beginner,0
STU02353,Webpack/Vite|Testing (Jest/RTL)|Accessibility (a11y)|State Management|REST APIs|Database Design|Git|JavaScript,Frontend Developer,NLP Sentiment Analysis,Intermediate,1
STU01909,HTML/CSS|Webpack/Vite|Responsive Design,Frontend Developer,Model Deployment API|E-commerce Site,Beginner,1
STU02330,React|Linux/Bash|State Management|Git|JavaScript,Frontend Developer,Feature Engineering Pipeline|NLP Sentiment Analysis|Web Scraper,Intermediate,0
STU01396,Deep Learning|Pandas|Feature Engineering|Model Optimization|Machine Learning|ML Deployment|Scikit-learn|Statistics|NumPy|Docker|MLOps,ML Engineer,,Advanced,1
STU01536,React|Pandas|Python|Machine Learning|Microservices|Deep Learning,ML Engineer,Portfolio Website,Intermediate,0
STU01983,React|SQL|Linux/Bash|CSS Frameworks|JavaScript,Frontend Developer,Chatbot|Image Classifier|Database Schema Design,Beginner,0
STU02181,Webpack/Vite|React|Performance Optimization|NLP|A/B Testing|Responsive Design|Testing (Jest/RTL)|Accessibility (a11y)|State Management|TypeScript|REST APIs|HTML/CSS|CSS Frameworks|Git|JavaScript,Frontend Developer,Web Scraper|EDA Project,Advanced,1
STU01549,Deep Learning|Feature Engineering|Pandas|Python|Model Optimization|Machine Learning|ML Deployment|Scikit-learn|Statistics|NumPy|Docker|MLOps,ML Engineer,TypeScript App|React Dashboard,Advanced,1
STU01328,SQL|Feature Engineering|Python|Model Optimization|Machine Learning|ML Deployment|NLP|NumPy|Deep Learning|Unit Testing,ML Engineer,Docker Deployment|ML Classifier,Advanced,1
STU01256,Testing (Jest/RTL)|Pandas|Python|Statistics|NumPy|Django/Flask/FastAPI|MLOps,ML Engineer,,Intermediate,0
STU02161,Webpack/Vite|Performance Optimization|Testing (Jest/RTL)|TypeScript|REST APIs|CSS Frameworks|JavaScript,Frontend Developer,ML Classifier,Intermediate,1
STU01425,ML Deployment|MLOps|REST APIs|NLP|NumPy|Deep Learning,ML Engineer,Docker Deployment,Intermediate,0
STU01464,Authentication/Security|NumPy|Pandas|Model Optimization,ML Engineer,TypeScript App,Intermediate,0
STU01555,ML Deployment|Python|Model Optimization,ML Engineer,,Intermediate,0
STU02155,Responsive Design|Testing (Jest/RTL)|Pandas|Feature Engineering|TypeScript|HTML/CSS,Frontend Developer,EDA Project|A/B Test Analysis,Beginner,0
STU01250,A/B Testing|Feature Engineering|Python|Model Optimization|ML Deployment|Scikit-learn|Statistics|Deep Learning,ML Engineer,,Intermediate,0
STU01699,SQL|Responsive Design|Pandas|Python|Model Optimization|Machine Learning|ML Deployment|Scikit-learn|MLOps|Statistics|NumPy|Deep Learning,ML Engineer,,Advanced,1
STU01252,Feature Engineering|Python|Model Optimization|Pandas|Scikit-learn|NumPy|Docker|MLOps,ML Engineer,Docker Deployment|React Dashboard,Advanced,1
STU02425,SQL|TypeScript|HTML/CSS|CSS Frameworks|JavaScript,Frontend Developer,Image Classifier|Mobile App Backend,Beginner,0
STU02318,Git,Frontend Developer,EDA Project|Model Deployment API|Mobile App Backend,Beginner,0
STU01236,Message Queues|Docker|CI/CD|CSS Frameworks|Django/Flask/FastAPI,Backend Developer,Database Schema Design|NLP Sentiment Analysis|Recommendation System,Beginner,0
STU00885,Message Queues|Python|Unit Testing,Backend Developer,Portfolio Website|Model Deployment API|TypeScript App,Beginner,0
STU00079,Database Design|Scikit-learn,Data Scientist,NLP Sentiment Analysis,Beginner,0
STU01172,Database Design,Backend Developer,Web Scraper,Beginner,0
STU00814,Model Optimization|REST APIs|Database Design|CSS Frameworks|Git|Unit Testing,Backend Developer,REST API|A/B Test Analysis,Beginner,1
STU01852,SQL|Feature Engineering|Model Optimization|ML Deployment|NumPy|Docker,ML Engineer,REST API|Docker Deployment,Intermediate,0
STU01970,React|Performance Optimization|A/B Testing|State Management|HTML/CSS|Statistics|Git,Frontend Developer,REST API|Feature Engineering Pipeline,Intermediate,1
STU00671,SQL|CI/CD|Python|REST APIs|HTML/CSS|Git|Django/Flask/FastAPI|Unit Testing,Backend Developer,Web Scraper,Advanced,1
STU02186,Performance Optimization|Responsive Design|State Management|Microservices|TypeScript|CSS Frameworks|Git|Deep Learning|JavaScript,Frontend Developer,E-commerce Site|REST API|Web Scraper,Advanced,1
STU02441,Responsive Design|Testing (Jest/RTL)|Accessibility (a11y)|State Management|HTML/CSS|Git|JavaScript,Frontend Developer,Mobile App Backend|Image Classifier,Intermediate,1
STU00057,SQL|A/B Testing|CSS Frameworks|Data Visualization|Pandas|Python|Feature Engineering|Machine Learning|ML Deployment|Scikit-learn|Statistics|NLP|NumPy|Deep Learning,Data Scientist,Feature Engineering Pipeline|Mobile App Backend|Chatbot,Advanced,1
STU00133,SQL|Python|Machine Learning|Scikit-learn|NumPy,Data Scientist,E-commerce Site,Intermediate,1
STU01140,SQL|Message Queues|Docker|CI/CD|Database Design|NLP|Git|Django/Flask/FastAPI|Deep Learning,Backend Developer,,Advanced,1
STU00933,SQL|Performance Optimization|Microservices|REST APIs,Backend Developer,,Beginner,0
STU00928,SQL|Message Queues|CI/CD|Feature Engineering|Python|Linux/Bash|REST APIs|Database Design|Django/Flask/FastAPI|Deep Learning|Unit Testing,Backend Developer,EDA Project|Chatbot,Advanced,1
STU00823,SQL|Django/Flask/FastAPI|Testing (Jest/RTL)|Python|REST APIs|Statistics|Message Queues|Unit Testing,Backend Developer,EDA Project,Intermediate,1
STU01432,Feature Engineering|Python|Model Optimization|Machine Learning|Statistics|NumPy|Django/Flask/FastAPI|MLOps,ML Engineer,E-commerce Site|ML Classifier,Advanced,1
STU01392,SQL|Statistics|NLP|Pandas,ML Engineer,React Dashboard|ML Classifier|Database Schema Design,Intermediate,1
STU01531,Scikit-learn|Pandas|Unit Testing,ML Engineer,Data Dashboard|Recommendation System|Portfolio Website,Beginner,0
STU01214,Python|Linux/Bash|Statistics|Microservices|REST APIs|HTML/CSS|Database Design|Git|Django/Flask/FastAPI,Backend Developer,ML Classifier,Intermediate,1
STU00504,SQL|Data Visualization|Python|Machine Learning|Scikit-learn|Statistics,Data Scientist,E-commerce Site|EDA Project,Intermediate,1
STU02469,Performance Optimization|Testing (Jest/RTL)|TypeScript|HTML/CSS|CSS Frameworks|Git|Docker|JavaScript,Frontend Developer,,Intermediate,1
STU00347,SQL|A/B Testing|Python|Machine Learning|Scikit-learn|Statistics|NumPy,Data Scientist,Image Classifier|Mobile App Backend|Web Scraper,Intermediate,1
STU00386,SQL|Data Visualization|Pandas|Python|ML Deployment|State Management|Statistics|JavaScript,Data Scientist,,Intermediate,0
STU01024,A/B Testing|Django/Flask/FastAPI|Python|CI/CD,Backend Developer,Feature Engineering Pipeline,Intermediate,0
STU01958,CI/CD|REST APIs|CSS Frameworks|NumPy|JavaScript,Frontend Developer,,Intermediate,0
STU01384,SQL|Feature Engineering|Model Optimization|ML Deployment|Scikit-learn|Microservices|HTML/CSS|Statistics|Deep Learning|MLOps,ML Engineer,,Intermediate,1
STU00894,SQL|Message Queues|A/B Testing|Docker|Linux/Bash|Microservices|TypeScript|REST APIs|Database Design|Authentication/Security|Git|Django/Flask/FastAPI|Unit Testing,Backend Developer,,Advanced,1
STU00828,SQL|React|CI/CD|Linux/Bash|Django/Flask/FastAPI,Backend Developer,A/B Test Analysis,Intermediate,0
STU02434,React|Webpack/Vite|Performance Optimization|SQL|Responsive Design|Testing (Jest/RTL)|Accessibility (a11y)|State Management|TypeScript|REST APIs|HTML/CSS|CSS Frameworks|Git|JavaScript,Frontend Developer,Web Scraper,Advanced,1
STU00475,Data Visualization|Database Design|Pandas|Python,Data Scientist,Neural Network|Chatbot,Intermediate,1
STU01683,SQL|Feature Engineering|Python|ML Deployment|Scikit-learn|Statistics|NumPy|Deep Learning,ML Engineer,Chatbot|Model Deployment API,Intermediate,1
STU02140,React|Responsive Design|Testing (Jest/RTL)|State Management|REST APIs|HTML/CSS|CSS Frameworks|JavaScript,Frontend Developer,E-commerce Site|A/B Test Analysis,Intermediate,1
STU02327,Responsive Design|Testing (Jest/RTL)|Accessibility (a11y)|Linux/Bash|REST APIs|HTML/CSS|Git|Django/Flask/FastAPI|JavaScript,Frontend Developer,Web Scraper,Advanced,1
STU02125,React|Webpack/Vite|Responsive Design|Testing (Jest/RTL)|Accessibility (a11y)|State Management|Authentication/Security|NumPy,Frontend Developer,,Advanced,0
STU02089,CI/CD|Responsive Design|HTML/CSS|CSS Frameworks|Git|Deep Learning,Frontend Developer,Web Scraper|Recommendation System,Intermediate,0
STU00652,SQL|Django/Flask/FastAPI|CI/CD|Docker|Python|Linux/Bash|Database Design|Git|Message Queues,Backend Developer,Docker Deployment|Image Classifier,Advanced,1
STU00172,SQL|A/B Testing|Responsive Design|Data Visualization|Pandas|Feature Engineering|Python|Machine Learning|ML Deployment|Scikit-learn|Database Design|Statistics|NLP|NumPy|Deep Learning,Data Scientist,Portfolio Website|Web Scraper|A/B Test Analysis,Advanced,1
STU01474,A/B Testing|CI/CD|Python|Machine Learning|Docker|MLOps,ML Engineer,Web Scraper,Beginner,0
STU01149,SQL|Django/Flask/FastAPI|Linux/Bash|State Management|Microservices|REST APIs|Database Design|Authentication/Security|Git|Docker|Unit Testing,Backend Developer,REST API,Advanced,1
STU00038,SQL|Data Visualization|Pandas|Python|Machine Learning|ML Deployment|Scikit-learn|NLP|NumPy|Deep Learning,Data Scientist,,Advanced,1
STU01554,Feature Engineering|Python|Model Optimization|Pandas|Machine Learning|ML Deployment|Statistics,ML Engineer,Chatbot|Recommendation System,Advanced,1
STU02385,Webpack/Vite|Responsive Design|Testing (Jest/RTL)|TypeScript|REST APIs|HTML/CSS|Git|Message Queues|Deep Learning,Frontend Developer,REST API|Chatbot,Intermediate,0
STU00713,SQL|CI/CD|Docker|REST APIs|Database Design|Authentication/Security|Git|Django/Flask/FastAPI,Backend Developer,Feature Engineering Pipeline,Intermediate,1
STU00090,Scikit-learn,Data Scientist,,Beginner,0
STU00166,SQL|Data Visualization|Feature Engineering|Python|Pandas|Machine Learning|Scikit-learn|NumPy|Unit Testing,Data Scientist,Docker Deployment|REST API|NLP Sentiment Analysis,Advanced,1
STU01205,Message Queues,Backend Developer,Chatbot|E-commerce Site,Beginner,0
STU00875,Django/Flask/FastAPI|A/B Testing|Responsive Design,Backend Developer,Model Deployment API|Feature Engineering Pipeline|EDA Project,Beginner,0
STU00444,CI/CD|Pandas|Python|Scikit-learn|NumPy|Deep Learning,Data Scientist,,Intermediate,0
STU02151,Webpack/Vite|Performance Optimization|Responsive Design|TypeScript|HTML/CSS|CSS Frameworks|Git,Frontend Developer,Data Dashboard,Advanced,1
STU02291,Responsive Design|Testing (Jest/RTL)|ML Deployment|HTML/CSS|Docker,Frontend Developer,REST API|Mobile App Backend|A/B Test Analysis,Intermediate,0
STU02483,Webpack/Vite|Performance Optimization|Responsive Design|Data Visualization|Accessibility (a11y)|NumPy|State Management|TypeScript|REST APIs|HTML/CSS|CSS Frameworks|Git|JavaScript,Frontend Developer,Recommendation System,Advanced,1
STU01093,Message Queues|CI/CD|Data Visualization|Accessibility (a11y)|Linux/Bash|REST APIs|Database Design|Git|Docker|Unit Testing,Backend Developer,Feature Engineering Pipeline|Image Classifier|Database Schema Design,Advanced,1
STU01827,Feature Engineering|Python|Machine Learning|Scikit-learn|Deep Learning|Docker|MLOps,ML Engineer,,Intermediate,1
STU01155,CI/CD,Backend Developer,,Beginner,0
STU01324,Performance Optimization|CI/CD|Scikit-learn|Deep Learning|Docker|MLOps,ML Engineer,A/B Test Analysis,Beginner,0
STU00216,SQL|A/B Testing|Data Visualization|Python|Machine Learning|Scikit-learn|Statistics|NLP,Data Scientist,NLP Sentiment Analysis,Intermediate,1
STU01350,SQL|Python|Model Optimization|Machine Learning|ML Deployment|TypeScript|Statistics|NumPy|Deep Learning,ML Engineer,Image Classifier|Recommendation System|NLP Sentiment Analysis,Advanced,1
STU00510,A/B Testing|Data Visualization|Feature Engineering|Pandas|Statistics|NLP|NumPy|Deep Learning,Data Scientist,Image Classifier|E-commerce Site,Advanced,1
STU01680,CI/CD|Pandas|Machine Learning|Statistics|Deep Learning,ML Engineer,,Beginner,0
STU00499,Pandas|Git|Statistics|NumPy|Deep Learning|JavaScript,Data Scientist,Chatbot|React Dashboard,Beginner,1
STU02457,HTML/CSS|CSS Frameworks|JavaScript,Frontend Developer,,Beginner,0
STU01856,Pandas|Model Optimization|ML Deployment|MLOps|NumPy|Deep Learning,ML Engineer,,Advanced,1
STU01388,Statistics|Authentication/Security|Deep Learning,ML Engineer,,Beginner,0
STU01519,Responsive Design|Python|Machine Learning|ML Deployment|Deep Learning,ML Engineer,Model Deployment API|Mobile App Backend|Image Classifier,Intermediate,1
STU01671,SQL|Pandas|Python|Model Optimization|ML Deployment|Microservices|NLP|NumPy|Docker|MLOps,ML Engineer,,Advanced,1
STU00338,SQL|A/B Testing|Data Visualization|Pandas|Python|Machine Learning|ML Deployment|Scikit-learn|State Management|Statistics|NLP|NumPy|Deep Learning,Data Scientist,NLP Sentiment Analysis|EDA Project|REST API,Advanced,1
STU02331,Git,Frontend Developer,,Beginner,0
STU01188,Docker|CI/CD|Python|Linux/Bash|Microservices|CSS Frameworks|Message Queues|JavaScript,Backend Developer,ML Classifier|Recommendation System|Web Scraper,Intermediate,1
STU00028,ML Deployment|NumPy|Pandas|A/B Testing,Data Scientist,,Beginner,0
STU01540,SQL|Performance Optimization|Responsive Design,ML Engineer,Feature Engineering Pipeline,Beginner,0
STU01217,A/B Testing|Git|Python|CI/CD,Backend Developer,ML Classifier|Database Schema Design,Intermediate,0
STU02030,Webpack/Vite|React|Responsive Design|Testing (Jest/RTL)|State Management|REST APIs|HTML/CSS|CSS Frameworks,Frontend Developer,React Dashboard,Intermediate,1
STU00794,SQL|Pandas|Python|Microservices|REST APIs|Database Design|Django/Flask/FastAPI,Backend Developer,Mobile App Backend|Image Classifier|A/B Test Analysis,Advanced,1
STU00945,SQL|React|Django/Flask/FastAPI|Python|Model Optimization|Message Queues,Backend Developer,Database Schema Design,Beginner,0
STU01416,SQL|Accessibility (a11y)|Docker|Deep Learning|JavaScript,ML Engineer,Recommendation System|Neural Network,Intermediate,1
STU00169,React|A/B Testing|CI/CD|Data Visualization|Pandas|Python|Machine Learning|Statistics,Data Scientist,Neural Network,Advanced,1
STU02094,React|Performance Optimization|Accessibility (a11y)|Model Optimization|State Management|Microservices|TypeScript|REST APIs|Git|JavaScript,Frontend Developer,Web Scraper|Feature Engineering Pipeline|TypeScript App,Intermediate,1
STU01676,Pandas|Machine Learning|Statistics|NumPy|Docker|MLOps,ML Engineer,Docker Deployment,Advanced,1
STU01197,CI/CD|Model Optimization|REST APIs|Database Design|Authentication/Security,Backend Developer,Data Dashboard|NLP Sentiment Analysis|Neural Network,Beginner,0
STU01542,Data Visualization|Model Optimization|Machine Learning|ML Deployment|Statistics|Deep Learning|Docker|MLOps,ML Engineer,,Advanced,1
STU01253,SQL|React|Model Optimization|ML Deployment|Docker,ML Engineer,Docker Deployment|Chatbot,Beginner,1
STU01276,HTML/CSS|Statistics|Scikit-learn|Microservices,ML Engineer,Model Deployment API|NLP Sentiment Analysis,Beginner,1
STU00912,CI/CD|Accessibility (a11y)|Linux/Bash|Machine Learning|Microservices|REST APIs|Database Design|Authentication/Security|Git|Message Queues|Unit Testing,Backend Developer,Feature Engineering Pipeline|Docker Deployment,Advanced,1
STU00491,SQL|A/B Testing|Pandas|Python|Feature Engineering|Machine Learning|Scikit-learn|Deep Learning,Data Scientist,EDA Project,Advanced,1
STU00953,Docker|Feature Engineering|Python|REST APIs|Database Design|Message Queues,Backend Developer,Recommendation System,Intermediate,1
STU01097,CSS Frameworks|Python,Backend Developer,,Beginner,0
STU01032,Pandas|Linux/Bash|State Management|Docker|Unit Testing,Backend Developer,E-commerce Site,Intermediate,0
STU00587,Data Visualization|Feature Engineering|Python|Machine Learning|ML Deployment|Scikit-learn|Statistics|NumPy|Deep Learning,Data Scientist,,Advanced,1
STU00750,Performance Optimization|REST APIs|Database Design|Docker|Unit Testing,Backend Developer,A/B Test Analysis|EDA Project,Beginner,0
STU00657,SQL|React|Scikit-learn|Message Queues,Backend Developer,,Beginner,0
STU01866,SQL|Deep Learning|Feature Engineering|Python|Machine Learning|Scikit-learn|NumPy|Docker|MLOps,ML Engineer,,Advanced,1
STU00234,Accessibility (a11y)|Pandas|Linux/Bash|Machine Learning|Scikit-learn|Statistics|NLP,Data Scientist,TypeScript App|NLP Sentiment Analysis,Intermediate,0
STU00732,SQL|REST APIs,Backend Developer,Feature Engineering Pipeline|Portfolio Website,Beginner,0
STU02492,State Management|Scikit-learn|Accessibility (a11y),Frontend Developer,Feature Engineering Pipeline|Model Deployment API,Beginner,0
STU01186,Database Design|Message Queues|Python|Unit Testing,Backend Developer,Portfolio Website,Beginner,0
STU01156,SQL|Message Queues|CI/CD|Docker|Linux/Bash|Microservices|REST APIs|Database Design|Authentication/Security|Git|Django/Flask/FastAPI|Unit Testing,Backend Developer,,Advanced,1
STU02453,Webpack/Vite|Data Visualization|TypeScript|REST APIs|HTML/CSS|Git,Frontend Developer,,Intermediate,0
STU01246,SQL|Docker|REST APIs|Django/Flask/FastAPI|Deep Learning,Backend Developer,EDA Project|Database Schema Design,Intermediate,1
STU02448,A/B Testing|Responsive Design|Testing (Jest/RTL)|TypeScript|REST APIs|HTML/CSS|Statistics|CSS Frameworks|JavaScript,Frontend Developer,,Intermediate,0
STU00934,Database Design|Authentication/Security|Unit Testing,Backend Developer,Chatbot|React Dashboard,Intermediate,0
STU01209,CI/CD|Pandas|Python|Linux/Bash|Microservices|REST APIs|Database Design|Authentication/Security|Git|Django/Flask/FastAPI|Unit Testing,Backend Developer,,Advanced,1
STU01065,SQL|CI/CD|Testing (Jest/RTL)|Linux/Bash|Microservices|Authentication/Security|Message Queues,Backend Developer,Database Schema Design,Advanced,1
STU01716,SQL|Machine Learning|ML Deployment|Database Design|Deep Learning,ML Engineer,A/B Test Analysis|Neural Network,Beginner,1
STU00108,SQL|A/B Testing|Responsive Design|Data Visualization|Pandas|Feature Engineering|Python|ML Deployment|Scikit-learn|NumPy|Deep Learning,Data Scientist,REST API,Advanced,1
STU01062,SQL|Docker|CI/CD|Microservices|REST APIs|Database Design|CSS Frameworks|Django/Flask/FastAPI,Backend Developer,Database Schema Design|REST API|ML Classifier,Intermediate,1
STU00568,Python|Scikit-learn|Feature Engineering|Deep Learning,Data Scientist,,Intermediate,0
STU01167,CI/CD|Python|Linux/Bash|Database Design|Authentication/Security|Django/Flask/FastAPI,Backend Developer,,Intermediate,0
STU01174,SQL|Docker|Python|Linux/Bash|Microservices|REST APIs|Authentication/Security|Git|Message Queues,Backend Developer,,Advanced,1
STU01588,Machine Learning|SQL|Feature Engineering|Pandas,ML Engineer,Database Schema Design|Neural Network|React Dashboard,Intermediate,0
STU01507,Webpack/Vite|Feature Engineering|Model Optimization,ML Engineer,Data Dashboard|Database Schema Design,Beginner,0
STU01492,React|Accessibility (a11y)|Pandas|Model Optimization|ML Deployment|Scikit-learn|Deep Learning,ML Engineer,,Intermediate,0
STU00890,Authentication/Security,Backend Developer,,Beginner,0
STU00947,State Management|CSS Frameworks|REST APIs,Backend Developer,,Beginner,0
STU01048,Testing (Jest/RTL)|CSS Frameworks|REST APIs,Backend Developer,ML Classifier,Beginner,0
STU02057,Webpack/Vite|TypeScript|HTML/CSS,Frontend Developer,,Intermediate,0
STU00884,Django/Flask/FastAPI|Python|Linux/Bash|Authentication/Security|Git|Message Queues,Backend Developer,,Intermediate,0
STU00143,Webpack/Vite|Pandas|Python|Feature Engineering|Machine Learning|NLP|NumPy|Docker,Data Scientist,React Dashboard|Mobile App Backend,Intermediate,0
STU02452,CI/CD|Data Visualization|TypeScript|CSS Frameworks|JavaScript,Frontend Developer,Mobile App Backend,Beginner,0
STU00850,SQL|Linux/Bash|Microservices|Unit Testing,Backend Developer,Web Scraper|Database Schema Design|TypeScript App,Intermediate,1
STU00717,SQL|Webpack/Vite|Linux/Bash|Scikit-learn|Database Design|Authentication/Security|Git|Docker|Unit Testing,Backend Developer,EDA Project|Recommendation System|Docker Deployment,Intermediate,1
STU02371,Webpack/Vite|Performance Optimization|A/B Testing|Responsive Design|Testing (Jest/RTL)|Accessibility (a11y)|State Management|ML Deployment|HTML/CSS|CSS Frameworks|Git|JavaScript,Frontend Developer,Portfolio Website|Model Deployment API,Advanced,1
STU00264,Data Visualization|Pandas|Python|Machine Learning|Scikit-learn|NLP|NumPy|Deep Learning,Data Scientist,,Intermediate,1
STU00075,A/B Testing|Pandas|Python|State Management|Scikit-learn|MLOps|Statistics|NumPy|Deep Learning,Data Scientist,EDA Project,Intermediate,1
STU00395,SQL|Pandas|Python|Statistics|NumPy,Data Scientist,A/B Test Analysis|TypeScript App,Intermediate,1
STU02117,Webpack/Vite|React|Responsive Design|Testing (Jest/RTL)|Accessibility (a11y)|Scikit-learn|REST APIs|CSS Frameworks|Git|JavaScript,Frontend Developer,Data Dashboard|Database Schema Design|Web Scraper,Advanced,1
STU02335,React|Webpack/Vite|Performance Optimization|State Management|REST APIs|HTML/CSS|CSS Frameworks|JavaScript,Frontend Developer,Database Schema Design|Web Scraper,Intermediate,1
STU00396,Data Visualization|Pandas|Feature Engineering|ML Deployment|Scikit-learn|NumPy|Deep Learning,Data Scientist,,Intermediate,1
STU01365,ML Deployment|Pandas|Docker,ML Engineer,NLP Sentiment Analysis|Image Classifier|Neural Network,Beginner,1
STU02077,Accessibility (a11y)|Git|Docker|REST APIs,Frontend Developer,Feature Engineering Pipeline|REST API,Intermediate,0
STU01903,React|Testing (Jest/RTL)|HTML/CSS|Git|Docker|Unit Testing|JavaScript,Frontend Developer,Chatbot|A/B Test Analysis|Docker Deployment,Intermediate,0
STU00595,SQL|A/B Testing|Data Visualization|Pandas|Python|Feature Engineering|Machine Learning|ML Deployment|Scikit-learn|REST APIs|Statistics|NLP|NumPy|Deep Learning|Authentication/Security,Data Scientist,,Advanced,1
STU01296,Pandas|Model Optimization|Machine Learning|Scikit-learn|TypeScript|Database Design|Deep Learning|Docker|MLOps,ML Engineer,EDA Project|Neural Network|React Dashboard,Intermediate,1
STU01821,Python|Model Optimization|Linux/Bash|Machine Learning|ML Deployment|NumPy,ML Engineer,TypeScript App|Docker Deployment,Intermediate,1
STU00872,SQL|CI/CD|Linux/Bash|Database Design|Authentication/Security|Git|Message Queues|Unit Testing,Backend Developer,EDA Project|Chatbot,Advanced,1
STU01548,Django/Flask/FastAPI|Scikit-learn|Pandas|JavaScript,ML Engineer,E-commerce Site,Beginner,0
STU00036,Data Visualization|ML Deployment|Scikit-learn|Statistics|NumPy,Data Scientist,,Intermediate,0
STU02273,React|Webpack/Vite|Performance Optimization|Responsive Design|Testing (Jest/RTL)|Accessibility (a11y)|State Management|TypeScript|REST APIs|CSS Frameworks|Git|MLOps|JavaScript,Frontend Developer,NLP Sentiment Analysis|ML Classifier|TypeScript App,Advanced,1
STU02123,Webpack/Vite|React|Performance Optimization|A/B Testing|CI/CD|Testing (Jest/RTL)|State Management|CSS Frameworks,Frontend Developer,,Intermediate,1
STU00977,SQL|Message Queues|Docker|Machine Learning,Backend Developer,,Intermediate,0
STU01571,Django/Flask/FastAPI|ML Deployment|Feature Engineering|MLOps,ML Engineer,,Intermediate,0
STU01122,SQL|CI/CD|NumPy|Python|Linux/Bash|Microservices|REST APIs|Authentication/Security|Git|Django/Flask/FastAPI|Unit Testing,Backend Developer,A/B Test Analysis|Portfolio Website,Advanced,1
STU01892,Webpack/Vite|React|Performance Optimization|Responsive Design|Testing (Jest/RTL)|TypeScript|REST APIs|HTML/CSS|CSS Frameworks|Git|JavaScript,Frontend Developer,Model Deployment API|Chatbot,Advanced,1
STU00675,Django/Flask/FastAPI|Git|Docker,Backend Developer,React Dashboard,Intermediate,0
STU00728,SQL|Docker|CI/CD|Linux/Bash|REST APIs|Database Design|Authentication/Security|Git|Django/Flask/FastAPI|Unit Testing,Backend Developer,,Advanced,1
STU00412,Feature Engineering|Python|Pandas|Microservices|NumPy|Deep Learning,Data Scientist,ML Classifier,Intermediate,1
STU01516,SQL|Python|Model Optimization|Git|Scikit-learn|NumPy|Docker|MLOps,ML Engineer,Portfolio Website|EDA Project,Intermediate,1
STU01649,Statistics|MLOps|Python|Unit Testing,ML Engineer,Feature Engineering Pipeline|E-commerce Site,Beginner,0
STU00825,SQL|Feature Engineering|Python|REST APIs|Database Design|Git,Backend Developer,ML Classifier|Web Scraper|E-commerce Site,Intermediate,1
STU00616,Feature Engineering|Responsive Design|Pandas,Data Scientist,ML Classifier,Beginner,1
STU00114,SQL|A/B Testing|Data Visualization|Feature Engineering|Python|Pandas|Machine Learning|ML Deployment|Scikit-learn|Statistics|NLP|NumPy|Deep Learning,Data Scientist,,Advanced,1
STU00417,SQL|A/B Testing|CSS Frameworks|Data Visualization|Feature Engineering|NLP,Data Scientist,Portfolio Website|React Dashboard,Intermediate,0
STU01625,Webpack/Vite|Accessibility (a11y)|Python|ML Deployment|Scikit-learn|Statistics|Docker|Deep Learning,ML Engineer,Chatbot|A/B Test Analysis|EDA Project,Intermediate,1
STU02450,React|REST APIs|HTML/CSS|Database Design|CSS Frameworks,Frontend Developer,Data Dashboard,Beginner,0
STU00089,SQL|A/B Testing|Data Visualization|Pandas|Python|Machine Learning|ML Deployment|Statistics|NLP|NumPy,Data Scientist,TypeScript App|Database Schema Design|Chatbot,Advanced,1
STU02082,React|Responsive Design|Python|State Management|HTML/CSS|Git|MLOps,Frontend Developer,,Intermediate,0
STU00753,SQL|Message Queues|CI/CD|Pandas|Python|Linux/Bash|Microservices|REST APIs|Database Design|Authentication/Security|Git|Django/Flask/FastAPI|Unit Testing,Backend Developer,Image Classifier|Database Schema Design,Advanced,1
STU01630,Performance Optimization|Feature Engineering|Pandas|Machine Learning|Scikit-learn|Statistics|NumPy|MLOps,ML Engineer,Mobile App Backend|Data Dashboard|NLP Sentiment Analysis,Intermediate,1
STU00011,NLP|State Management,Data Scientist,E-commerce Site|React Dashboard,Beginner,0
STU00284,A/B Testing|Pandas|ML Deployment|Scikit-learn|NumPy|Docker,Data Scientist,,Intermediate,0
STU01066,SQL|Message Queues|Linux/Bash|REST APIs|Database Design|Django/Flask/FastAPI|MLOps,Backend Developer,EDA Project|Model Deployment API|Feature Engineering Pipeline,Intermediate,1
STU01191,Database Design|Authentication/Security,Backend Developer,Image Classifier|EDA Project,Beginner,0
STU01440,Feature Engineering|Pandas|Model Optimization|Machine Learning|Statistics|NumPy|Docker,ML Engineer,,Intermediate,1
STU02337,Webpack/Vite|Performance Optimization|Testing (Jest/RTL)|Machine Learning|State Management|TypeScript|REST APIs|CSS Frameworks|Git|JavaScript,Frontend Developer,,Advanced,1
STU02409,Data Visualization|State Management|Scikit-learn|TypeScript,Frontend Developer,,Beginner,0
STU02257,Webpack/Vite|Performance Optimization|Responsive Design,Frontend Developer,,Beginner,0
STU01568,React|Model Optimization|ML Deployment|CSS Frameworks|Deep Learning|Docker|MLOps,ML Engineer,Chatbot|A/B Test Analysis,Intermediate,1
STU02143,React|Responsive Design|Testing (Jest/RTL)|Model Optimization|State Management|REST APIs|Git|JavaScript,Frontend Developer,Chatbot|NLP Sentiment Analysis,Intermediate,1
STU01687,Responsive Design|CI/CD|Pandas|ML Deployment|Scikit-learn|MLOps,ML Engineer,,Beginner,0
STU00851,SQL|Microservices|Message Queues|Python,Backend Developer,,Beginner,0
STU00895,SQL|Data Visualization|Python|Docker|Deep Learning|Unit Testing,Backend Developer,,Beginner,0
STU00496,NLP|Pandas,Data Scientist,,Beginner,0
STU01782,SQL|Responsive Design|Pandas|Python|Model Optimization|Feature Engineering|Machine Learning|ML Deployment|Statistics|NumPy|Deep Learning,ML Engineer,NLP Sentiment Analysis,Advanced,1
STU00335,Database Design|Pandas,Data Scientist,,Beginner,0
STU00515,SQL|A/B Testing|Pandas|Python|Feature Engineering|ML Deployment|Scikit-learn|State Management|REST APIs|Statistics|NumPy|Deep Learning,Data Scientist,,Advanced,1
STU01348,SQL|React|Deep Learning|ML Deployment|Git|MLOps,ML Engineer,,Beginner,0
STU01015,Database Design|Statistics,Backend Developer,EDA Project,Beginner,0
STU02431,Data Visualization|Accessibility (a11y)|Message Queues|JavaScript,Frontend Developer,,Beginner,0
STU01781,SQL|Feature Engineering|Machine Learning|Statistics|Deep Learning,ML Engineer,Docker Deployment,Intermediate,1
STU01785,Database Design|Message Queues|Model Optimization,ML Engineer,TypeScript App|Recommendation System,Beginner,0
STU02070,React|Accessibility (a11y)|NumPy|TypeScript|Git|Deep Learning,Frontend Developer,,Intermediate,0
STU00356,Feature Engineering,Data Scientist,REST API|Docker Deployment,Beginner,0
STU02378,HTML/CSS|State Management|NLP|Responsive Design,Frontend Developer,E-commerce Site,Intermediate,1
STU01312,ML Deployment|Scikit-learn|Docker,ML Engineer,,Intermediate,0
STU01635,SQL|Webpack/Vite|Testing (Jest/RTL)|Pandas|Python|NumPy|Docker,ML Engineer,A/B Test Analysis,Intermediate,0
STU00550,SQL|A/B Testing|CI/CD|Data Visualization|Feature Engineering|Python|Machine Learning|ML Deployment|TypeScript|NumPy|Deep Learning,Data Scientist,Portfolio Website|E-commerce Site,Advanced,1
STU01227,Django/Flask/FastAPI|Docker|CI/CD|REST APIs|Authentication/Security|Message Queues|Unit Testing,Backend Developer,Recommendation System|NLP Sentiment Analysis|A/B Test Analysis,Advanced,1
STU02230,React|Responsive Design|Scikit-learn|TypeScript|Database Design,Frontend Developer,,Intermediate,0
STU00957,Microservices|Authentication/Security|Django/Flask/FastAPI|Unit Testing,Backend Developer,A/B Test Analysis|Docker Deployment|Feature Engineering Pipeline,Intermediate,1
STU01773,SQL|Model Optimization,ML Engineer,REST API,Beginner,0
STU01008,Docker|CI/CD|Python|REST APIs|Database Design|Git|Django/Flask/FastAPI|Unit Testing,Backend Developer,,Intermediate,1
STU01092,SQL|Django/Flask/FastAPI|NLP|Docker|CI/CD|Python|Linux/Bash|Microservices|REST APIs|Database Design|Authentication/Security|Git|Message Queues|Unit Testing,Backend Developer,Recommendation System|React Dashboard,Advanced,1
STU02224,React|Performance Optimization|Responsive Design|Testing (Jest/RTL)|State Management|REST APIs|HTML/CSS,Frontend Developer,React Dashboard,Intermediate,1
STU00996,Django/Flask/FastAPI|Docker|CI/CD|Python|ML Deployment|REST APIs|Database Design|Authentication/Security|Message Queues,Backend Developer,Neural Network|E-commerce Site,Intermediate,1
STU01679,CI/CD|Pandas|Machine Learning|ML Deployment|Scikit-learn|Deep Learning,ML Engineer,EDA Project|E-commerce Site|Docker Deployment,Intermediate,1
STU00153,SQL|Data Visualization|Machine Learning|ML Deployment|Scikit-learn|Statistics|NLP|NumPy|Authentication/Security,Data Scientist,EDA Project|Image Classifier,Intermediate,1
STU00580,SQL|A/B Testing|Data Visualization|Feature Engineering|Python|Pandas|Machine Learning|Statistics|NLP|Docker|Deep Learning|Unit Testing,Data Scientist,Model Deployment API|Web Scraper|TypeScript App,Advanced,1
STU01470,ML Deployment|Feature Engineering|CSS Frameworks|Authentication/Security,ML Engineer,Database Schema Design|Web Scraper,Beginner,0
STU00703,SQL|Pandas|REST APIs|Database Design|Django/Flask/FastAPI|Deep Learning,Backend Developer,E-commerce Site,Intermediate,0
STU01212,SQL|Message Queues|CI/CD|Python|Linux/Bash|Microservices|REST APIs|Database Design|Authentication/Security|Docker|Unit Testing,Backend Developer,,Advanced,1
STU00896,Message Queues|CI/CD|Testing (Jest/RTL)|Linux/Bash|Microservices|REST APIs|Database Design|Django/Flask/FastAPI,Backend Developer,Feature Engineering Pipeline,Intermediate,1
STU00487,SQL|A/B Testing|CI/CD|Data Visualization|Pandas|Python|Model Optimization|Machine Learning|ML Deployment|Scikit-learn|Statistics|NLP|NumPy|Deep Learning,Data Scientist,REST API,Advanced,1
STU00559,SQL|Pandas|Python|Machine Learning|ML Deployment|Statistics|NumPy,Data Scientist,,Advanced,1
STU01141,Django/Flask/FastAPI|CI/CD|Python|Linux/Bash|Microservices|REST APIs|Database Design|Authentication/Security|Docker|Unit Testing,Backend Developer,Model Deployment API|React Dashboard|REST API,Advanced,1
STU01119,Django/Flask/FastAPI|CI/CD|Docker|Linux/Bash|Microservices|Database Design|Message Queues|Unit Testing,Backend Developer,Model Deployment API|Database Schema Design|Chatbot,Intermediate,1
STU00512,SQL|Data Visualization|Feature Engineering|Python|ML Deployment|Scikit-learn|State Management|Statistics|NLP,Data Scientist,Model Deployment API,Advanced,1
STU00633,SQL|Message Queues|CI/CD|Docker|Accessibility (a11y)|Python|Microservices|REST APIs|Database Design|Authentication/Security|Git|Django/Flask/FastAPI|Unit Testing,Backend Developer,Data Dashboard|Model Deployment API,Advanced,1
STU02150,Database Design|Statistics|REST APIs,Frontend Developer,Chatbot|Docker Deployment,Beginner,0
STU01664,SQL|Deep Learning|Performance Optimization|Feature Engineering|Python|Model Optimization|Pandas|Machine Learning|ML Deployment|Scikit-learn|Statistics|NumPy|Docker|MLOps,ML Engineer,E-commerce Site|A/B Test Analysis,Advanced,1
STU01012,SQL|Webpack/Vite|CI/CD|Pandas|Microservices|REST APIs|Message Queues|Unit Testing,Backend Developer,ML Classifier|E-commerce Site|Neural Network,Advanced,1
STU01931,React|Testing (Jest/RTL)|Scikit-learn|Authentication/Security|JavaScript,Frontend Developer,Web Scraper,Intermediate,0
STU01150,SQL|Message Queues|CI/CD|Docker|Python|Linux/Bash|Microservices|REST APIs|Database Design|Authentication/Security|Git|Django/Flask/FastAPI|Unit Testing,Backend Developer,Model Deployment API|Feature Engineering Pipeline,Advanced,1
STU02340,Responsive Design|Testing (Jest/RTL)|Accessibility (a11y)|Linux/Bash|TypeScript|REST APIs,Frontend Developer,,Intermediate,0
STU00116,SQL|Webpack/Vite|Data Visualization|Pandas|Python|Scikit-learn|Statistics|NLP|NumPy|MLOps,Data Scientist,Recommendation System|Model Deployment API,Intermediate,1
STU00740,SQL|CI/CD|Python|Model Optimization|REST APIs|Git|Message Queues,Backend Developer,Model Deployment API|React Dashboard|Image Classifier,Intermediate,1
STU02304,React|Webpack/Vite|Testing (Jest/RTL)|Accessibility (a11y)|State Management|TypeScript|HTML/CSS|JavaScript,Frontend Developer,A/B Test Analysis,Intermediate,1
STU01974,Webpack/Vite|CSS Frameworks|REST APIs,Frontend Developer,,Intermediate,0
STU01081,Authentication/Security|Django/Flask/FastAPI|REST APIs,Backend Developer,EDA Project|Chatbot|TypeScript App,Beginner,0
STU01810,Pandas|Feature Engineering|Machine Learning|ML Deployment|Statistics|CSS Frameworks|Deep Learning|Docker|MLOps,ML Engineer,Model Deployment API|Mobile App Backend|Database Schema Design,Intermediate,1
STU00830,Message Queues,Backend Developer,,Beginner,0
STU00119,A/B Testing|Responsive Design|Python|ML Deployment|Statistics|MLOps,Data Scientist,Image Classifier,Beginner,1
STU00656,Database Design|Authentication/Security|Python|REST APIs,Backend Developer,Mobile App Backend,Beginner,0
STU02377,SQL|CSS Frameworks|Responsive Design|JavaScript,Frontend Developer,Database Schema Design,Beginner,0
STU02239,HTML/CSS|Accessibility (a11y)|Responsive Design,Frontend Developer,,Beginner,0
STU02444,CSS Frameworks|TypeScript|Responsive Design|JavaScript,Frontend Developer,Chatbot,Beginner,0
STU00635,SQL|Feature Engineering|Python|Linux/Bash|Message Queues,Backend Developer,Data Dashboard,Beginner,0
STU00369,Data Visualization|Authentication/Security|Linux/Bash,Data Scientist,,Beginner,0
STU00268,Python,Data Scientist,Docker Deployment,Beginner,0
STU00046,SQL|A/B Testing|Data Visualization|Pandas|Python|Feature Engineering|Machine Learning|ML Deployment|Scikit-learn|Microservices|Statistics|NLP|Deep Learning,Data Scientist,REST API|E-commerce Site|Neural Network,Advanced,1
STU00991,SQL|Git|REST APIs,Backend Developer,Data Dashboard|Database Schema Design,Beginner,0
STU00876,Message Queues|CI/CD|Python|TypeScript|REST APIs|Database Design|Authentication/Security|Git|Django/Flask/FastAPI,Backend Developer,,Intermediate,1
STU00773,SQL|Authentication/Security|Linux/Bash,Backend Developer,TypeScript App|Neural Network,Beginner,0
STU01219,SQL|Django/Flask/FastAPI|CI/CD|Docker|Python|Linux/Bash|Microservices|REST APIs|Database Design|Authentication/Security|Git|Message Queues|Unit Testing,Backend Developer,NLP Sentiment Analysis|E-commerce Site,Advanced,1
STU01126,SQL|Linux/Bash|Django/Flask/FastAPI|Docker,Backend Developer,E-commerce Site,Intermediate,0
STU00004,SQL|Feature Engineering|Pandas|Python|ML Deployment|Scikit-learn|MLOps|Database Design|NumPy|Deep Learning,Data Scientist,Data Dashboard,Intermediate,1
STU01595,SQL|Pandas|Python|Model Optimization|Feature Engineering|Machine Learning|ML Deployment|State Management|Statistics|NumPy|Docker|MLOps|Unit Testing,ML Engineer,NLP Sentiment Analysis|Neural Network,Advanced,1
STU01077,Performance Optimization|Python|ML Deployment|Microservices|Database Design|Authentication/Security|Git|Docker,Backend Developer,Neural Network,Intermediate,0
STU00837,SQL|Webpack/Vite|Python|Linux/Bash|REST APIs|HTML/CSS|Authentication/Security|Git|Docker,Backend Developer,,Intermediate,1
STU00681,NumPy|Message Queues|CI/CD,Backend Developer,REST API|A/B Test Analysis|Model Deployment API,Beginner,1
STU01715,Statistics|NumPy|Docker|Pandas,ML Engineer,Model Deployment API|Mobile App Backend|E-commerce Site,Beginner,1
STU01148,Linux/Bash|Django/Flask/FastAPI|TypeScript|CI/CD,Backend Developer,Web Scraper,Intermediate,0
STU00574,A/B Testing|CI/CD|Data Visualization|Feature Engineering|Machine Learning|NLP,Data Scientist,Image Classifier,Intermediate,1
STU00050,ML Deployment|Git|MLOps,Data Scientist,TypeScript App,Beginner,0
STU00853,SQL|CI/CD|Python|Linux/Bash|REST APIs|Git|Django/Flask/FastAPI|Unit Testing,Backend Developer,,Intermediate,1
STU01982,Webpack/Vite|React|Performance Optimization|Responsive Design|Testing (Jest/RTL)|Accessibility (a11y)|Pandas|State Management|TypeScript|REST APIs|HTML/CSS|CSS Frameworks|Git|Deep Learning|JavaScript,Frontend Developer,Database Schema Design,Advanced,1
STU01823,Statistics|NLP|Docker,ML Engineer,Feature Engineering Pipeline|React Dashboard,Beginner,0
STU00833,Authentication/Security|Docker|CI/CD,Backend Developer,,Beginner,0
STU01115,Python|Model Optimization|Database Design|Git|Message Queues,Backend Developer,ML Classifier,Beginner,0
STU01166,SQL|CI/CD|Docker|REST APIs|Authentication/Security|Git|Message Queues,Backend Developer,Chatbot|Database Schema Design,Intermediate,1
STU01906,HTML/CSS|Performance Optimization|JavaScript,Frontend Developer,,Intermediate,0
STU00971,Message Queues|Python|Linux/Bash,Backend Developer,,Intermediate,0
STU00399,Webpack/Vite|Data Visualization|Python|REST APIs|NLP|NumPy,Data Scientist,REST API,Intermediate,0
STU00019,Webpack/Vite|Feature Engineering|Statistics|NumPy|JavaScript,Data Scientist,React Dashboard|A/B Test Analysis,Intermediate,1
STU00684,SQL|Message Queues|CI/CD|Linux/Bash|REST APIs|Database Design|CSS Frameworks|Git|Docker|JavaScript,Backend Developer,React Dashboard,Intermediate,1
STU00035,Data Visualization|Pandas|Machine Learning,Data Scientist,React Dashboard|Image Classifier,Beginner,1
STU02362,Testing (Jest/RTL)|Statistics,Frontend Developer,Chatbot|Web Scraper,Beginner,0
STU00524,SQL|Pandas|Python|Machine Learning|Statistics|Docker|Deep Learning,Data Scientist,,Advanced,1
STU00920,SQL|Django/Flask/FastAPI|Message Queues,Backend Developer,E-commerce Site|Web Scraper,Beginner,0
STU01841,SQL|Data Visualization|Docker|CI/CD,ML Engineer,Model Deployment API|Data Dashboard,Beginner,0
STU01890,Performance Optimization|Responsive Design|Docker|Accessibility (a11y)|State Management|TypeScript|HTML/CSS|CSS Frameworks|Django/Flask/FastAPI|JavaScript,Frontend Developer,React Dashboard|E-commerce Site,Intermediate,1
STU00537,React|A/B Testing|Data Visualization|Pandas|Linux/Bash|Machine Learning|Scikit-learn|Statistics|Deep Learning,Data Scientist,ML Classifier,Advanced,1
STU01705,SQL|Data Visualization|Python|Scikit-learn|TypeScript|Statistics|Docker,ML Engineer,,Intermediate,0
STU02443,Testing (Jest/RTL)|TypeScript|Responsive Design,Frontend Developer,E-commerce Site|Docker Deployment|Web Scraper,Intermediate,1
STU00245,SQL|Python|ML Deployment|Statistics|NumPy,Data Scientist,Mobile App Backend|REST API|Data Dashboard,Intermediate,1
STU00784,TypeScript|Docker|Python|REST APIs,Backend Developer,Image Classifier|Recommendation System,Intermediate,0
STU01409,SQL|Model Optimization|Machine Learning|NumPy|JavaScript,ML Engineer,ML Classifier,Beginner,0
STU00154,Webpack/Vite|Machine Learning|Statistics|NLP|NumPy,Data Scientist,Portfolio Website|React Dashboard,Intermediate,0
STU01686,Machine Learning|Authentication/Security|Feature Engineering,ML Engineer,TypeScript App|Data Dashboard,Beginner,0
STU00625,Docker|Python|Linux/Bash,Backend Developer,Chatbot|Web Scraper,Intermediate,0
STU02396,Webpack/Vite|Responsive Design|Testing (Jest/RTL)|State Management|HTML/CSS|CSS Frameworks|Git,Frontend Developer,Recommendation System|Docker Deployment|TypeScript App,Advanced,1
STU01346,SQL|Webpack/Vite|Data Visualization|Feature Engineering|Model Optimization,ML Engineer,Docker Deployment|ML Classifier|Neural Network,Intermediate,1
STU00569,Data Visualization|Feature Engineering|Git|Machine Learning|ML Deployment|Microservices|Statistics|NLP|NumPy|Deep Learning,Data Scientist,Feature Engineering Pipeline|Database Schema Design|Mobile App Backend,Advanced,1
STU01758,Machine Learning|Pandas,ML Engineer,Web Scraper|ML Classifier,Beginner,0
STU01816,SQL|A/B Testing|Feature Engineering|ML Deployment|Statistics,ML Engineer,TypeScript App,Intermediate,0
STU02065,Performance Optimization|Testing (Jest/RTL)|State Management|ML Deployment|REST APIs|Database Design|CSS Frameworks|Git,Frontend Developer,Chatbot|Database Schema Design|TypeScript App,Intermediate,1
STU00127,Statistics|CSS Frameworks|NumPy|Python,Data Scientist,ML Classifier,Intermediate,0
STU02479,Webpack/Vite|React|Performance Optimization|Responsive Design|Testing (Jest/RTL)|State Management|TypeScript|HTML/CSS|CSS Frameworks|Git|JavaScript,Frontend Developer,REST API|Recommendation System|Feature Engineering Pipeline,Advanced,1
STU02006,Webpack/Vite|JavaScript|Message Queues|REST APIs,Frontend Developer,E-commerce Site,Beginner,0
STU00980,NLP|Python|Linux/Bash|REST APIs|Authentication/Security|Git,Backend Developer,Database Schema Design|ML Classifier|REST API,Intermediate,1
STU00190,SQL|ML Deployment|NumPy|Pandas,Data Scientist,Neural Network,Beginner,0
STU01139,SQL|Django/Flask/FastAPI|React|Webpack/Vite|Docker|Python|Linux/Bash|Microservices|Message Queues|Unit Testing,Backend Developer,,Intermediate,1
STU00992,Performance Optimization|CI/CD|REST APIs|Message Queues|Unit Testing,Backend Developer,,Beginner,0
STU00699,Django/Flask/FastAPI|CI/CD|Python|Linux/Bash|REST APIs|Statistics|Authentication/Security|Git|Docker,Backend Developer,Web Scraper|Data Dashboard,Advanced,1
STU00606,SQL|Django/Flask/FastAPI,Data Scientist,,Beginner,0
STU00180,SQL|React|A/B Testing|Responsive Design|Data Visualization|Pandas|Python|Machine Learning|ML Deployment|Scikit-learn|Statistics|NumPy|Deep Learning,Data Scientist,Mobile App Backend,Advanced,1
STU00301,SQL|Data Visualization|Pandas|Python|Machine Learning|Database Design|JavaScript,Data Scientist,Model Deployment API|Recommendation System|React Dashboard,Intermediate,1
STU01060,SQL|Webpack/Vite|Performance Optimization|Message Queues|Python|Linux/Bash|Microservices|REST APIs|Git|Docker,Backend Developer,Feature Engineering Pipeline,Advanced,1
STU02354,Webpack/Vite|State Management|TypeScript|HTML/CSS|Git|Message Queues|JavaScript,Frontend Developer,,Intermediate,0
STU02397,Webpack/Vite|SQL|Performance Optimization|Testing (Jest/RTL)|Accessibility (a11y)|TypeScript|REST APIs|HTML/CSS|JavaScript,Frontend Developer,Feature Engineering Pipeline,Intermediate,1
STU01069,SQL|Python|State Management|REST APIs|Authentication/Security|Git|Django/Flask/FastAPI|Unit Testing,Backend Developer,React Dashboard|Chatbot|Image Classifier,Advanced,1
STU02205,Webpack/Vite|React|Responsive Design|Testing (Jest/RTL)|Data Visualization|State Management|TypeScript|REST APIs|CSS Frameworks|Git|JavaScript,Frontend Developer,Docker Deployment|Image Classifier,Advanced,1
STU01243,SQL|NumPy|Linux/Bash|Model Optimization|REST APIs|Git,Backend Developer,,Beginner,0
STU00016,CSS Frameworks|Python,Data Scientist,,Beginner,0
STU02482,React|Webpack/Vite|Performance Optimization|Responsive Design|Feature Engineering|TypeScript|REST APIs|HTML/CSS|CSS Frameworks|JavaScript,Frontend Developer,TypeScript App|NLP Sentiment Analysis,Advanced,1
STU00546,Data Visualization|A/B Testing,Data Scientist,,Beginner,0
STU00658,SQL|Message Queues|Docker|CI/CD|Python|Linux/Bash|Microservices|REST APIs|Database Design|Authentication/Security|Git|Django/Flask/FastAPI,Backend Developer,NLP Sentiment Analysis|EDA Project,Advanced,1
STU02251,Performance Optimization|Testing (Jest/RTL)|Accessibility (a11y)|HTML/CSS|Git,Frontend Developer,Database Schema Design|A/B Test Analysis|Recommendation System,Intermediate,0
STU02281,React|Testing (Jest/RTL)|Accessibility (a11y)|State Management|Microservices|TypeScript|REST APIs|Git|Docker|JavaScript,Frontend Developer,,Advanced,1
STU01504,Performance Optimization|Scikit-learn|Microservices,ML Engineer,Portfolio Website|Model Deployment API,Beginner,0
STU00959,SQL|Performance Optimization|Git|Docker|MLOps|Unit Testing,Backend Developer,Image Classifier|EDA Project,Beginner,0
STU00797,Linux/Bash,Backend Developer,EDA Project|Recommendation System|Portfolio Website,Beginner,0
STU00225,SQL|Pandas|Python|Machine Learning|ML Deployment|Scikit-learn|CSS Frameworks|Deep Learning,Data Scientist,React Dashboard|Chatbot,Intermediate,1
STU02074,Testing (Jest/RTL)|Accessibility (a11y)|State Management|TypeScript|REST APIs|CSS Frameworks,Frontend Developer,Model Deployment API,Intermediate,0
STU01799,SQL|Pandas|Scikit-learn|Statistics|Authentication/Security,ML Engineer,Image Classifier,Beginner,1
STU02468,HTML/CSS|Performance Optimization|State Management,Frontend Developer,,Beginner,0
STU02085,Webpack/Vite|Linux/Bash|State Management|Microservices|TypeScript|REST APIs|HTML/CSS|Git,Frontend Developer,,Intermediate,0
STU01693,Feature Engineering|Python|Machine Learning|Statistics|Git|MLOps|Unit Testing,ML Engineer,Neural Network|React Dashboard|Mobile App Backend,Intermediate,1
STU01045,SQL|Django/Flask/FastAPI|Docker|CI/CD|Python|Microservices|REST APIs|Database Design|Authentication/Security|Git|Message Queues,Backend Developer,TypeScript App|Docker Deployment,Advanced,1
STU00469,Statistics|Scikit-learn,Data Scientist,Chatbot,Beginner,0
STU00954,SQL|Django/Flask/FastAPI|CI/CD|Python|Linux/Bash|Microservices|REST APIs|Database Design|Authentication/Security|Git|Docker,Backend Developer,Model Deployment API|Chatbot,Advanced,1
STU02478,React|Feature Engineering|State Management|REST APIs|HTML/CSS|CSS Frameworks|JavaScript,Frontend Developer,,Intermediate,1
STU00639,NLP|CI/CD|Linux/Bash|Microservices|Database Design|Authentication/Security|Docker|Unit Testing,Backend Developer,Recommendation System|Neural Network|Mobile App Backend,Intermediate,1
STU02316,Webpack/Vite|CI/CD|Testing (Jest/RTL)|Accessibility (a11y)|State Management|TypeScript|REST APIs|Database Design|CSS Frameworks|JavaScript,Frontend Developer,TypeScript App|Chatbot|Model Deployment API,Intermediate,1
STU01218,SQL|Django/Flask/FastAPI|Docker|Data Visualization|Python|Linux/Bash|Statistics|Microservices|REST APIs|Database Design|Message Queues|Unit Testing,Backend Developer,Data Dashboard|A/B Test Analysis|React Dashboard,Advanced,1
STU01158,Authentication/Security|Git|Python,Backend Developer,NLP Sentiment Analysis|Model Deployment API|Data Dashboard,Beginner,0
STU01415,Webpack/Vite|Pandas|Python|Scikit-learn|Statistics|NumPy|Docker,ML Engineer,Model Deployment API|React Dashboard,Advanced,1
STU02260,React|Webpack/Vite|Performance Optimization|Responsive Design|Testing (Jest/RTL)|Accessibility (a11y)|State Management|TypeScript|REST APIs|HTML/CSS|CSS Frameworks|MLOps|JavaScript,Frontend Developer,A/B Test Analysis|REST API,Advanced,1
STU01527,Pandas,ML Engineer,ML Classifier,Beginner,0
STU02460,React,Frontend Developer,,Beginner,0
STU01300,SQL|Docker|Machine Learning,ML Engineer,Data Dashboard|Recommendation System,Beginner,0
STU02390,React|Pandas|State Management|HTML/CSS|Docker|JavaScript,Frontend Developer,Feature Engineering Pipeline|Database Schema Design|Docker Deployment,Beginner,0
STU01603,Feature Engineering|Pandas|Python|Machine Learning|ML Deployment|Scikit-learn|Database Design|Statistics|NumPy|JavaScript,ML Engineer,,Intermediate,1
STU00160,Machine Learning|Feature Engineering,Data Scientist,Chatbot|Mobile App Backend,Beginner,0
STU01704,Pandas|Python|Model Optimization|Machine Learning|MLOps|Scikit-learn|TypeScript|Database Design|Statistics|Deep Learning,ML Engineer,React Dashboard,Intermediate,1
STU00956,Authentication/Security|Docker|Linux/Bash|Responsive Design,Backend Developer,Neural Network|Feature Engineering Pipeline|Data Dashboard,Intermediate,0
STU02430,React|Performance Optimization|Responsive Design|Accessibility (a11y)|TypeScript|REST APIs|HTML/CSS|CSS Frameworks|Git,Frontend Developer,Feature Engineering Pipeline|Image Classifier,Advanced,1
STU00877,SQL|CI/CD|Testing (Jest/RTL)|Python|Linux/Bash|Microservices|Database Design|Authentication/Security|Git|Docker|Unit Testing,Backend Developer,ML Classifier|Recommendation System,Advanced,1
STU01919,React|Performance Optimization|Responsive Design|Testing (Jest/RTL)|Accessibility (a11y)|State Management|TypeScript|REST APIs|HTML/CSS|Git|Deep Learning|JavaScript,Frontend Developer,ML Classifier,Advanced,1
STU01884,Docker|JavaScript,Frontend Developer,Mobile App Backend,Beginner,0
STU02200,Webpack/Vite|SQL|Performance Optimization|Responsive Design|Testing (Jest/RTL)|Statistics|CSS Frameworks|Git,Frontend Developer,Recommendation System|React Dashboard|Model Deployment API,Intermediate,1
STU00098,SQL|Pandas|Git|Machine Learning|ML Deployment|Statistics|NLP|NumPy|Deep Learning,Data Scientist,REST API,Intermediate,1
STU02360,Webpack/Vite|Responsive Design|Microservices|TypeScript|MLOps|JavaScript,Frontend Developer,,Intermediate,0
STU00253,Data Visualization|Scikit-learn|Machine Learning,Data Scientist,A/B Test Analysis|Chatbot|REST API,Intermediate,1
STU00103,Machine Learning|Performance Optimization|Scikit-learn|Python,Data Scientist,REST API|ML Classifier|Image Classifier,Beginner,1
STU01445,Feature Engineering|Model Optimization|Machine Learning|ML Deployment|NumPy|Docker,ML Engineer,E-commerce Site|Recommendation System|Docker Deployment,Intermediate,1
STU01443,Feature Engineering|ML Deployment|Microservices|Docker|MLOps,ML Engineer,Recommendation System|Image Classifier|Chatbot,Intermediate,1
STU01648,Machine Learning,ML Engineer,A/B Test Analysis|Docker Deployment,Beginner,0
STU00586,SQL|A/B Testing|Feature Engineering|Python|Machine Learning|Scikit-learn|Statistics|NLP|NumPy|Message Queues|Deep Learning,Data Scientist,Portfolio Website|EDA Project,Advanced,1
STU00627,Database Design|CSS Frameworks|NumPy,Backend Developer,Database Schema Design,Beginner,0
STU01696,Django/Flask/FastAPI|NumPy|Pandas|MLOps,ML Engineer,,Beginner,0
STU02101,Webpack/Vite|REST APIs,Frontend Developer,Web Scraper|Feature Engineering Pipeline|Portfolio Website,Beginner,0
STU02199,Unit Testing|REST APIs,Frontend Developer,ML Classifier|Docker Deployment,Beginner,0
STU00403,SQL|CSS Frameworks|Data Visualization|Feature Engineering|Python|MLOps|Scikit-learn|NLP|Deep Learning,Data Scientist,Recommendation System|NLP Sentiment Analysis,Intermediate,1
STU01154,SQL|CI/CD|Docker|NumPy|Python|Linux/Bash|Microservices|REST APIs|Database Design|Authentication/Security|Git|Django/Flask/FastAPI|Unit Testing,Backend Developer,Mobile App Backend,Advanced,1
STU02255,Webpack/Vite|Performance Optimization|Testing (Jest/RTL)|Python|State Management|ML Deployment|TypeScript|REST APIs|HTML/CSS|CSS Frameworks|Git|JavaScript,Frontend Developer,Feature Engineering Pipeline|REST API,Advanced,1
STU01682,Python|Machine Learning|Database Design|Statistics|Git|MLOps,ML Engineer,Web Scraper|A/B Test Analysis,Intermediate,0
STU02056,Responsive Design|Testing (Jest/RTL)|Scikit-learn|REST APIs|CSS Frameworks,Frontend Developer,Mobile App Backend|Database Schema Design|Recommendation System,Beginner,0
STU02373,Webpack/Vite|Responsive Design|Testing (Jest/RTL)|Accessibility (a11y)|Pandas|HTML/CSS|Git|JavaScript,Frontend Developer,Portfolio Website|Model Deployment API|Chatbot,Intermediate,1
STU00452,SQL|A/B Testing|Data Visualization|Pandas|Python|Feature Engineering|Machine Learning|ML Deployment|Scikit-learn|Statistics|NumPy|Deep Learning,Data Scientist,,Advanced,1
STU01327,ML Deployment|Deep Learning|MLOps|Model Optimization,ML Engineer,E-commerce Site|Feature Engineering Pipeline,Intermediate,1
STU02049,React|Webpack/Vite|Performance Optimization|Responsive Design|Microservices|REST APIs|HTML/CSS|Statistics,Frontend Developer,NLP Sentiment Analysis,Intermediate,0
STU00880,Django/Flask/FastAPI|NumPy|Microservices|Statistics|Database Design|Authentication/Security|Git|Docker|Unit Testing,Backend Developer,,Intermediate,1
STU02432,React|Responsive Design|CSS Frameworks|Git|Docker,Frontend Developer,E-commerce Site,Beginner,1
STU00623,Message Queues|Pandas,Data Scientist,,Beginner,0
STU02311,React|Webpack/Vite|Performance Optimization|Responsive Design|Testing (Jest/RTL)|Accessibility (a11y)|State Management|TypeScript|REST APIs|HTML/CSS|Statistics|CSS Frameworks|Git|JavaScript,Frontend Developer,Neural Network|ML Classifier|Docker Deployment,Advanced,1
STU01787,SQL|Accessibility (a11y)|Pandas|TypeScript|MLOps,ML Engineer,Portfolio Website|ML Classifier,Intermediate,1
STU00262,CSS Frameworks|Scikit-learn|Pandas,Data Scientist,REST API|Neural Network|A/B Test Analysis,Beginner,1
STU01634,Accessibility (a11y)|Feature Engineering|Pandas|Machine Learning|State Management|NumPy|Docker,ML Engineer,E-commerce Site|A/B Test Analysis|Data Dashboard,Intermediate,1
STU01438,A/B Testing|Feature Engineering|Python|Pandas|Git|Machine Learning|Statistics|NumPy|Docker|MLOps,ML Engineer,Database Schema Design,Advanced,1
STU02198,Model Optimization|State Management|REST APIs|Django/Flask/FastAPI|JavaScript,Frontend Developer,,Beginner,0
STU01969,React|Performance Optimization|CSS Frameworks,Frontend Developer,Chatbot|TypeScript App|Portfolio Website,Intermediate,1
STU01802,SQL|Feature Engineering|Python|Model Optimization|Pandas|Machine Learning|ML Deployment|Scikit-learn|Statistics|Deep Learning|Docker|MLOps,ML Engineer,TypeScript App|Data Dashboard,Advanced,1
STU00640,Microservices|Authentication/Security|Docker|Unit Testing,Backend Developer,ML Classifier|Mobile App Backend|Portfolio Website,Beginner,1
STU02458,React|Testing (Jest/RTL)|TypeScript|HTML/CSS|Git|Docker|Unit Testing,Frontend Developer,,Intermediate,0
STU01959,React|Performance Optimization|Testing (Jest/RTL)|Accessibility (a11y)|State Management|TypeScript|REST APIs|HTML/CSS|CSS Frameworks|Git|JavaScript,Frontend Developer,EDA Project|Database Schema Design|ML Classifier,Advanced,1
STU00488,Data Visualization|Pandas|Feature Engineering|Machine Learning|Scikit-learn|Statistics|NumPy|Deep Learning,Data Scientist,,Intermediate,1
STU01843,Feature Engineering|NumPy|Model Optimization|Python|Scikit-learn|Deep Learning|Docker|MLOps,ML Engineer,EDA Project,Advanced,1
STU01734,Accessibility (a11y)|Model Optimization|Machine Learning|ML Deployment|Scikit-learn,ML Engineer,Portfolio Website|Feature Engineering Pipeline|NLP Sentiment Analysis,Intermediate,1
STU00146,SQL|Accessibility (a11y)|Feature Engineering|Python|ML Deployment|Scikit-learn|Statistics,Data Scientist,,Advanced,1
STU01534,Statistics|Scikit-learn|Docker,ML Engineer,Web Scraper|Model Deployment API|A/B Test Analysis,Intermediate,1
STU01986,React|Performance Optimization|MLOps|JavaScript,Frontend Developer,,Beginner,0
STU01369,Python|NumPy|Docker|MLOps,ML Engineer,,Beginner,0
STU02447,Responsive Design|Testing (Jest/RTL)|State Management|REST APIs|NLP,Frontend Developer,A/B Test Analysis|ML Classifier|Feature Engineering Pipeline,Intermediate,0
STU00659,Pandas|Python|Microservices|Django/Flask/FastAPI|Deep Learning,Backend Developer,,Intermediate,0
STU01794,Webpack/Vite|Feature Engineering|Pandas|Scikit-learn|CSS Frameworks,ML Engineer,Database Schema Design,Beginner,0
STU00186,A/B Testing|Scikit-learn|Statistics|NLP|NumPy|Docker|Deep Learning|Authentication/Security,Data Scientist,Feature Engineering Pipeline,Intermediate,1
STU01147,Message Queues|Docker|Python|Microservices|REST APIs|Database Design|Authentication/Security|Git|Django/Flask/FastAPI,Backend Developer,,Advanced,1
STU00608,Testing (Jest/RTL)|Feature Engineering|Scikit-learn|REST APIs|Statistics,Data Scientist,E-commerce Site|Model Deployment API|Data Dashboard,Beginner,1
STU02191,React|Responsive Design|State Management|TypeScript|REST APIs|HTML/CSS|Message Queues|JavaScript,Frontend Developer,,Intermediate,1
STU01930,React|Testing (Jest/RTL)|Pandas|Statistics|Git,Frontend Developer,Database Schema Design|TypeScript App,Beginner,0
STU00197,SQL|NumPy|Pandas|Git|Deep Learning,Data Scientist,,Intermediate,0
STU00293,SQL|Statistics|Scikit-learn,Data Scientist,React Dashboard,Intermediate,0
STU00766,Django/Flask/FastAPI|CI/CD|Accessibility (a11y)|Python|Microservices|Database Design|Authentication/Security|Docker|Unit Testing,Backend Developer,Neural Network|Data Dashboard|E-commerce Site,Intermediate,1
STU00400,Testing (Jest/RTL)|Django/Flask/FastAPI|Pandas,Data Scientist,Chatbot|Recommendation System|ML Classifier,Beginner,1
STU00122,Feature Engineering|A/B Testing|Linux/Bash|JavaScript,Data Scientist,Image Classifier,Beginner,1
STU00202,Data Visualization|Feature Engineering|Statistics|NLP|Django/Flask/FastAPI,Data Scientist,REST API|A/B Test Analysis|Model Deployment API,Beginner,1
STU00835,Database Design|Authentication/Security|Git|Unit Testing,Backend Developer,TypeScript App|Neural Network|Database Schema Design,Beginner,1
STU02294,React|Accessibility (a11y)|Performance Optimization,Frontend Developer,Web Scraper|E-commerce Site|Docker Deployment,Beginner,0
STU01439,MLOps|Scikit-learn|Feature Engineering|Python,ML Engineer,Web Scraper,Beginner,0
STU01733,SQL|Feature Engineering|Python|Model Optimization|Machine Learning|ML Deployment|Scikit-learn|Statistics|NumPy|Docker|MLOps,ML Engineer,,Advanced,1
STU01695,Pandas|Machine Learning|Scikit-learn|Statistics|Deep Learning,ML Engineer,React Dashboard|Mobile App Backend,Intermediate,1
STU01707,SQL|Deep Learning|Python|Model Optimization|Linux/Bash|Machine Learning|Scikit-learn|Statistics|NumPy|Docker|MLOps,ML Engineer,,Advanced,1
STU02428,Responsive Design,Frontend Developer,,Beginner,0
STU01153,Django/Flask/FastAPI|Message Queues|A/B Testing|CI/CD|Python|Linux/Bash|REST APIs|Database Design|Authentication/Security|Git|Docker|Unit Testing,Backend Developer,Database Schema Design,Advanced,1
STU01661,MLOps|Pandas|Python,ML Engineer,EDA Project,Intermediate,0
STU01759,SQL|CI/CD|Machine Learning|ML Deployment|Microservices,ML Engineer,ML Classifier,Beginner,1
STU00854,Webpack/Vite|Linux/Bash|Statistics|Microservices|REST APIs|Database Design|Authentication/Security|Git|Django/Flask/FastAPI|Unit Testing,Backend Developer,TypeScript App|Chatbot|Model Deployment API,Intermediate,1
STU01589,SQL|React|Feature Engineering|Pandas|Scikit-learn|Statistics|Unit Testing,ML Engineer,Chatbot|Neural Network|React Dashboard,Intermediate,1
STU02267,React|Feature Engineering|Docker,Frontend Developer,Docker Deployment|Web Scraper|A/B Test Analysis,Beginner,0
STU00641,Authentication/Security|Git|MLOps|Linux/Bash,Backend Developer,,Intermediate,0
STU00001,SQL|Machine Learning,Data Scientist,,Beginner,0
STU02160,Webpack/Vite|Accessibility (a11y)|TypeScript|SQL,Frontend Developer,Web Scraper|REST API|Feature Engineering Pipeline,Intermediate,0
STU00698,Linux/Bash|CSS Frameworks|CI/CD,Backend Developer,EDA Project,Beginner,0
STU01636,Webpack/Vite|State Management|Docker,ML Engineer,,Beginner,0
STU01291,Machine Learning|Statistics|ML Deployment|SQL,ML Engineer,TypeScript App|Recommendation System|EDA Project,Intermediate,1
STU02382,React|Performance Optimization|Accessibility (a11y)|CSS Frameworks|JavaScript,Frontend Developer,Web Scraper,Intermediate,0
STU01520,SQL|Testing (Jest/RTL)|Python|Model Optimization|Statistics|CSS Frameworks|Deep Learning,ML Engineer,Feature Engineering Pipeline|Data Dashboard|Mobile App Backend,Intermediate,1
STU01853,SQL|Feature Engineering|Python|Model Optimization|Pandas|Machine Learning|ML Deployment|Scikit-learn|MLOps|HTML/CSS|Statistics|Docker|Deep Learning|Unit Testing,ML Engineer,TypeScript App|Image Classifier|E-commerce Site,Advanced,1
STU01136,SQL|CI/CD|Docker|Accessibility (a11y)|Python|Microservices|REST APIs|Authentication/Security|Git|Message Queues|Unit Testing,Backend Developer,,Advanced,1
STU02415,Database Design|Accessibility (a11y)|TypeScript,Frontend Developer,Neural Network|NLP Sentiment Analysis|Docker Deployment,Beginner,0
STU01631,SQL|Feature Engineering|Python|ML Deployment|Scikit-learn|NLP|NumPy|Docker|Deep Learning|Unit Testing,ML Engineer,,Intermediate,1
STU01998,Webpack/Vite|Responsive Design|CI/CD|Accessibility (a11y)|HTML/CSS|JavaScript,Frontend Developer,React Dashboard,Intermediate,1
STU00663,CI/CD|Python|REST APIs|Database Design|Authentication/Security|Git|Docker,Backend Developer,ML Classifier|EDA Project,Intermediate,1
STU00683,CI/CD|Microservices|Authentication/Security|Django/Flask/FastAPI|JavaScript,Backend Developer,,Beginner,0
STU01257,Message Queues|Python|ML Deployment|Scikit-learn|REST APIs|Statistics|NumPy|Docker|Deep Learning,ML Engineer,,Intermediate,1
STU00317,SQL|ML Deployment|Scikit-learn|Database Design|Statistics|MLOps,Data Scientist,E-commerce Site,Beginner,0
STU00648,Testing (Jest/RTL)|CI/CD|REST APIs,Backend Developer,A/B Test Analysis,Beginner,0
STU01434,Pandas|Machine Learning|ML Deployment|MLOps|Database Design|Deep Learning,ML Engineer,ML Classifier|Mobile App Backend,Intermediate,1
STU01479,SQL|Message Queues|Python|Machine Learning|ML Deployment|Scikit-learn|TypeScript|Statistics|NumPy|Docker,ML Engineer,TypeScript App,Intermediate,1
STU00709,Database Design|Message Queues|Linux/Bash,Backend Developer,Model Deployment API,Beginner,0
STU01282,Scikit-learn|Python|Model Optimization,ML Engineer,Web Scraper,Intermediate,0
STU01768,ML Deployment|Deep Learning|Model Optimization,ML Engineer,,Beginner,0
STU00972,SQL|Django/Flask/FastAPI|Message Queues|CI/CD|NumPy|Python|Linux/Bash|Microservices|REST APIs|Authentication/Security|Git|Docker|Unit Testing,Backend Developer,Mobile App Backend|Docker Deployment,Advanced,1
STU01306,Responsive Design|Testing (Jest/RTL)|Pandas|ML Deployment|Scikit-learn|Docker,ML Engineer,,Beginner,0
STU01400,Pandas|Python|Model Optimization|Feature Engineering|Machine Learning|ML Deployment|NumPy,ML Engineer,Web Scraper|ML Classifier|React Dashboard,Advanced,1
STU01408,Python|Machine Learning|Scikit-learn|TypeScript|MLOps,ML Engineer,Data Dashboard,Beginner,0
STU02237,Performance Optimization|Responsive Design|Accessibility (a11y)|Feature Engineering|Machine Learning|REST APIs|HTML/CSS|CSS Frameworks|Git|JavaScript,Frontend Developer,Recommendation System|E-commerce Site|Neural Network,Intermediate,1
STU01496,Feature Engineering|Pandas|Model Optimization|Machine Learning|ML Deployment|MLOps|Database Design|Statistics|Deep Learning,ML Engineer,,Intermediate,1
STU02038,Performance Optimization|Responsive Design|Deep Learning|MLOps|JavaScript,Frontend Developer,Image Classifier|EDA Project|TypeScript App,Intermediate,1
STU01529,Machine Learning|Feature Engineering|Python,ML Engineer,REST API|Data Dashboard|Database Schema Design,Intermediate,0
STU01663,Message Queues|Pandas|Model Optimization|NumPy|Docker|MLOps|Unit Testing,ML Engineer,Model Deployment API|EDA Project|Database Schema Design,Intermediate,1
STU01354,Pandas|Python|Machine Learning|ML Deployment|NumPy|Django/Flask/FastAPI,ML Engineer,,Intermediate,0
STU02438,Webpack/Vite|Responsive Design|Testing (Jest/RTL)|State Management|TypeScript|CSS Frameworks|Git,Frontend Developer,A/B Test Analysis|TypeScript App,Intermediate,1
STU02454,React|Webpack/Vite|Accessibility (a11y)|HTML/CSS,Frontend Developer,Neural Network|React Dashboard,Intermediate,1
STU01643,Feature Engineering|Scikit-learn|REST APIs|Statistics|MLOps,ML Engineer,Image Classifier|ML Classifier,Beginner,1
STU01051,Django/Flask/FastAPI|Message Queues|Python|Linux/Bash|REST APIs|CSS Frameworks|Docker,Backend Developer,NLP Sentiment Analysis|Data Dashboard,Intermediate,1
STU00795,SQL|Testing (Jest/RTL)|Python|Linux/Bash|Microservices|Authentication/Security|Git|JavaScript,Backend Developer,Docker Deployment|Image Classifier,Advanced,1
STU01597,SQL|Feature Engineering|Python|Machine Learning|ML Deployment|NLP|Docker|MLOps,ML Engineer,A/B Test Analysis|Image Classifier,Intermediate,1
STU01819,SQL|Pandas|Model Optimization|Machine Learning|ML Deployment|Scikit-learn|MLOps|Statistics|NLP|NumPy|Docker|Deep Learning,ML Engineer,REST API|Portfolio Website,Advanced,1
STU01722,Performance Optimization|Scikit-learn|Database Design|NumPy|Deep Learning,ML Engineer,ML Classifier|Docker Deployment|Portfolio Website,Intermediate,1
STU01183,CI/CD|Docker|Pandas|REST APIs|Git|Message Queues|Unit Testing,Backend Developer,,Intermediate,0
STU01059,Message Queues|Django/Flask/FastAPI|CI/CD|JavaScript,Backend Developer,A/B Test Analysis,Beginner,0
STU00540,Responsive Design|Machine Learning|ML Deployment|Statistics|Deep Learning,Data Scientist,,Beginner,0
STU01678,SQL|Feature Engineering|Python|Pandas|Model Optimization|Machine Learning|ML Deployment|Scikit-learn|Statistics|NumPy|Docker|MLOps,ML Engineer,Model Deployment API|Mobile App Backend,Advanced,1
STU02406,Performance Optimization|Responsive Design|Testing (Jest/RTL)|TypeScript|CSS Frameworks|Git,Frontend Developer,,Intermediate,0
STU01757,SQL|Performance Optimization|Feature Engineering|Python|NumPy|Docker|MLOps,ML Engineer,,Intermediate,0
STU01923,Webpack/Vite|CSS Frameworks|Git,Frontend Developer,Chatbot,Beginner,0
STU00095,SQL|A/B Testing|Data Visualization|Pandas|Python|Feature Engineering|Machine Learning|Scikit-learn|Microservices|TypeScript|Statistics|NumPy|Deep Learning,Data Scientist,Feature Engineering Pipeline|Neural Network,Advanced,1
STU01020,Docker|Data Visualization|Python|Linux/Bash|Microservices|Authentication/Security|Git|Django/Flask/FastAPI,Backend Developer,Model Deployment API|Image Classifier|React Dashboard,Advanced,1
STU00563,SQL|A/B Testing|Data Visualization|Pandas|Feature Engineering|Python|Machine Learning|ML Deployment|Statistics|NumPy,Data Scientist,,Advanced,1
STU00863,SQL|Django/Flask/FastAPI|React|Message Queues|CI/CD|REST APIs|Database Design|Git|Docker|Unit Testing,Backend Developer,ML Classifier|Portfolio Website|Docker Deployment,Advanced,1
STU01484,Webpack/Vite|Deep Learning|Python|Model Optimization,ML Engineer,,Beginner,0
STU01881,Responsive Design|Machine Learning|State Management|HTML/CSS|Git|Deep Learning,Frontend Developer,,Intermediate,0
STU01038,CI/CD|Docker|Python|Linux/Bash|Scikit-learn|REST APIs|Statistics|Git|Django/Flask/FastAPI,Backend Developer,Chatbot|Docker Deployment|Model Deployment API,Intermediate,1
STU00206,SQL|Feature Engineering|Pandas|Machine Learning|ML Deployment|Statistics|NumPy,Data Scientist,React Dashboard,Advanced,1
STU00392,Feature Engineering|Pandas|Python|Statistics|NumPy,Data Scientist,TypeScript App,Intermediate,0
STU00870,SQL|NLP|CI/CD|Authentication/Security|NumPy,Backend Developer,A/B Test Analysis|Portfolio Website,Beginner,0
STU00397,Feature Engineering|Machine Learning|Scikit-learn|TypeScript|Database Design|Statistics,Data Scientist,,Beginner,0
STU02400,Testing (Jest/RTL)|Statistics|State Management,Frontend Developer,E-commerce Site|REST API|A/B Test Analysis,Beginner,1
STU01028,SQL|React|Python|Linux/Bash|REST APIs|CSS Frameworks,Backend Developer,,Beginner,0
STU01485,Testing (Jest/RTL)|Pandas|Python|Machine Learning|ML Deployment|Scikit-learn|HTML/CSS|Statistics|Docker|Deep Learning,ML Engineer,Chatbot,Intermediate,1
STU00960,SQL|Performance Optimization|Linux/Bash|REST APIs|NLP,Backend Developer,REST API|Chatbot|Mobile App Backend,Beginner,0
STU01570,SQL|Pandas|Feature Engineering|ML Deployment|Scikit-learn|NumPy|Docker|MLOps,ML Engineer,A/B Test Analysis,Advanced,1
STU01895,Testing (Jest/RTL)|State Management|Responsive Design,Frontend Developer,,Beginner,0
STU02146,Webpack/Vite|React|Performance Optimization|Responsive Design|Accessibility (a11y)|Machine Learning|State Management|HTML/CSS|CSS Frameworks|Django/Flask/FastAPI,Frontend Developer,A/B Test Analysis|EDA Project|Recommendation System,Intermediate,1
STU00804,SQL|CI/CD|Responsive Design|Microservices|REST APIs|Database Design|Authentication/Security|Git|Unit Testing,Backend Developer,Data Dashboard|ML Classifier,Intermediate,1
STU01751,SQL|Python|Machine Learning|ML Deployment|REST APIs|Statistics|NumPy|Docker|Deep Learning,ML Engineer,,Advanced,1
STU00502,A/B Testing|Pandas|Machine Learning|ML Deployment|Deep Learning,Data Scientist,REST API|Data Dashboard|Database Schema Design,Intermediate,1
STU00779,TypeScript|REST APIs,Backend Developer,,Beginner,0
STU01863,Python|NumPy|Message Queues|Deep Learning|Unit Testing,ML Engineer,Model Deployment API|EDA Project,Beginner,1
STU00200,SQL|Data Visualization|Feature Engineering|NLP|Django/Flask/FastAPI,Data Scientist,REST API,Beginner,0
STU02182,Performance Optimization|Responsive Design|Testing (Jest/RTL)|Accessibility (a11y)|State Management|Microservices|TypeScript|REST APIs|CSS Frameworks|JavaScript,Frontend Developer,REST API,Advanced,1
STU02088,Webpack/Vite|React|SQL|Testing (Jest/RTL)|TypeScript|REST APIs|CSS Frameworks|Git|JavaScript,Frontend Developer,,Intermediate,1
STU02278,Git|Docker,Frontend Developer,Database Schema Design|Docker Deployment|Neural Network,Beginner,0
STU01796,NumPy|Docker,ML Engineer,NLP Sentiment Analysis,Beginner,0
STU00378,Feature Engineering|Pandas|ML Deployment|NumPy|Deep Learning,Data Scientist,Image Classifier|Docker Deployment|E-commerce Site,Intermediate,1
STU02336,React|Webpack/Vite|Performance Optimization|Responsive Design|Testing (Jest/RTL)|Accessibility (a11y)|TypeScript|REST APIs|HTML/CSS|CSS Frameworks|Git|JavaScript,Frontend Developer,TypeScript App,Advanced,1
STU00418,SQL|A/B Testing|Data Visualization|Feature Engineering|Pandas|Machine Learning|Scikit-learn|Database Design|Statistics|Authentication/Security,Data Scientist,,Intermediate,1
STU01698,SQL|Webpack/Vite|Deep Learning|Performance Optimization|Pandas|Python|Model Optimization|Machine Learning|ML Deployment|Scikit-learn|NumPy|Docker|MLOps,ML Engineer,Image Classifier|REST API,Advanced,1
STU00391,SQL|ML Deployment|NumPy,Data Scientist,Data Dashboard|Mobile App Backend,Intermediate,0
STU01522,Responsive Design|Feature Engineering|Python|Model Optimization|Machine Learning|Statistics|Deep Learning,ML Engineer,NLP Sentiment Analysis|Recommendation System,Advanced,1
STU01162,Webpack/Vite|Feature Engineering|Python|Git|Django/Flask/FastAPI,Backend Developer,Database Schema Design|Feature Engineering Pipeline|Web Scraper,Beginner,1
STU01495,Machine Learning|ML Deployment|Django/Flask/FastAPI|SQL,ML Engineer,ML Classifier|Model Deployment API|Feature Engineering Pipeline,Intermediate,1
STU02027,Webpack/Vite|Performance Optimization|Responsive Design|Testing (Jest/RTL)|Python|State Management|TypeScript|HTML/CSS|CSS Frameworks|JavaScript,Frontend Developer,Data Dashboard|NLP Sentiment Analysis,Advanced,1
STU01152,SQL|React|Python|State Management|Authentication/Security|Git|Message Queues|Unit Testing,Backend Developer,,Advanced,1
STU01367,ML Deployment|Scikit-learn|Model Optimization|State Management,ML Engineer,Recommendation System|Portfolio Website|Docker Deployment,Beginner,1
STU00064,SQL|A/B Testing|Data Visualization|Feature Engineering|Python|Pandas|Machine Learning|ML Deployment|Scikit-learn|Statistics|NLP|NumPy|Deep Learning,Data Scientist,,Advanced,1
STU02062,Git|Message Queues|Unit Testing|JavaScript,Frontend Developer,,Beginner,0
STU01180,Linux/Bash|Unit Testing,Backend Developer,Neural Network,Beginner,0
STU00492,Data Visualization|ML Deployment|State Management|REST APIs|NLP|NumPy,Data Scientist,Feature Engineering Pipeline|Neural Network|Image Classifier,Intermediate,1
STU00379,SQL|A/B Testing|Accessibility (a11y)|Feature Engineering|Python|ML Deployment|TypeScript|Statistics,Data Scientist,Neural Network,Advanced,1
STU02235,React|Webpack/Vite|Performance Optimization|Responsive Design|Accessibility (a11y)|State Management|TypeScript|REST APIs|HTML/CSS|CSS Frameworks,Frontend Developer,,Advanced,1
STU00763,SQL|CI/CD|NumPy|Linux/Bash|Microservices|REST APIs|Git|Django/Flask/FastAPI|MLOps|Unit Testing,Backend Developer,Feature Engineering Pipeline,Advanced,1
STU02264,Webpack/Vite|React|Performance Optimization|A/B Testing|Responsive Design|Testing (Jest/RTL)|Accessibility (a11y)|HTML/CSS|CSS Frameworks|Git|JavaScript,Frontend Developer,Mobile App Backend,Advanced,1
STU00791,Testing (Jest/RTL)|Pandas|Python|Database Design|Authentication/Security|Git,Backend Developer,TypeScript App|Database Schema Design|ML Classifier,Intermediate,0
STU01076,Webpack/Vite|Python|Linux/Bash|Microservices|REST APIs|HTML/CSS|Git|Docker|Unit Testing,Backend Developer,Portfolio Website|TypeScript App,Intermediate,1
STU00878,SQL|CI/CD|TypeScript|REST APIs|Docker,Backend Developer,Neural Network|E-commerce Site,Intermediate,0
STU00337,Data Visualization|Pandas|Machine Learning,Data Scientist,Image Classifier|Chatbot|Model Deployment API,Beginner,1
STU02343,React|Webpack/Vite|Testing (Jest/RTL)|Accessibility (a11y)|ML Deployment|REST APIs|HTML/CSS|JavaScript,Frontend Developer,E-commerce Site,Intermediate,1
STU01016,SQL|Message Queues|CI/CD|Docker|NumPy|Python|Linux/Bash|Microservices|REST APIs|Database Design|Authentication/Security|Git|Django/Flask/FastAPI|Unit Testing,Backend Developer,NLP Sentiment Analysis|Web Scraper,Advanced,1
STU01275,SQL|Feature Engineering|Pandas|Linux/Bash|MLOps|ML Deployment|Statistics|Deep Learning,ML Engineer,REST API|Portfolio Website,Intermediate,1
STU00455,SQL|A/B Testing|Data Visualization|Testing (Jest/RTL)|Feature Engineering|Python|Machine Learning|HTML/CSS,Data Scientist,Image Classifier,Advanced,1
STU00815,CI/CD|Microservices|Statistics|Django/Flask/FastAPI|Deep Learning,Backend Developer,Neural Network|E-commerce Site,Intermediate,0
STU02317,React|Performance Optimization|Message Queues|Responsive Design|Accessibility (a11y)|REST APIs|HTML/CSS|Git|Docker|JavaScript,Frontend Developer,REST API,Intermediate,1
STU00995,SQL|Python|Linux/Bash|REST APIs|Authentication/Security|Git|Docker|Unit Testing,Backend Developer,,Advanced,1
STU01981,HTML/CSS|Git|Responsive Design,Frontend Developer,Data Dashboard|TypeScript App,Beginner,0
STU00201,SQL|NLP|Pandas,Data Scientist,,Intermediate,0
STU00161,SQL|Responsive Design|Data Visualization|ML Deployment|Scikit-learn|MLOps|Statistics|Deep Learning,Data Scientist,,Advanced,0
STU01579,Pandas|Python|Feature Engineering|Machine Learning|ML Deployment|Scikit-learn|Statistics|NumPy|Docker|MLOps,ML Engineer,Neural Network|REST API|EDA Project,Advanced,1
STU00702,SQL|A/B Testing|CI/CD|Python|Linux/Bash|Microservices|CSS Frameworks|Git|Django/Flask/FastAPI|Unit Testing,Backend Developer,Recommendation System,Intermediate,1
STU01500,ML Deployment|Deep Learning|Feature Engineering|MLOps,ML Engineer,Mobile App Backend|REST API,Beginner,0
STU01129,Python|Model Optimization|Microservices|REST APIs|CSS Frameworks|Git|Message Queues|Unit Testing,Backend Developer,,Advanced,1
STU01021,Django/Flask/FastAPI|Message Queues|CI/CD|Python|Linux/Bash|Microservices|REST APIs|Docker|Unit Testing,Backend Developer,REST API|Docker Deployment|ML Classifier,Advanced,1
STU01585,SQL|CI/CD|NumPy|Python|Model Optimization|Machine Learning|HTML/CSS|Statistics|Deep Learning|MLOps,ML Engineer,,Intermediate,1
STU01955,Data Visualization|REST APIs,Frontend Developer,Docker Deployment,Beginner,0
STU02253,Data Visualization|MLOps|REST APIs,Frontend Developer,,Beginner,0
STU00034,NLP|NumPy|Deep Learning,Data Scientist,Image Classifier|Recommendation System|E-commerce Site,Beginner,1
STU00775,Responsive Design|Python|Scikit-learn|Microservices|Database Design,Backend Developer,Neural Network,Beginner,0
STU01478,Feature Engineering|Model Optimization|Machine Learning|NumPy|Docker,ML Engineer,REST API,Intermediate,1
STU01390,Statistics,ML Engineer,REST API,Beginner,0
STU02139,State Management|NumPy|TypeScript,Frontend Developer,React Dashboard|NLP Sentiment Analysis|EDA Project,Beginner,0
STU01363,SQL|Pandas|Python|Model Optimization|Feature Engineering|Machine Learning|ML Deployment|Scikit-learn|MLOps|Statistics|NumPy|Docker|Deep Learning,ML Engineer,ML Classifier|Docker Deployment|Image Classifier,Advanced,1
STU02041,Performance Optimization|Responsive Design|Feature Engineering|TypeScript|JavaScript,Frontend Developer,Portfolio Website,Beginner,0
STU00241,CSS Frameworks|Data Visualization|Pandas|Python|Machine Learning|HTML/CSS|Statistics|NLP|NumPy,Data Scientist,NLP Sentiment Analysis|Neural Network,Advanced,1
STU02061,HTML/CSS,Frontend Developer,,Beginner,0
STU02363,Performance Optimization|Responsive Design|Testing (Jest/RTL)|Accessibility (a11y)|NumPy|Scikit-learn|CSS Frameworks|Git|JavaScript,Frontend Developer,REST API|Feature Engineering Pipeline,Intermediate,1
STU00600,SQL|Data Visualization|Feature Engineering|Pandas|Machine Learning|State Management|Statistics|Authentication/Security|Deep Learning,Data Scientist,Mobile App Backend|REST API,Intermediate,1
STU02435,Data Visualization|Statistics|Responsive Design,Frontend Developer,Chatbot|React Dashboard,Beginner,0
STU01297,SQL|Performance Optimization|Python|Model Optimization|Machine Learning|MLOps|ML Deployment|Scikit-learn|HTML/CSS|Statistics|NumPy|Docker|Deep Learning,ML Engineer,Image Classifier|E-commerce Site|Chatbot,Advanced,1
STU02214,Webpack/Vite|Performance Optimization|Responsive Design|Data Visualization|State Management|HTML/CSS|CSS Frameworks|Git|JavaScript,Frontend Developer,Mobile App Backend|Recommendation System|TypeScript App,Intermediate,1
STU02068,Webpack/Vite|Testing (Jest/RTL)|TypeScript|HTML/CSS|Git,Frontend Developer,TypeScript App|Recommendation System,Intermediate,1
STU00646,Django/Flask/FastAPI|Docker|Feature Engineering|NLP|Message Queues,Backend Developer,,Beginner,0
STU01528,SQL|Performance Optimization|Pandas|Machine Learning|Django/Flask/FastAPI,ML Engineer,Feature Engineering Pipeline,Beginner,1
STU01267,Feature Engineering|Linux/Bash|Machine Learning|ML Deployment|REST APIs,ML Engineer,Feature Engineering Pipeline,Beginner,1
STU01899,State Management|Accessibility (a11y),Frontend Developer,TypeScript App|Data Dashboard,Beginner,0
STU00562,SQL|Pandas|Python|Machine Learning|Scikit-learn|TypeScript|Statistics|NLP|Deep Learning|Authentication/Security,Data Scientist,,Intermediate,1
STU00189,SQL|Data Visualization|Pandas|Feature Engineering|ML Deployment|Scikit-learn|Statistics|CSS Frameworks|NumPy,Data Scientist,Neural Network,Intermediate,1
STU01806,SQL|Testing (Jest/RTL)|Accessibility (a11y)|Pandas|Python|Machine Learning|ML Deployment|MLOps|Scikit-learn|Statistics|Docker|Deep Learning,ML Engineer,Data Dashboard|Chatbot,Advanced,1
STU00975,CI/CD|Accessibility (a11y)|REST APIs|Database Design|NLP|Git,Backend Developer,,Beginner,0
STU02047,Testing (Jest/RTL)|Git|TypeScript|HTML/CSS,Frontend Developer,,Intermediate,0
STU01082,SQL|Performance Optimization|CI/CD|Feature Engineering|Linux/Bash|Microservices|REST APIs|Authentication/Security|Git,Backend Developer,Portfolio Website,Advanced,1
STU00474,SQL|Webpack/Vite|Feature Engineering|Python|Scikit-learn|Database Design|Deep Learning,Data Scientist,,Intermediate,0
STU00747,CSS Frameworks|Docker,Backend Developer,,Beginner,0
STU02300,Webpack/Vite|Git,Frontend Developer,React Dashboard|EDA Project|Chatbot,Beginner,0
STU00021,SQL|Feature Engineering|Python|Pandas|Machine Learning|ML Deployment|Scikit-learn|Statistics|Deep Learning,Data Scientist,,Advanced,1
STU00459,Testing (Jest/RTL)|NumPy|Microservices|A/B Testing,Data Scientist,TypeScript App,Beginner,0
STU01184,State Management|Git|Docker|Unit Testing,Backend Developer,E-commerce Site|Docker Deployment,Beginner,0
STU02324,React|Performance Optimization|NumPy|State Management|Scikit-learn|CSS Frameworks|Git|JavaScript,Frontend Developer,Feature Engineering Pipeline|Chatbot,Intermediate,0
STU00955,SQL|CI/CD|Responsive Design|Testing (Jest/RTL)|Python|Linux/Bash|Microservices|REST APIs|Django/Flask/FastAPI|Unit Testing,Backend Developer,Web Scraper|NLP Sentiment Analysis|REST API,Intermediate,1
STU01215,Accessibility (a11y)|CI/CD,Backend Developer,Neural Network,Beginner,0
STU02433,Responsive Design|Testing (Jest/RTL)|State Management|REST APIs|HTML/CSS|CSS Frameworks|Git|Authentication/Security,Frontend Developer,Mobile App Backend|TypeScript App,Intermediate,1
STU01515,Feature Engineering|Python|Database Design|NumPy|MLOps,ML Engineer,Feature Engineering Pipeline|Chatbot,Beginner,1
STU02391,Webpack/Vite|State Management|Linux/Bash|Responsive Design,Frontend Developer,E-commerce Site,Intermediate,1
STU00769,SQL|Message Queues|Python,Backend Developer,,Beginner,0
STU01685,Testing (Jest/RTL)|NumPy|Feature Engineering|Pandas,ML Engineer,Model Deployment API,Beginner,0
STU00130,A/B Testing|Data Visualization|Pandas|Python|Feature Engineering|Machine Learning|Scikit-learn|Deep Learning,Data Scientist,Web Scraper,Advanced,1
STU02135,REST APIs|State Management|Git|JavaScript,Frontend Developer,,Intermediate,0
STU01482,Data Visualization|Pandas|Feature Engineering|Machine Learning|ML Deployment|MLOps|Deep Learning,ML Engineer,,Intermediate,1
STU00330,NumPy|Deep Learning,Data Scientist,Data Dashboard|NLP Sentiment Analysis|Recommendation System,Beginner,1
STU01238,Django/Flask/FastAPI|Docker|Python|REST APIs,Backend Developer,Data Dashboard,Beginner,0
STU00466,SQL|Data Visualization|Python|Linux/Bash|Scikit-learn|CSS Frameworks|NumPy,Data Scientist,Mobile App Backend|E-commerce Site,Intermediate,0
STU02169,React|Webpack/Vite|Responsive Design|Testing (Jest/RTL)|Accessibility (a11y)|State Management|TypeScript|HTML/CSS|CSS Frameworks|JavaScript,Frontend Developer,,Advanced,1
STU01638,Webpack/Vite|Pandas|Python|Machine Learning|ML Deployment|Scikit-learn|State Management|Docker|Deep Learning,ML Engineer,,Advanced,1
STU01095,Webpack/Vite|Docker|Pandas|Python|Git|Message Queues,Backend Developer,Recommendation System,Beginner,0
STU01130,Webpack/Vite|CI/CD|Docker|Python|Database Design|Authentication/Security|Git|Django/Flask/FastAPI|Unit Testing,Backend Developer,Model Deployment API,Intermediate,1
STU01294,SQL|Feature Engineering|Pandas|Python|Model Optimization|Machine Learning|ML Deployment|Scikit-learn|Statistics|NumPy|Docker|Deep Learning,ML Engineer,,Advanced,1
STU00860,SQL|Database Design|Git|Docker|Deep Learning|JavaScript,Backend Developer,E-commerce Site|Recommendation System|Image Classifier,Beginner,0
